supplier_id,item_category,unit_cost,order_quantity,lead_time_days,historical_defect_rate,supplier_delay_score,esg_compliance,market_price_index,expected_cost,expected_delay,expected_defect_rate,procure_now,supply_risk_index
S3,Office,85.87,34,1,0.0700624358162301,0.8896090273156472,1,0.9283238028011783,3032.17,2,0.10051333057390606,0,0.5619270042771144
S4,Office,50.13,4,2,0.022419069883939893,0.6331075413988398,0,0.8487089086577831,1829.73,3,0.052072854026154504,0,0.40087596009020016
S1,Office,73.77,18,7,0.062172661530888185,0.6290303313512473,0,1.1318176647247906,4348.95,2,0.09915605652813816,0,0.44606999727001484
S3,Office,75.87,4,8,0.058973761255620316,0.1424426338324355,1,0.9011207465788492,3853.71,7,0.1296400090756228,1,0.1603005658190045
S3,Office,25.66,20,12,0.09704174793868638,0.03958372952589795,1,1.0051259816426426,3391.1,1,0.09387837509036749,1,0.13857704781143038
S4,Electronics,42.51,9,14,0.0060781842484669895,0.7014491379846196,1,1.0765372597956973,4692.84,8,0.06193379104437982,1,0.5226929380653118
S1,Office,67.36,16,3,0.01081226072960615,0.11705645896458661,0,0.9268300801576883,3101.5,5,0.1379704126078498,1,0.09490612502620524
S1,Office,16.36,26,11,0.050608346564575704,0.1269701494839327,0,1.0594546149489674,2803.45,0,0.12528248899041397,1,0.1699360222311609
S3,Electronics,42.54,38,12,0.052710982535363465,0.18750014634698497,0,0.9838838025766113,4890.62,7,0.13236528603717176,0,0.21402766828308575
S2,Electronics,58.13,25,13,0.003992765880517124,0.09774648313960244,0,1.0281746620495384,1427.06,9,0.13547880315604416,1,0.15270286250505946
S3,Electronics,99.66,4,8,0.08258554208594521,0.6253925204303068,1,1.0362304414467771,1138.86,5,0.05907184614904697,0,0.4571540320268248
S3,Electronics,52.71,41,1,0.04947234981028958,0.422004805848588,1,1.1296602747587545,1230.27,3,0.12894585112610027,1,0.27518744559509684
S3,Electronics,83.45,45,9,0.03466437466405288,0.26609609240954823,1,1.0625305093741346,4952.49,5,0.08555245068700466,1,0.23434268213065912
S3,Electronics,48.89,41,12,0.031885377061487585,0.4407494003715766,0,0.9057226768737642,3435.13,1,0.005723846033106011,1,0.35972953905567795
S4,Office,81.68,38,2,0.08614071815541813,0.8441400020651998,0,0.8238417364553785,1876.65,0,0.09537545347801764,0,0.5466119309714595
S1,Office,63.59,19,14,0.019673286642818033,0.9270794050436362,1,0.8007942176300531,1620.4,5,0.07059283864417429,0,0.6621496290190271
S4,RawMaterial,89.79,14,13,0.016041770543260926,0.4874761446534416,1,1.161766953906798,754.87,7,0.041273198878094615,1,0.39015536081218605
S4,Office,46.98,21,2,0.02131785292232832,0.5667529151128025,1,1.1768440207208823,1093.76,4,0.14555747100705593,1,0.36073281923009426
S4,Office,64.39,15,4,0.06250225476519637,0.2571999303398729,0,0.8376445950658672,4586.78,7,0.008260628743946114,0,0.2016420632049112
S3,Electronics,66.7,3,12,0.08109308556284092,0.5136003786371193,1,0.9948214473128992,3863.03,2,0.14188160860605997,1,0.4182024385654095
S2,Electronics,47.56,37,10,0.03309786937881796,0.7481196069352322,0,0.8606380813842138,4737.02,5,0.02389005909519572,0,0.530229696403356
S1,Office,22.99,46,3,0.017346199811481288,0.4921372636561695,1,1.1794996346816338,2406.79,0,0.05654822689507982,1,0.3219147895657175
S2,RawMaterial,18.42,16,4,0.020919416762862054,0.3020729007891697,1,0.8987330067290095,3205.57,2,0.0625852763129024,1,0.216090994073789
S4,Electronics,11.5,14,6,0.061918377851785104,0.5820343472249591,0,1.0006588382387995,2676.52,3,0.10965307779912208,0,0.41065326454765383
S4,Office,88.62,9,7,0.024603522621422992,0.9466560308858446,0,0.8662480766931667,4466.23,4,0.03234138131050568,0,0.6253746753179337
S2,Office,31.28,47,5,0.08772802313513668,0.8879838539831117,0,0.9331044338012249,4961.22,2,0.1479152764841309,0,0.5948230050446938
S2,RawMaterial,29.04,7,2,0.010389135441431397,0.7692423791754562,1,0.9067225443708724,4697.49,7,0.11235177791460343,1,0.4789478824234174
S2,RawMaterial,76.24,14,3,0.00323685340055202,0.27620963266520904,0,0.9901704171888742,3191.25,4,0.11849289575205821,0,0.18812540704786246
S4,Electronics,38.8,6,10,0.008837824596090393,0.2415595072164014,1,0.9679127848088593,778.11,6,0.015964315907234173,1,0.21901562313723938
S4,RawMaterial,55.54,21,11,0.08456431203863204,0.8385371897975978,0,0.9323191178401501,3278.87,4,0.07144680142641753,0,0.6070630360615767
S1,Office,24.63,15,3,0.0651229519665661,0.18131747608210236,1,0.8423510470593649,936.71,7,0.14184140257174332,1,0.14975594266780268
S1,Office,96.38,8,14,0.09577446331172504,0.6056113074866436,0,0.9937948088027793,1124.7,0,0.04050991073277097,0,0.49209912348550366
S4,RawMaterial,86.64,34,5,0.033629654126975765,0.4389299435829642,0,1.140083207236621,1361.05,2,0.021807548242628955,0,0.30916114810215695
S2,RawMaterial,87.74,40,12,0.021267812800969944,0.46798646729239823,1,1.0920893346342264,2135.72,2,0.07280916896462823,1,0.3728865099300156
S2,RawMaterial,46.61,1,11,0.05619752393137492,0.4545434025275408,0,1.0882299536650677,3163.04,9,0.13955896044768124,0,0.36815672726736554
S1,RawMaterial,78.61,32,12,0.05378282791267486,0.8999501467236601,1,0.9464366946981235,2000.99,9,0.07301859366459408,0,0.6418192221222843
S4,Electronics,22.95,49,5,0.05910239881953218,0.08709425089545497,1,1.0833676322728205,2535.2,2,0.06072514543794884,1,0.10570155589741836
S1,RawMaterial,10.78,5,4,0.03475338626603488,0.7829014494560986,1,0.9862125925599674,712.8,5,0.09754086550706648,1,0.5087383141248981
S1,Electronics,11.8,30,8,0.0005896940036786758,0.8350126715752834,0,0.8601104363352677,3288.91,8,0.14053259982758268,0,0.5583273682891308
S3,Office,62.79,22,6,0.0035031652940616833,0.9428771471534901,1,0.9676198999912204,3456.64,5,0.00735861738060991,1,0.6096343807374554
S3,RawMaterial,50.99,20,6,0.0663826461422513,0.4525999549377113,0,0.8530954524126391,947.26,4,0.023009331821503682,0,0.334331909662445
S3,Electronics,56.62,16,1,0.05232580481554814,0.5000651918869167,0,0.8457931275626144,4033.03,0,0.01991314650663906,0,0.32287971371967156
S2,RawMaterial,10.67,7,6,0.08210112596512736,0.9612945211409166,1,0.8092237233830444,3413.57,1,0.012799947344874845,0,0.644264193331231
S4,Office,48.04,7,3,0.030040985878679694,0.458451060949163,0,0.9131417203877666,2703.78,0,0.045315912097259374,0,0.3055115037616731
S4,Office,74.63,2,13,0.08154722372311751,0.5035484729762578,1,0.9323499136967779,2987.87,5,0.0343963549680465,0,0.41945039375983284
S4,Office,49.84,47,6,0.042549141345154334,0.332254318189384,1,1.079777485175397,2763.71,2,0.08230368993140029,1,0.25497447617431956
S4,RawMaterial,75.9,14,10,0.009669838554633726,0.031627450684649894,1,1.0152019139539135,742.07,4,0.049093413258855495,1,0.09330599340575149
S3,RawMaterial,30.97,31,13,0.09779115625906942,0.43305455176149266,1,1.1433798848213248,3808.17,5,0.06078117921868143,1,0.38202722079175927
S2,Electronics,83.18,41,11,0.05119359291455199,0.6550913108473859,1,0.8705882506822626,2803.15,4,0.14127970357497188,0,0.48698429295422574
S2,Office,62.96,14,13,0.06294785139623464,0.6899459106135571,1,0.9063826583439256,1277.71,2,0.023348346190410933,0,0.5257090446441475
S3,RawMaterial,28.97,5,6,0.06707971864895679,0.006508646884609504,0,1.1764304444573663,3563.29,1,0.058268599019220324,0,0.0668862465825956
S2,Office,31.3,11,2,0.03624122522268807,0.8010527747728287,0,0.9776180991119258,3627.8,1,0.038562276077817266,0,0.5057897467162179
S3,Office,66.52,40,1,0.07475283198621373,0.49241561412854695,0,1.1156203772194622,1460.73,1,0.08237489735366282,0,0.3250180752158494
S4,Electronics,84.69,5,11,0.08702664653510173,0.5207453613861929,0,0.9968670594597957,4084.23,9,0.11045043398199665,0,0.41712663936367483
S3,Electronics,47.41,29,3,0.038718697641385885,0.9617436881703674,0,0.988434262810299,2554.27,3,0.12254818101267974,0,0.6100903936232076
S4,Electronics,33.25,11,5,0.06570008866315483,0.2844611586558179,1,0.859246515211857,1312.74,3,0.07729450417760483,1,0.2261010075067229
S4,Electronics,88.03,5,4,0.07571238239772095,0.7616519889681673,0,1.1404798443794344,3459.29,2,0.12823748872904137,0,0.5082763366716452
S1,Office,70.23,49,7,0.019012589768908128,0.5747762456722708,1,0.8313421122190539,3185.27,7,0.1177613261815976,1,0.40056952433403487
S3,Electronics,50.33,32,4,0.033259608439596744,0.7007984615580384,0,0.9241044378612167,1266.83,3,0.023550609215060768,0,0.4590283880381306
S1,Electronics,53.91,36,8,0.010879584638095486,0.4178174517811243,0,1.0693872286880717,4425.57,7,0.03681431385299928,0,0.31109720360296034
S3,Electronics,28.38,15,7,0.06022084642482034,0.2792075389642684,1,1.0029030203232119,4345.4,2,0.10075807925001314,1,0.23559077730600714
S3,Electronics,66.41,19,10,0.08009376958208562,0.5461259523689345,0,1.1525513307886144,4263.1,1,0.1462191029610912,0,0.4231322737245578
S1,Office,42.29,22,9,0.061083865658493365,0.37494114635264697,0,0.8157191811151664,2296.53,7,0.05641945509000002,0,0.30757556179485046
S1,Electronics,99.61,34,1,0.017978383097704397,0.22291117882966394,0,1.059763007799892,4210.8,5,0.034471176096711104,0,0.14628307936996682
S3,Office,53.22,17,5,0.05463684910261374,0.8392361481137625,1,0.9909861882508499,4301.58,1,0.13036941514433684,1,0.5556470293133273
S2,RawMaterial,53.73,12,13,0.08349341485264097,0.47583159500129124,0,0.8617247293870605,4984.43,6,0.029941793931432384,0,0.40340412431370987
S4,Office,60.93,25,4,0.030272479607821912,0.8473157411908994,1,1.0973007628450373,4809.22,9,0.10461124110747924,0,0.5460426171683148
S1,Office,92.51,17,6,0.08326515022526404,0.4740315823689203,0,0.9645227421624096,2222.81,6,0.005137360553379683,0,0.35225563734607424
S4,Electronics,82.07,10,1,0.0784623283769988,0.5567976977124081,1,1.0126327616946733,1391.92,3,0.002847077264685549,1,0.3647601742834016
S2,RawMaterial,50.6,28,6,0.002174080783667487,0.9952802413139549,0,1.1869064265452431,1816.08,7,0.06773500709162471,0,0.640677511880616
S2,RawMaterial,74.68,18,1,0.023945481408550198,0.9515042120351598,1,0.9944920324100754,2726.52,2,0.09848101913248548,1,0.585229028786518
S2,RawMaterial,62.76,18,14,0.054294240579772585,0.27168987066689065,1,1.129349146223457,4124.56,8,0.02136516809381526,1,0.27930219457406613
S1,RawMaterial,54.31,45,14,0.07176173700192594,0.8686553864492219,0,1.1078310093364978,3753.43,4,0.11458236795023068,0,0.6427217529701109
S2,Office,27.31,32,1,0.08805305256528292,0.39040348369719324,0,1.0651018366055196,4044.71,2,0.01931047236179573,0,0.2678008631307579
S1,RawMaterial,51.75,14,8,0.06410423182678943,0.07124873791039277,0,1.1587248573401334,2209.67,8,0.0800561711807512,1,0.11912336943712962
S2,Office,32.12,16,2,0.038034417124953916,0.5757810148254003,1,0.9006406587748724,1611.07,1,0.046244878841562066,1,0.37116464831844065
S4,Office,92.34,18,10,0.018462720673731538,0.9770518594542353,0,1.1283084925870652,608.58,1,0.11283799151748079,0,0.663198503303232
S4,Office,40.19,16,13,0.07600358554624315,0.9743136870052852,1,0.9511149953589371,3317.83,2,0.1206175130345826,0,0.7002464307241869
S3,RawMaterial,95.7,17,14,0.020678155932412012,0.12646537816246806,0,1.1249963560324885,4077.67,8,0.009913685934370664,1,0.18208267367720443
S4,Electronics,57.97,7,6,0.06954305214682498,0.7712366666178498,0,0.9975154738182044,4501.13,9,0.02889068539611974,0,0.5264620584719002
S3,Electronics,66.84,12,14,0.01812116173712074,0.8028330442502074,1,1.1430837011772943,2643.07,2,0.13389661643540932,1,0.5871361750712607
S4,RawMaterial,58.86,34,6,0.009105385030946446,0.36874478431666,0,1.1579374150771944,4674.41,4,0.06234192549013001,0,0.2668356289564228
S1,Electronics,21.64,10,6,0.02511002237065345,0.6585951811884713,0,1.039057550273646,1410.85,8,0.07151037980595681,0,0.44554725828142167
S4,Electronics,43.82,5,8,0.028492980552511427,0.4881594782772217,0,1.003050782732498,2814.7,9,0.025203576249384966,0,0.3585864382749436
S3,Office,18.92,21,4,0.064720913449491,0.22789309770992672,1,1.1133120573329336,1461.95,5,0.14923421947514892,1,0.1847235612322319
S3,Office,66.07,3,3,0.016088336774205892,0.7612642812249876,1,0.9067944812716694,1346.34,5,0.13845715242589887,0,0.48301364119582574
S2,RawMaterial,50.22,19,6,0.09303069129868882,0.2627527078124131,1,0.8061394724995659,4790.25,0,0.0003037006473365522,1,0.22841797493419735
S1,RawMaterial,80.02,45,4,0.055436168634227345,0.3404477530416592,1,0.9628378331019078,4179.83,1,0.08261020239868276,1,0.2494709309866923
S4,Electronics,29.84,44,2,0.04909317308164655,0.19001840491546107,0,1.0031096531587107,553.1,8,0.13084010754047318,1,0.1430247091594849
S2,Office,24.81,35,6,0.043469451430836775,0.7192713037887043,0,0.9189050877755026,1708.31,7,0.06458004093509402,0,0.4874607605596165
S4,RawMaterial,46.57,6,10,0.056660134695019106,0.45872405383057935,0,0.953344752695107,1423.11,1,0.06552213878650273,0,0.36366104413542477
S4,RawMaterial,93.39,14,5,0.0022446967161782296,0.4433732548389332,1,0.8532232931664379,1162.1,4,0.056902073508943385,1,0.30241164763249906
S2,RawMaterial,73.94,4,11,0.09900863745790825,0.6045628668900126,0,0.9109159613471176,3638.36,4,0.004324250273298518,0,0.4710117399428086
S2,RawMaterial,47.7,45,9,0.0557524376194266,0.15726344724733732,1,0.8960381391658294,3050.77,5,0.11854250037805542,1,0.17536951391994465
S2,RawMaterial,56.55,18,11,0.0035195002140177793,0.8981538896257594,0,0.9203947415307081,2542.71,3,0.06851778050866421,0,0.6185196124110897
S2,RawMaterial,17.58,29,6,0.058997760469959984,0.46510895623593096,1,0.919621644216261,1352.74,8,0.07965984576055886,1,0.3396218447396894
S2,Electronics,98.61,35,14,0.04370787582896788,0.36652685868202983,1,1.0235873484190454,1749.28,4,0.03835276752099576,1,0.33302847795790824
S4,Office,69.98,38,3,0.002403769666640887,0.12669060890519246,0,0.9002387760784291,2102.45,3,0.11761777381002292,1,0.09816406767167915
S2,Office,35.69,16,11,0.0924428752157473,0.16795420436741426,1,1.1763845053359554,4034.67,8,0.11906228200566721,1,0.2070768137566013
S1,RawMaterial,62.72,20,5,0.001056687207381335,0.9203603139138601,1,1.004509932145334,4951.35,1,0.08293812252776389,0,0.5882474802248161
S3,Office,19.85,24,10,0.05778716768778214,0.45661703339972226,0,0.851586402563907,1327.9,1,0.13569418887002457,0,0.3627349417747394
S2,Office,96.93,35,8,0.0961790747626224,0.7221839193592607,1,0.9118425082097136,2036.85,2,0.01738263460899628,0,0.5193069311872003
S2,Office,25.73,44,9,0.0237604496983026,0.08051635265853319,1,1.0919029984542616,1760.91,9,0.1179939996965399,1,0.11972366079032498
S4,RawMaterial,68.32,19,8,0.025417907424359665,0.6434645441264838,0,0.805463615352291,698.3,3,0.08378762134809968,0,0.45084695584605533
S2,RawMaterial,32.09,4,3,4.231285601523638e-05,0.9215191923374212,1,1.1751271944787804,1486.48,9,0.03465197505546739,1,0.5743527806878287
S2,Office,74.58,33,9,0.006635117198798091,0.2999634508814911,1,0.9780707686903225,4557.26,8,0.019845567397784234,1,0.2462543199742484
S2,Office,79.91,2,3,0.004488841157708812,0.5791405007134393,1,1.0084316091803986,4292.86,4,0.045151056048425744,1,0.3702595242039476
S4,RawMaterial,70.61,13,8,0.08226562836884255,0.9402191043158505,0,1.1953648943358113,1254.19,1,0.1284473877152178,0,0.6459540082430202
S2,Electronics,65.3,45,10,0.08367375699449191,0.7193225538047202,0,1.0013612343997327,2147.73,2,0.1181429024514204,0,0.5281242308097511
S3,Office,90.32,30,9,0.07267000841845227,0.0623255023840773,0,1.1790975977847888,1898.61,7,0.09676986387270602,1,0.12348201824169636
S4,Electronics,17.08,34,7,0.035274501251709216,0.37873714726043883,0,1.1660924463172617,1164.83,5,0.013549051167551613,1,0.28782463873177605
S3,Office,39.78,30,4,0.08212544498888423,0.0857727560872884,1,1.1765262114664852,3299.94,4,0.14322459596149556,1,0.10467271572046688
S4,Electronics,32.35,24,10,0.0539774520242882,0.8613175961991741,0,1.1249492229969456,3007.84,3,0.04581601985631107,0,0.6044123647553623
S2,Electronics,98.92,48,9,0.030431027647992326,0.6216627012036154,0,0.9185592338230925,2421.46,3,0.09104999750175877,0,0.4464126433022812
S3,Electronics,45.05,44,3,0.04372767691143904,0.9563817448338857,0,0.9385529935143926,4349.74,7,0.12046528062081512,0,0.6083759214023347
S4,RawMaterial,75.94,33,3,0.006576776983457567,0.019756329185807164,0,0.9459936272722563,3288.7,5,0.019928375168813704,1,0.035255402035092996
S1,Electronics,71.63,41,2,0.09449086867499137,0.42308736985390427,1,1.191672335844878,1666.73,4,0.09782951133838096,1,0.29648539680055425
S2,Electronics,29.09,49,10,0.061911641735184014,0.10436409954439474,1,0.9443022015888595,2181.67,4,0.004844399505631885,1,0.15262052367576348
S4,Electronics,31.51,10,3,0.07312341449305729,0.35048782261991274,0,0.8434757236873522,1175.71,5,0.015268396725651168,0,0.25365828934843626
S1,Office,35.32,18,1,0.06765833704198766,0.161886823356587,1,1.1113315578540606,3161.18,2,0.10847154516407129,1,0.12457245226940564
S4,Electronics,47.0,19,4,0.06677499845209807,0.3287937599934202,0,0.946425316632821,3139.83,6,0.02326232333591912,1,0.2458801841031101
S1,Office,31.09,7,8,0.001726098549724009,0.819262004722029,0,1.0483743646903374,4415.83,0,0.06652600849580674,0,0.5492178895409917
S2,Electronics,11.77,19,5,0.05253712797848467,0.16069932648270358,1,1.1697441649055869,4351.18,4,0.03724988261660537,1,0.14789501999745325
S3,Electronics,89.15,24,2,0.08217102286255341,0.47366475695218824,1,1.0302022307112177,4266.24,5,0.06318442630049131,1,0.32313587531579324
S1,RawMaterial,96.9,15,3,0.004451885141159995,0.9215831340605264,1,1.0550800713431552,2970.29,1,0.011583036043720634,0,0.5757140174072353
S4,Office,40.74,41,1,0.09561656838882707,0.9987792878543064,1,1.0571450257860544,3434.09,1,0.1132350816061484,1,0.635095400372089
S2,Electronics,40.47,42,2,0.04241596830059892,0.2506411181750833,1,1.044959674303406,3989.94,8,0.011856176609117164,1,0.17739517568094393
S1,Office,10.64,23,1,0.028989549205137122,0.9355681707661002,1,0.8639077509923817,912.58,1,0.1256871746040705,1,0.5771806243640584
S4,Office,71.22,4,2,0.05318213616419429,0.2613886808010255,0,0.9825661658995022,1852.69,2,0.09939132962543418,1,0.18707356361558788
S4,RawMaterial,84.29,38,3,0.08012141878430362,0.41352849898359334,1,0.8030656079908234,1260.9,0,0.06248783634964248,1,0.2935820964540185
S4,RawMaterial,23.19,4,1,0.04747550617686376,0.8779236122333274,0,1.0505059216301333,2801.6,8,0.12997298152057377,0,0.5481396763359127
S1,RawMaterial,24.37,5,11,0.06451056765863919,0.7861761049242482,0,1.0301433180104955,4269.51,0,0.027919691801449275,0,0.5696302618235691
S1,RawMaterial,81.11,41,9,0.04999143878668599,0.8574875572237353,0,0.9272548876963285,1538.2,3,0.03968463411222382,0,0.5937756802559612
S1,RawMaterial,65.47,44,10,0.06312722566411592,0.8002566793044507,0,1.0095582012680815,3789.07,6,0.020568549248880994,0,0.5705207467104766
S3,RawMaterial,14.04,23,5,0.013803091519663658,0.23506100501004135,0,0.9972231127632307,2326.21,1,0.05723530399350524,0,0.1808918161762096
S1,RawMaterial,66.03,40,8,0.0038663386178099945,0.5587951154306021,1,0.9003660863769005,4563.84,7,0.14800997771011312,1,0.39357982798656144
S1,RawMaterial,37.8,37,5,0.013690140569739273,0.38525071836192193,1,0.9173150192370372,3320.55,7,0.024154106670104196,1,0.27097175890236064
S1,Electronics,43.19,11,8,0.028583814466392878,0.4597109684483687,0,1.1050163986515003,4894.49,2,0.1246464728798698,0,0.3415445825517962
S3,Office,79.28,11,7,0.025335606244810682,0.15395630212363076,0,1.1022929276726916,1605.51,3,0.09778201075096081,1,0.14997446314762167
S1,RawMaterial,82.98,13,12,0.06151753496606469,0.3157675592251705,1,0.9879128600959369,4657.81,6,0.0023721195917789316,1,0.29363008173920746
S4,RawMaterial,46.03,14,4,0.045588942413424094,0.8576471214221869,0,1.0870035809663918,2106.75,4,0.14173352894065502,0,0.5568363841487679
S1,Office,95.24,8,7,0.003881198102684702,0.897558409886164,1,0.9803205120923745,3298.85,4,0.1456636897837477,1,0.5896994053625038
S4,Electronics,46.58,25,6,0.003486590631702558,0.6101530838991386,1,1.1405496139584528,1285.29,1,0.1387351052792315,1,0.4099949703861368
S4,Office,79.47,18,3,0.009058800212066577,0.4982672570007528,1,0.9331226728834453,3919.03,5,0.07526094865605507,1,0.32310656569264307
S4,Office,53.55,44,9,0.0353081157400866,0.7128396881493003,0,1.1709169999381603,4902.13,3,0.033056277371381844,0,0.5025819618973205
S3,RawMaterial,90.78,44,12,0.000618295096372945,0.6088532502222023,0,1.0169134602258683,4043.42,4,0.058689701620572216,0,0.4512117243765189
S3,Office,91.7,18,10,0.04939872654301404,0.9836750063478136,0,1.0142751444319003,3271.09,4,0.09212873196243467,0,0.6764531932001637
S3,Office,17.87,10,13,0.03606696643093027,0.19008879216420327,0,1.0683241537304173,2516.96,1,0.05682545713761746,1,0.21773050808494387
S1,RawMaterial,94.28,7,9,0.05554413024408264,0.4490447262464816,0,0.9363424043258738,2053.56,7,0.10622574763045242,0,0.35037578910682804
S4,RawMaterial,84.3,44,14,0.07208252280828008,0.9182405022855537,0,1.0897318283628536,2385.56,0,0.11933633216647777,0,0.6725690582138162
S3,RawMaterial,81.22,14,5,0.02509728154798544,0.9147370599085243,0,0.928170041053648,1977.3,1,0.031408934797208646,0,0.5920857061237959
S3,RawMaterial,28.08,15,8,0.01570836476289097,0.49534684656117356,0,0.9590155319835143,4247.19,6,0.060741286242420076,0,0.35906347450842857
S1,Office,82.46,16,7,0.027805355596338757,0.13480900200138146,1,1.0698813747172227,4519.0,6,0.143661656403909,1,0.13922700787973052
S3,Office,86.51,2,9,0.00017631819519055015,0.8149579674929025,0,0.9513796405205526,4773.46,1,0.037471020189395694,0,0.553313390240013
S1,Electronics,36.02,30,7,0.012001295552578074,0.5851651865033476,1,0.8799896490752244,2382.63,0,0.05196712328916434,1,0.404699500567782
S2,Electronics,95.7,30,4,0.07508303636863345,0.7731660158572567,1,1.1487605835102026,2957.99,9,0.0053490755777958416,0,0.5149959489963727
S3,Office,14.49,18,4,0.022280684240028516,0.4625236314105903,1,1.1688621523175544,3096.03,0,0.049854906165540204,1,0.3127698126897913
S2,Electronics,23.49,31,11,0.09942996338040387,0.20388392193682658,0,1.0506924199229795,3429.9,0,0.05563970971561539,1,0.23073077074764567
S1,Office,58.38,44,8,0.016783152136480916,0.02398940747952083,0,1.1244603084791414,511.05,5,0.01497533394402335,1,0.07657144727151391
S4,Electronics,61.82,48,6,0.07887717155654934,0.5591382688397522,0,1.194660941909901,4292.1,9,0.00021633749774358502,0,0.40200325562795897
S3,RawMaterial,68.06,13,9,0.07050444718255346,0.16104617888158956,1,1.0459099007279302,1706.63,6,0.08631082265530651,1,0.18206475576943407
S1,Electronics,11.53,20,14,0.032213214281630764,0.18713720859782146,0,1.1635170573000053,2624.74,1,0.04522899019930782,1,0.22194628944318212
S4,RawMaterial,96.43,49,10,0.033073914356596526,0.43630563095716435,0,0.943701899888139,4287.06,5,0.00267357558901381,0,0.343134124309849
S4,RawMaterial,14.01,35,14,0.05635515809671046,0.4420770734388978,1,1.0801889743548745,4985.85,3,0.12899164559507692,1,0.3821527914923518
S2,RawMaterial,22.88,23,7,0.08523740974825585,0.2743870902057053,0,0.8223221865187386,4076.98,8,0.08766145155999613,0,0.2402034770478999
S1,RawMaterial,11.26,42,7,0.038618694411946444,0.13192220842346847,1,1.1155886222440579,611.75,7,0.025675252573773066,1,0.14073893337766502
S4,Electronics,61.02,33,4,0.006117988091840654,0.9449527518223376,1,1.131921257891827,2159.39,7,0.12978699344114647,1,0.5973784760923833
S3,Office,93.9,38,3,0.03744191769022968,0.13164061587825993,1,0.9604701745895967,1612.45,1,0.038037895570947056,1,0.11164551626259628
S3,RawMaterial,69.94,35,8,0.02073126732427414,0.3507725846011295,0,1.0555820063509318,4838.59,4,0.034116859730438404,0,0.2738257881008171
S2,Electronics,84.04,36,7,0.09392070170650174,0.30486799260744624,1,1.1433444409569433,1689.03,1,0.13419510854959035,1,0.2610970060764183
S4,RawMaterial,11.2,20,4,0.06972743463759476,0.8663378969585519,1,1.15344326580362,4745.08,2,0.02691868191892105,1,0.5692923971378381
S1,Electronics,58.78,3,13,0.005083266421334865,0.41006244847857054,0,0.8426126097266404,4718.83,7,0.13184786897536116,0,0.3404195918706856
S3,Electronics,51.36,8,4,0.029298853726260645,0.12404349923436431,1,1.130995098613159,4277.35,4,0.12044599518717014,1,0.11178718422992535
S4,Electronics,54.91,40,1,0.005021596492080694,0.010261028404495387,0,0.9096973407704402,941.32,3,0.046466631124385004,1,0.014805953133178583
S4,Office,16.5,32,11,0.0830016670374786,0.7219496034745249,0,1.0909227585350973,508.98,4,0.005159562172970333,0,0.536641690767387
S2,Electronics,71.6,29,7,0.0906296401907161,0.7145010925678502,1,0.9300656613970222,4072.47,7,0.012385965532697546,1,0.5058895475979249
S3,Electronics,55.29,7,1,0.011227960583907438,0.4177836713132277,0,0.8225318682522309,4294.85,9,0.01642924016543662,0,0.26118144810596594
S3,Office,78.86,2,10,0.044029004600869615,0.1263080003123236,0,0.883948283940443,4829.82,6,0.1336198252740717,0,0.16042207299622646
S1,Office,53.68,21,10,0.09318832818364259,0.37163381257274786,0,0.9634687103308336,1482.72,5,0.06060539670562134,0,0.3223653574273129
S3,Electronics,23.44,6,4,0.014521168671467057,0.5898824509170308,0,1.096491448024417,3799.16,1,0.004879463592974148,0,0.3868572497230872
S1,Office,68.34,28,11,0.02919035906563149,0.703942941806841,1,0.8402814509249431,2835.79,9,0.08348226930835194,1,0.5096943013752226
S3,RawMaterial,25.51,48,14,0.03042746501726559,0.0782398924342762,0,1.125173649960064,1978.17,4,0.031198837591048748,1,0.1560721749657454
S2,RawMaterial,88.52,42,3,0.0030058312201998506,0.556307470614679,0,1.1987804367849642,3228.31,9,0.035268906391202844,0,0.35611480316343874
S3,Office,65.18,36,11,0.0036273234689990666,0.2761240784481376,0,1.11530305727165,2966.9,8,0.024126260237711795,1,0.24533407268101082
S1,Office,24.15,32,3,0.0952792827082913,0.6172662871336426,0,0.9894946080115525,1815.32,8,0.11430321935980758,0,0.4203721285212444
S1,Electronics,96.61,45,12,0.057109260898625405,0.6481401228647609,1,1.0272640843383785,1708.08,8,9.193407079089443e-05,0,0.4917311377027299
S2,Office,56.65,42,1,0.030664832142861788,0.9106037017747185,1,0.8024642033210698,2689.61,2,0.06584762458452677,0,0.5627045278505468
S3,Electronics,16.56,46,4,0.037867466070658454,0.41037837538895994,0,0.883709535142159,2633.16,8,0.013030674960372506,0,0.28615869362600205
S3,RawMaterial,66.41,9,14,0.07148429288450242,0.5375906601353175,1,1.159595252584018,1859.24,8,0.08285619015068302,1,0.4439996839465412
S2,Office,32.79,11,1,0.03665172035546204,0.2682151227605093,0,0.8086917610940744,1686.79,4,0.051898851924201385,0,0.17906744690580131
S3,Electronics,82.33,23,14,0.022776040309328827,0.2865570241451274,1,1.1619179811587927,4794.38,5,0.0042527371164642275,1,0.27876702657987507
S3,Electronics,83.6,11,13,0.01018373415997994,0.04603378156136251,0,0.845301043251267,4380.67,6,0.06914613467325662,0,0.12353253204195434
S1,RawMaterial,98.11,49,13,0.07289330117180372,0.2860689422985063,0,0.8532296519835337,4175.51,9,0.08558782467972037,0,0.28636649858778773
S3,Office,55.17,2,8,0.018056501667522474,0.0638286895906579,1,0.870139964342769,1464.28,9,0.03714810474940757,1,0.10085702139750863
S3,RawMaterial,50.95,3,1,0.006964826992629758,0.9639157905858297,1,1.1197541299820786,1351.81,9,0.1148267845606588,0,0.5875817795921437
S2,Electronics,77.81,11,12,0.0426954445496477,0.6242632353761045,1,0.9912746301369517,4141.98,5,0.05565731486914249,1,0.47308086030484275
S2,Electronics,21.92,35,14,0.003957096181135378,0.17314856118629407,1,0.858078652092017,1331.03,4,0.11240197712160215,1,0.20507626556611705
S4,Office,59.22,15,6,0.09649980583428869,0.11676635982033512,1,1.07472072786613,2765.91,0,0.08685235935131515,1,0.14186690049963052
S1,Electronics,59.16,43,7,0.06272929675748398,0.3701226204775434,0,1.1762753465303109,1496.4,3,0.13038796019803273,0,0.2908923613137712
S3,Office,18.05,11,10,0.015269681044656081,0.30764732461884137,0,1.0289805896989888,2201.31,7,0.08203871864734073,0,0.2605978705132731
S3,RawMaterial,47.62,31,14,0.017245408644846083,0.279254780914453,0,0.8394800022882154,4340.54,7,0.027844078998105898,0,0.27272649114212566
S4,Office,86.8,28,12,0.05698284802728454,0.4681960449310212,0,0.821900242471016,4511.38,5,0.12338867914180295,0,0.3837267670810838
S3,Office,87.05,28,2,0.03565657573377936,0.9128738429764635,1,1.1183489439503043,4985.06,2,0.11745528752621856,0,0.5727069927917261
S1,Electronics,18.93,32,4,0.07742667441877138,0.5680502544030297,1,1.0504334609497739,4747.57,7,0.14585337221014896,1,0.39262958353887784
S4,Electronics,18.16,25,11,0.05458064856189167,0.5212315045866192,0,1.1690629356498405,3520.63,6,0.014037287866130548,0,0.4076845258919675
S1,Office,33.64,20,14,0.043333387552494135,0.806548435161058,0,1.0189000604191951,2442.77,8,0.08868467434587739,0,0.5969290773623831
S4,Electronics,88.73,28,3,0.09629802480652716,0.0040246115968891605,1,0.8249581612972214,759.62,2,0.07375034759152235,1,0.05273274582866307
S4,Electronics,21.6,25,13,0.039072905620968906,0.19738566915523348,1,0.9614747399994601,3236.75,5,0.10063081732202478,1,0.22301041603657362
S2,Electronics,74.8,11,13,0.040061092379734355,0.49618593438883607,1,1.0631962754365671,1448.06,0,0.14702697721848446,1,0.4025870312043648
S1,Office,19.1,19,9,0.0665772421060789,0.7053090605220667,1,0.9539541403749052,4325.61,7,0.07984081156736336,1,0.5074443232307779
S3,Electronics,66.08,28,14,0.08094785841221683,0.48502819493963834,1,1.1998365586960933,2970.04,1,0.10286079524196437,1,0.415301274487448
S3,Office,42.05,1,7,0.06262149908585453,0.16371598130087717,0,0.962151445469498,3800.76,4,0.05208201655830642,0,0.16701603850628266
S1,Electronics,81.0,5,2,0.06986102220544285,0.9299828176615764,0,1.01849445057902,3530.73,5,0.04484557315075238,0,0.5932337115442929
S3,RawMaterial,31.03,10,11,0.03729315685666112,0.32866513110544526,0,0.8901568130494718,2062.99,3,0.05029448485255006,1,0.2869584542916941
S3,Electronics,67.53,42,12,0.04794968364782597,0.788215681394504,0,0.8608552817208768,3915.89,8,0.005791184039541208,0,0.5730285996453359
S1,Electronics,31.21,46,6,0.019703508646796333,0.8914133345976127,1,1.0581222154253003,4295.19,2,0.04271109681188923,1,0.5836161962097494
S4,Office,74.23,34,9,0.06802464906985235,0.34644937768866646,0,1.0354450987662729,3848.59,1,0.025941959071080316,0,0.2925627356198699
S1,Office,88.63,36,12,0.022145194042670947,0.8453117813301047,0,0.8017355429625137,3995.63,2,0.06861419697533352,0,0.5995449127251498
S4,Electronics,21.41,2,3,0.00012567953938111832,0.7107736831667975,0,0.9139126139190968,2120.07,4,0.0691237145848097,0,0.4479304851904642
S3,RawMaterial,87.99,18,14,0.09337621198067513,0.9042808366620061,0,1.0574318292051657,4746.6,0,0.11478447468397553,0,0.6705813655914061
S3,Electronics,63.42,13,11,0.030601524121455382,0.25131070172297765,0,1.1248997382929797,2410.57,9,0.07534374718380434,0,0.23853830684165178
S3,Electronics,21.44,5,6,0.01966320424660023,0.9312776061382757,1,0.9249474612159377,4536.73,3,0.06946223824848614,1,0.6075226678140883
S2,RawMaterial,48.48,20,14,0.02681467309657759,0.06530647666993028,0,1.0589745477155414,4360.14,0,0.03474394675507371,0,0.14722828793093146
S4,Office,24.48,2,3,0.03304476976186476,0.7936712853056489,0,0.9061031720603385,1059.49,8,0.12787200152170158,0,0.5075447735405202
S2,Electronics,73.03,11,3,0.04745464264481737,0.4356650207016327,1,1.0761519578516945,4848.22,2,0.013650135852707862,1,0.2970639766429962
S2,Office,78.3,30,4,0.006935167101859663,0.17788996685296066,1,1.0791791994649849,4983.54,1,0.14734439474689293,1,0.13738595881376287
S1,Office,19.52,32,9,0.005267315620545088,0.07940295510267958,1,0.852089386207836,3227.66,4,0.07141124937772472,1,0.11350768203348557
S2,RawMaterial,55.55,32,11,0.029291076553807263,0.38954751389893805,1,1.066035913590802,4024.0,0,0.02789804993935856,1,0.32108725987693354
S1,RawMaterial,83.32,38,13,0.029576613119709584,0.38932392172652097,0,0.9334268726721479,4701.59,9,0.053149208365272434,0,0.3353244798289683
S1,Office,94.25,28,8,0.011764622781423506,0.22995738430698542,1,0.869037972637051,590.11,6,0.002305527406318314,1,0.19864667456147544
S2,Electronics,56.22,10,1,0.04047915943205343,0.21551539835284284,0,1.0001444931095096,4684.96,8,0.024978401888735523,0,0.14859584398417885
S4,Office,95.53,22,13,0.02840286682027823,0.39951429804681604,1,0.9809186735634885,3323.15,0,0.05030097289690158,1,0.3410865817313159
S4,Electronics,58.21,17,12,0.0026055552795070103,0.4101138832051573,0,1.1095499244247988,4228.05,7,0.0831622918127981,1,0.33256428222123213
S4,Electronics,45.48,22,11,0.08857207804211109,0.44236479916319227,1,0.8338062036644874,2933.25,7,0.019422126696728163,1,0.37056193148197725
S4,RawMaterial,86.34,43,1,0.08860190180435905,0.868759386727768,1,1.1159013075327122,2887.46,6,0.10139449442746733,0,0.5549790597208256
S4,Electronics,54.37,19,7,0.020918225291347403,0.6112545064227575,0,0.8424329448437183,4538.83,9,0.12664147349837696,0,0.4230281714410587
S2,Electronics,52.47,17,3,0.01628722281643479,0.02043316607152501,0,0.8829836112316248,2783.62,3,0.08585094157108589,0,0.03857463791641687
S2,Office,54.13,24,14,0.054729276434698174,0.5190992417621837,1,1.0063528473318684,2623.05,6,0.04453521708378362,1,0.42787832798771963
S3,RawMaterial,86.21,36,11,0.06307535029814308,0.7624512959857546,0,0.9852698400089698,3236.85,1,0.01820884882288071,0,0.5549648112523242
S4,Electronics,84.87,32,7,0.09575425574470729,0.05641430664451719,0,1.195543589893619,2833.56,5,0.002330259447592203,1,0.1125748607101225
S2,Electronics,46.32,46,9,0.037734845663981255,0.4226078792741066,0,1.0357894853049758,2508.29,4,0.10977034994974301,0,0.3291708955493726
S3,RawMaterial,40.0,36,3,0.06182003428645584,0.45121014325756703,0,0.9309742380987656,1312.36,4,0.09427190524690857,0,0.3107006676690484
S4,Office,54.27,28,3,0.08781810458043096,0.9540204523357757,1,1.1600595474175943,2288.3,7,0.07144251090530608,0,0.6201862742041662
S1,RawMaterial,61.55,14,2,0.044995378578085,0.47568395378296036,0,0.9248859827130015,1769.21,0,0.015299332833020684,1,0.31319470012891604
S3,RawMaterial,31.45,36,10,0.012234575115732605,0.7499002626622022,1,0.909510254075316,2302.09,7,0.031053777189594928,1,0.5250391015606125
S2,Electronics,81.46,6,1,0.037744728582997426,0.30290204520905284,0,0.9977487180795438,3169.21,3,0.12227584555299632,0,0.20020750284318808
S1,Electronics,53.78,9,9,0.01365669267033004,0.7793066511884315,1,1.1652699137892317,3239.83,9,0.07197772020305541,1,0.5359667127998722
S1,Office,40.06,21,6,0.0016639464201950284,0.3226623664973406,1,1.0834057021035355,1573.98,5,0.1444249289429059,1,0.23695374668160574
S1,Electronics,19.61,12,6,0.07515530563490264,0.4300235873450098,1,1.0709932861869322,880.15,5,0.14999582210519735,1,0.32341788695461954
S3,Electronics,31.5,30,8,0.023842370049535558,0.47948227781169783,1,1.090430906015505,3849.97,0,0.12010606895483816,1,0.3519849348447365
S2,RawMaterial,95.44,31,11,0.0002007045838974042,0.9263629694180113,0,1.0638562443103552,2878.57,7,0.038727541486064165,0,0.6344494215974046
S1,Electronics,37.46,40,5,0.0872432357535145,0.05345354780486755,0,1.1039185438671784,2489.46,3,0.03466724432701824,1,0.0939593851232606
S4,Office,25.2,4,9,0.04437888384909059,0.1968671510108072,1,0.8771048086916534,1083.18,8,0.03804514806357339,1,0.1957196700469258
S1,RawMaterial,51.46,31,11,0.02388598796332252,0.7057427461975039,0,0.8709033147046407,2365.99,6,0.14801776182248289,0,0.5091828726789276
S1,Office,37.64,27,5,0.026278997235541925,0.5775776598819687,0,0.9448653375165615,4181.79,3,0.050301071710243735,0,0.3901445808141295
S3,RawMaterial,13.16,25,2,0.02405378933050503,0.25153139041497585,1,1.140383911518333,3116.46,0,0.10596701154670334,1,0.1724206853338513
S3,Electronics,39.08,5,6,0.0194556161189272,0.2892008874910048,0,1.085781686198684,909.39,8,0.14385265647170414,0,0.2222143601874239
S2,RawMaterial,58.97,6,9,0.08412262245742964,0.36730948560867993,0,1.0265893371371078,1995.24,9,0.122939422015293,0,0.30990819238815115
S4,RawMaterial,59.65,5,3,0.017033163436986954,0.4503469493303285,0,0.807778974991248,4909.11,5,0.0896405713695979,0,0.2967466900578646
S3,Electronics,42.09,27,10,0.05618546838793986,0.818027323252778,0,0.8943209135743466,2950.28,5,0.025344828700759815,0,0.5791006058966202
S1,Electronics,50.26,8,4,0.007732024467218735,0.013815476471962573,1,1.1214055770199596,1788.78,0,0.02624073670175196,1,0.03918032179477174
S2,Office,96.9,9,10,0.09495213761786003,0.8980197412134784,1,0.8969946772336875,4610.5,4,0.07386346283525749,0,0.6387260574420164
S1,Office,43.96,15,11,0.06033139044459218,0.41302711163152817,0,1.0921160788763788,2012.0,3,0.14279167438113644,1,0.3444871126837231
S1,Electronics,33.24,36,8,0.09031525112022933,0.23049751756641312,1,0.8738537059719537,3784.58,0,0.13567405436259822,1,0.2225359430187738
S3,Electronics,31.91,41,6,0.03978777794754952,0.5084126995273452,1,1.0425470232797434,1162.49,6,0.02492880831816256,1,0.3598410959578149
S2,Electronics,51.2,7,13,0.08106720567624115,0.6596700426995783,1,1.0512845466802005,1204.22,3,0.04315796171622613,0,0.5129793301797622
S4,RawMaterial,78.36,32,7,0.08536544794493112,0.044752219193603504,1,1.1007864902745927,3025.91,2,0.08832169733339627,1,0.10246096589964143
S4,RawMaterial,28.54,8,7,0.07029492911786699,0.7157773516660826,0,0.975336960358256,1579.2,1,0.07161457383794473,0,0.5005548897350096
S3,RawMaterial,73.84,47,4,0.009294746645370633,0.7607611875838625,0,1.0530698796341889,721.99,7,0.01790442140647685,0,0.4878165651153572
S3,Electronics,11.9,15,12,0.001608008640590597,0.1661822843234193,0,0.994787915488114,4669.09,4,0.055396078049747915,1,0.18590605890051448
S2,Office,47.7,37,6,0.016855967205622182,0.1678814283769029,1,1.1789352181593251,751.95,9,0.1432071551482945,1,0.14864279004497125
S4,Electronics,79.83,19,12,0.011809675696667844,0.20378455454087685,0,1.008752290807403,3728.47,8,0.14271633371167539,1,0.21152792114781216
S4,RawMaterial,40.49,39,9,0.07251376641998437,0.7966287120673038,0,0.8838391532512752,1998.44,4,0.08391388215398872,0,0.5640170714520919
S4,RawMaterial,60.74,6,3,0.055700682068934276,0.2720030559311891,0,1.0671570196554545,4700.77,9,0.09528919570158415,0,0.20134060960796518
S1,Electronics,28.45,19,8,0.05259508645456058,0.7959358380543545,1,1.0193869312833654,4937.24,0,0.033285942128843636,1,0.550482885911838
S4,Electronics,76.78,28,7,0.025286730032814054,0.540523858938849,0,1.1215317988880587,2009.44,9,0.11129290896309468,0,0.3819003343731536
S1,RawMaterial,14.71,17,4,0.015460753673704164,0.7671713301718087,1,0.8707646390372975,3159.98,4,0.007874428070232203,1,0.49351245277662503
S2,RawMaterial,86.73,42,10,0.02065479697688959,0.5536730416796108,1,0.9043758410695619,3978.43,4,0.03310232822458964,1,0.40982883552940486
S1,RawMaterial,27.84,19,13,0.040027700741448013,0.33576889921179076,1,1.1686516429590887,1055.34,7,0.0008825531497512529,1,0.30632679260665174
S2,Electronics,88.7,31,3,0.0740143206760953,0.9107141426580582,1,1.1720104452985183,3692.58,5,0.05785518881269032,0,0.590061353226235
S4,RawMaterial,41.73,11,14,0.025451661653646998,0.7152956618574642,1,0.9769027065899564,4577.89,4,0.12753917980531376,1,0.5368128956105725
S4,RawMaterial,75.04,15,7,0.06986130012587202,0.48405480251567157,0,0.819100472847372,1303.26,7,0.14737597156649543,0,0.36139127154716455
S2,Office,38.73,10,10,0.04915118204048435,0.6374284763752694,1,0.9226220274503839,4274.2,0,0.10016339630708358,1,0.4686310118658784
S3,Electronics,91.53,43,9,0.0885440848510793,0.615843355868993,1,0.8988490617685113,1020.22,4,0.11173000281396486,0,0.46035495326243386
S2,Office,21.4,23,12,0.02329145608890334,0.35811621650427006,1,0.9658707407979688,3057.36,2,0.039412436732241006,1,0.30757145244351874
S3,Office,26.07,3,10,0.04508566826176089,0.4237717467795218,0,0.9271202475514351,2027.14,4,0.07804990402332222,0,0.33921731997481275
S1,RawMaterial,54.37,3,3,0.009666476716567108,0.31825677763312066,0,1.1315969375409818,2622.72,2,0.11048668482380472,0,0.21528258102341394
S1,Electronics,17.37,18,10,0.03351531426223207,0.999518131415453,0,0.8012144076501817,1852.84,3,0.07459137389501687,0,0.6811940445565128
S1,RawMaterial,27.64,25,9,0.050688044403220306,0.5800644539843893,0,1.0578527414045993,1672.43,8,0.013281958817106887,0,0.42753079999731397
S4,Electronics,94.94,43,13,0.07327402143357924,0.09205532109746228,1,1.0657080900624174,3844.13,1,0.11112962897464637,1,0.170072541945694
S1,Office,97.88,20,8,0.019807712005863176,0.5191071837016356,1,1.0642506301156172,1504.01,9,0.032934658781212794,1,0.3745494809655974
S3,Electronics,43.86,29,12,0.02180921284064659,0.04996196467183989,0,1.0082378722058278,2337.86,0,0.01465465064064837,1,0.12223422836958361
S1,RawMaterial,93.1,22,3,0.06315778405210494,0.28865204831296587,1,1.0444416292439211,1735.51,3,0.07170869232380729,1,0.21356713563198246
S2,RawMaterial,59.03,15,8,0.038245778345431164,0.44596111597618315,0,1.124197724614836,1573.86,7,0.011191361669941969,1,0.33619326023219637
S2,RawMaterial,34.28,39,12,0.04820948672323479,0.5342704866019119,0,1.1136787114753526,3321.93,4,0.09441655004724807,0,0.42073942369240325
S4,Electronics,73.22,10,4,0.08361348687787407,0.9761813997282548,0,0.8138501508713643,704.43,8,0.09607098754698677,0,0.6393643144717437
S2,Office,69.3,21,6,0.049908330106452514,0.9822217238041521,1,0.8121746142949235,4050.04,9,0.038505295969951385,0,0.6471626761715698
S3,Office,99.02,29,12,0.06524993806091711,0.0980693699063544,0,1.1355779251081966,2958.05,2,0.14468016327113903,0,0.16413088907637347
S1,Electronics,33.85,32,10,0.06567750416599723,0.5381326727628892,0,1.0298918750122252,4227.97,8,0.12366773801197349,0,0.41401142633610416
S4,RawMaterial,70.49,10,2,0.08036119429560183,0.817109395192114,1,1.1829709341076768,1458.57,0,0.016438043684959124,0,0.5286597096896631
S1,Office,14.68,13,8,0.06381394884910242,0.23771282025275475,1,0.9726366387665903,3692.33,1,0.11227681910086425,1,0.21891473394924071
S1,RawMaterial,20.23,47,13,0.006480982565386251,0.7505630985884716,1,0.8706967285582976,2392.63,8,0.052961203141475156,1,0.5451392967798416
S3,Electronics,10.35,23,9,0.03421729826868402,0.8786190557049793,1,0.9892939649551237,845.62,8,0.11254327824734382,1,0.601722337189307
S2,RawMaterial,99.95,23,7,0.09893161835092101,0.6624873960354586,1,0.9746177231846093,3886.14,9,0.12011921885289133,0,0.47717192312655143
S2,Office,82.2,31,8,0.019651028880791878,0.32770334884511887,1,1.0068709525754065,3929.84,4,0.022706708409069243,1,0.25966017511416606
S1,Office,80.81,4,7,0.05867290784146886,0.9231323193405726,0,1.1231788935507798,1719.13,9,0.09927629772568539,0,0.6214812639567843
S4,RawMaterial,55.88,49,11,0.08429406398772615,0.8835200936741688,1,1.0622335951747104,4622.21,3,0.12940949407339628,0,0.6339717039722477
S2,Electronics,37.01,3,10,0.058655856074735405,0.7158253187940375,1,0.87411013095975,3937.86,8,0.048506043607601,1,0.5185205195274145
S4,RawMaterial,23.61,21,4,0.03722702581266773,0.3636681134371731,1,1.0937909025420245,1880.41,9,0.012049245627144656,1,0.25794040437753274
S2,Electronics,35.62,2,1,0.008022856271770573,0.7918963623947993,0,1.0367584853113727,1575.99,1,0.0040901219908798135,0,0.48468753146126786
S4,RawMaterial,43.84,4,3,0.0361664902536095,0.3161089815021412,1,1.0313242922150725,2480.4,2,0.016500144059509284,1,0.221943907405939
S3,Office,78.07,1,7,0.01820675115742896,0.2529528513335707,0,1.071302752974254,1817.55,7,0.0006308881924520837,1,0.20723373614737112
S4,Electronics,58.57,15,11,0.096086281628198,0.5150133869112811,0,1.0255861834626128,1476.6,0,0.049041891358924235,0,0.4164053452066566
S3,Electronics,16.97,33,11,0.07150318415582864,0.9971352250012507,0,0.9830054945352373,2295.95,1,0.04489928819436721,0,0.6983035188189275
S3,Electronics,11.62,6,7,0.07493831543598622,0.8043219414341211,0,1.0561521131256384,615.67,4,0.01655119015311272,0,0.5550746594912686
S4,Office,19.21,7,11,0.04359692660003781,0.7297927321183237,1,1.08949082782023,2306.35,6,0.09766768171541967,1,0.5295261458224341
S3,RawMaterial,46.94,19,13,0.010996482813170616,0.4520127466939773,1,0.8903067771324763,1497.48,9,0.14878595367594147,1,0.3673637357174804
S1,Office,93.99,44,3,0.026671648616732102,0.31195000918581606,1,0.998819957695245,1689.5,8,0.13513896222668825,1,0.2166000715250807
S3,Electronics,67.37,1,1,0.025971110406633014,0.8559007631505159,1,0.9832689853060494,871.49,2,0.03792758995155824,1,0.5284746481551565
S2,RawMaterial,82.16,39,10,0.04867793508015437,0.5677327799810192,1,0.8159613082445154,3150.19,3,0.11549724494573205,1,0.42667161994122926
S4,Office,51.97,19,9,0.04609797866933572,0.8132549511218989,1,1.1337754625696024,2624.04,9,0.14052948949275287,0,0.5660680785596544
S1,Electronics,42.55,45,12,0.04334082173718404,0.48775370957097863,0,0.9509528095753698,3877.82,0,0.13595463555683227,1,0.39136875797802806
S4,Electronics,19.76,26,6,0.049597746669274106,0.7539574940121003,0,0.8290756932804836,4941.94,0,0.13268242819669326,0,0.5101109632651852
S2,Office,88.83,44,13,0.09870230819814751,0.8677410586716948,1,0.9831596388305925,1037.9,0,0.11796757682663901,0,0.643112470519604
S2,Office,80.48,12,13,0.029835363065288334,0.39139002646999954,1,0.864592322436639,1725.91,3,0.04394872141665712,1,0.33664176765872905
S2,Office,25.13,22,12,0.06152691603435876,0.013569569904015921,1,1.081765765853866,3571.04,8,0.012534459931618835,1,0.1123141024670029
S3,Electronics,56.1,13,7,0.023950774404030484,0.254926566020909,1,1.0287086300670607,1567.9,7,0.07317290292689328,1,0.2101411719337546
S3,Office,53.86,28,1,0.04666062659261821,0.9149150410844089,1,0.9080455227911741,635.66,3,0.00821867015345053,0,0.570090069771288
S4,Electronics,66.26,14,1,0.02000492331463749,0.687542260552291,1,1.1801895436603895,994.13,7,0.1497710526802543,1,0.4256696904686229
S4,Office,95.16,22,4,0.05581922352997577,0.7372187164369404,0,0.9166981393022323,2451.32,6,0.05374645245971076,0,0.4876484254925855
S1,Electronics,62.18,30,7,0.026501178648366753,0.32528861426542144,0,1.0219987627907683,2438.53,5,0.14375098775833411,1,0.2531235221537629
S1,Electronics,58.62,44,14,0.003678891671883078,0.7012729846749951,1,1.1206271297164196,4875.37,9,0.11596814878513734,1,0.521867458306562
S4,RawMaterial,14.53,20,11,0.081527109147282,0.6462821454094252,1,1.0055569191817952,2596.78,1,0.06169364305361997,1,0.4907988485612683
S3,Office,15.66,44,11,0.012825511212041752,0.178373663477029,1,1.1843422703101139,3551.3,2,0.017746711907405944,1,0.1894432800212585
S2,Office,26.86,27,8,0.03680387991169056,0.9686907774306446,0,1.1375418267918058,2714.9,3,0.0355789635517074,0,0.649398487574751
S4,Electronics,12.92,38,10,0.04771776091112029,0.35402559334774,0,1.1684076056003583,1714.63,6,0.10095668642241037,0,0.2981592557105515
S1,Electronics,76.9,42,9,0.04324800004219274,0.32928697384004224,0,0.9490810335017756,974.53,7,0.12449028050681328,0,0.27483229860239744
S3,Electronics,75.1,41,1,0.0725665763690009,0.369161544230198,0,1.0193421669645035,4365.83,7,0.14691607377469765,0,0.2504097565916762
S4,RawMaterial,22.25,34,4,0.059677659593094436,0.09171961532076933,0,1.1360665181973602,1186.98,3,0.019824327602055675,1,0.10150649564181849
S4,RawMaterial,85.25,39,4,0.029537118270748598,0.6249635170932158,1,1.1614000137210982,936.02,8,0.023392101807740404,1,0.41241067430858264
S3,Electronics,23.93,41,3,0.005170299984067018,0.2386242437463968,1,1.1777454311874085,1462.23,7,0.006365921503521954,1,0.1661542076716296
S4,Office,37.11,44,7,0.07675951182531764,0.8033127563841809,0,1.1516607973119024,511.2,4,0.0390546788253283,0,0.5550155073781038
S3,Office,32.41,37,1,0.03525271266784217,0.3941561801339458,1,1.0923019616300937,823.84,2,0.1231601158216966,1,0.2542123790235773
S2,RawMaterial,43.51,1,9,0.08897247409999692,0.458558482290652,0,0.809685922212772,3358.39,1,0.029738528509636146,1,0.36611254589010456
S3,RawMaterial,32.92,15,13,0.039505677360325044,0.646422054115559,0,0.9259813797901852,1595.96,8,0.08217971248426034,0,0.4925620785345758
S3,Electronics,54.01,32,8,0.07176586061377073,0.7618711339537392,0,0.8515745139573723,2023.3,0,0.06696107970090298,0,0.5357952956992318
S3,Office,46.67,8,2,0.09395647032346793,0.2311153048481117,1,0.8619034405360594,4258.85,6,0.0488739363510204,1,0.18114183829162167
S4,Electronics,98.79,33,2,0.06511524506354797,0.9662943297181461,1,0.9163628749531568,3978.05,6,0.09275196201816961,0,0.6135968856356663
S4,RawMaterial,15.03,18,8,0.04134889133975048,0.6223215459666812,1,0.8298961828754211,2715.12,0,0.07534886839952933,1,0.442940452124791
S3,Office,22.8,45,11,0.056739926878594284,0.005638623500387574,1,0.8972127249296863,3258.39,6,0.05021447602268731,1,0.0989765807352394
S4,Office,14.75,29,14,0.05434451885418926,0.41562220992355114,1,1.1827915346156563,886.15,0,0.10332763276800074,1,0.36567668161038747
S1,RawMaterial,66.33,32,1,0.058482003665336284,0.43681782063075425,0,0.9247774314352784,3927.18,1,0.04199522865578098,0,0.28677815062091055
S1,Electronics,14.91,33,13,0.014681998564134581,0.809164975974397,0,0.8638852279696094,2822.86,8,0.09647750096917214,0,0.5827607280110214
S4,Electronics,85.28,5,7,0.069850988240131,0.30513977412050386,0,1.087320072167923,3069.27,7,0.14358688025123262,0,0.25403916094434165
S4,Office,56.07,18,9,0.01450432716691872,0.33122651629496347,1,1.1314020600208998,3494.87,8,0.10934279687722746,1,0.267372922212768
S3,RawMaterial,57.43,48,12,0.0014616884317613988,0.07049409285256791,1,0.9256151398385934,2750.79,8,0.0627599339454492,1,0.1284492479553549
S2,Office,60.54,10,3,0.06247801006840636,0.2835460245258148,1,0.9113989242313484,2847.62,3,0.11213389818037875,1,0.21029958916458222
S4,RawMaterial,25.37,36,7,0.01169135721755914,0.71696170148585,0,0.8967038191620135,2748.36,4,0.12138627252002251,0,0.48368442805677775
S1,Electronics,27.79,33,6,0.07704116367112733,0.6347569195598196,0,0.9573044956265493,2735.68,9,0.04887607004969631,0,0.44682364369437283
S3,RawMaterial,38.69,23,7,0.08659659535008206,0.08139408800789405,0,0.8348927031355567,3875.92,6,0.10576983234874329,1,0.12481543140976105
S4,Electronics,63.41,40,7,0.09447367902839264,0.11469389211478298,1,1.0676516906224824,2422.44,5,0.0651594294110122,1,0.14715843897738756
S1,RawMaterial,28.91,5,10,0.06644769629063917,0.376925963925108,1,1.1288905301025836,513.02,8,0.1227783722672803,1,0.317518458670828
S1,Office,20.47,34,1,0.04820148928923042,0.7437577621410097,0,1.0654729118956872,3254.28,1,0.04430663927630411,0,0.46785796121423207
S2,Electronics,97.31,24,14,0.03522810807057991,0.83291827812863,0,0.9684798759572194,4786.98,7,0.1406639505036649,0,0.6103193992983519
S3,Office,11.98,17,3,0.04909250939863308,0.014624043010017407,0,0.9155848989376957,1656.32,1,0.08621804058959602,1,0.0449307500541718
S3,Office,82.24,31,10,0.019035222836031353,0.3290105773074007,0,0.9637784658046294,4172.87,1,0.05299549709035729,0,0.2745454846638212
S2,Electronics,80.92,7,1,0.0348422647789093,0.424261863628575,1,0.9695349939548995,2549.71,2,0.0629056903067733,1,0.2721526547536749
S2,Electronics,36.75,17,5,0.07179305248344979,0.9111328107904566,0,1.066408331389003,3393.42,3,0.05216979199710487,0,0.6039318879335945
S3,Office,22.21,28,3,0.021742297113421318,0.5014065577094429,1,1.1712241422602259,4508.93,5,0.021936950378573294,1,0.3287951951882635
S3,Office,23.11,38,1,0.026406713567366503,0.26970076524568376,1,0.8282345957791756,3969.56,5,0.010273859533120383,1,0.17688533036047735
S4,Office,72.77,22,2,0.07493282557078487,0.3900470651638448,1,1.1813414371534487,4480.58,1,0.04826680427073914,1,0.27079380105525663
S4,Office,67.85,15,10,0.01778359358272208,0.4364344414947472,1,1.1640805134248138,542.84,5,0.06880356616172849,1,0.3386243144002364
S2,Electronics,80.45,37,5,0.024588758647337772,0.6699958735292785,1,0.8470929201371555,1342.92,7,0.05427254091540285,1,0.4450884374260541
S4,Electronics,94.37,15,11,0.0017547562822650355,0.04108778296742521,0,0.8734340124341335,2405.72,4,0.0020879255500968305,1,0.10375052523656321
S1,Office,72.27,25,3,0.07200515995351069,0.3894516630243503,1,0.9246382405787692,4315.29,0,0.08685093689287178,1,0.2767011172292348
S4,RawMaterial,24.03,21,6,0.06179035655664339,0.6465546369144514,0,1.0238664163860767,4272.76,7,0.021722471983641106,0,0.4493270319728067
S4,RawMaterial,31.91,38,9,0.06943854525115413,0.28332231536439745,0,0.8537904784314454,1333.13,5,0.0316507917842424,0,0.255110667079699
S1,Electronics,85.8,2,6,0.021432776195331318,0.5917510066641541,1,0.8801339813087549,1140.09,1,0.01811228014218007,0,0.40433757971423473
S2,Office,28.84,27,2,0.06873763907278714,0.3572789301040441,0,1.1610701175758718,4256.16,6,0.07806490950427752,0,0.24927436406997688
S1,Office,16.53,49,2,0.05963766176932567,0.7587208675067755,0,0.8437202523083703,2936.45,7,0.014273893862103015,0,0.48740953332057724
S4,Electronics,73.3,32,13,0.03661229792220033,0.06059769646249347,0,0.9595513060557358,3320.46,1,0.03845358737758692,0,0.14019945011129903
S2,RawMaterial,46.23,21,13,0.04378258116344047,0.9179619807013564,0,1.1052007110634834,4141.43,0,0.06775630764299895,0,0.6567691056269888
S4,RawMaterial,92.8,4,8,0.05679205032734082,0.17161254794897562,1,1.1554332467562953,1452.86,5,0.025156332775780683,1,0.17714800101044476
S1,RawMaterial,68.52,44,11,0.04932921760875567,0.15854708674934914,0,0.9344170250386752,1114.18,5,0.06693620425527495,0,0.18849844590366477
S1,Electronics,18.14,19,8,0.06418280659693712,0.8406429447732126,0,0.8657750021430265,4365.7,7,0.05141026885760879,0,0.5807834659858658
S4,RawMaterial,95.31,2,6,0.018097957760599515,0.8692829230238887,1,1.0948046636382247,1002.98,6,0.12908957660544085,0,0.5698562839996558
S3,Electronics,33.27,26,10,0.05407099549161969,0.09297331344580029,1,1.1090231034692706,896.81,7,0.11923548189424339,1,0.14343385814353754
S3,Electronics,40.35,34,7,0.04502794828645408,0.9087189280149103,1,1.1920133776242177,1746.84,9,0.14892818751982972,0,0.6087397412948825
S1,Office,46.2,14,1,0.04610204940139983,0.27329786672897627,1,0.8558167405773618,1925.82,9,0.07933675994481712,1,0.18495219200066285
S1,RawMaterial,14.61,15,12,0.04693820505825953,0.6186216854080555,1,1.0837683530677404,1585.11,4,0.0863095640336325,1,0.4709687584765969
S3,Electronics,54.69,20,9,0.08814719638223173,0.06859349040789575,0,0.9669170150938621,3837.3,1,0.14199687721735993,1,0.13188596744512127
S3,RawMaterial,21.1,34,5,0.08186274411366157,0.38066110112820095,1,1.1658517750269817,4880.09,4,0.05993883220312777,1,0.2886697696253047
S4,RawMaterial,46.09,36,9,0.06295699611705367,0.4507246091045378,0,0.9631323537333543,1398.16,1,0.08335240267622883,0,0.353607578583553
S4,Office,41.56,19,2,0.07164869356023688,0.5998265693563105,1,0.9783841502250664,4018.33,8,0.05686282435882105,1,0.39567626396757166
S3,RawMaterial,79.56,9,14,0.004280263606810664,0.5252719714144657,0,0.8507186392746937,699.09,4,0.08187910588471393,0,0.41644726193072257
S4,Office,82.29,7,8,0.07439917193796687,0.4614929614915926,0,0.928374714036352,1035.06,0,0.012114964877630918,0,0.35635838561920274
S4,Electronics,23.81,30,7,0.04861646884536487,0.9596402117655879,1,0.9603361881569137,2818.03,8,0.1175691140015597,0,0.6403690677129622
S2,RawMaterial,42.99,13,11,0.03177475645481276,0.18502277698775915,0,0.8070035017511404,4998.24,9,0.1477919921143566,1,0.19911752170052788
S4,Electronics,43.6,27,14,0.013977696593814294,0.15799423064666818,1,0.9750297873771316,4772.15,4,0.009861060365933089,1,0.19898984736614522
S1,RawMaterial,23.63,44,4,0.00752087903519918,0.7134190609006716,0,0.9345274205069225,1003.74,0,0.12015595953472115,0,0.4588791288223913
S4,Electronics,81.86,35,3,0.004488568549672312,0.07455188487023212,1,1.1215358943201967,1578.59,8,0.036260220074255056,1,0.0675062729156124
S4,RawMaterial,73.65,13,4,0.01617961748902408,0.48289145599427674,0,0.8428450453783172,4756.06,8,0.029632057991547195,0,0.3231601874147018
S3,RawMaterial,27.13,15,4,0.0030143794797741655,0.48405311915220717,0,1.1040844507691565,1178.26,9,0.10400555974101847,0,0.3199076139066851
S1,RawMaterial,43.0,46,10,0.0732642242442521,0.31002533095909135,1,1.0856046173106937,3842.55,9,0.006619837283487256,1,0.2794230372773019
S4,RawMaterial,19.52,9,10,0.02486141190217397,0.9304437416801977,1,0.8967129311132424,504.99,8,0.06948590208785406,0,0.6371532400073422
S4,RawMaterial,66.54,45,8,0.036874042693200916,0.28254343509601143,1,0.8333086673367189,3342.7,5,0.00021666988729819868,1,0.23773113100842425
S2,RawMaterial,20.92,23,13,0.08227162138158829,0.28844195223824654,1,1.1367333783022784,2725.7,9,0.08315910429697108,1,0.29060380061456725
S4,RawMaterial,98.73,36,13,0.011465749652459068,0.23429996422372112,1,0.8997720170979654,2619.61,9,0.06931225015974349,1,0.23687684628711325
S4,RawMaterial,80.26,40,4,0.08355940302362128,0.14578803522056305,1,0.8582240478828393,4231.36,1,0.13732239100210086,1,0.1411120706108528
S2,RawMaterial,45.12,3,14,0.06395403505502882,0.3640110553484528,1,0.9436146407652768,863.3,6,0.1080407854176623,1,0.3375928437255803
S3,Electronics,62.07,34,5,0.03420295146046031,0.6808872600004301,1,0.9603531294636208,2197.99,1,0.018900925781841188,1,0.45450752715268183
S4,Office,92.02,19,2,0.011780721306768428,0.7421628627707558,1,0.9304351919120353,2507.17,3,0.05318099396279209,1,0.4631176483401983
S2,RawMaterial,59.87,28,13,0.009149269734091248,0.813418916430681,1,1.1905924450027805,1057.67,3,0.13973696545182177,1,0.5836532736357789
S1,Office,25.7,23,4,0.033551434607932064,0.19754388853155858,0,1.15232826771854,885.5,9,0.10880012209111346,0,0.15716319207274335
S3,RawMaterial,44.08,40,7,0.014034197271804584,0.03563268823972976,0,1.1491901985836355,1308.26,6,0.08914126724794336,1,0.07558987212537924
S1,RawMaterial,85.88,49,3,0.026771029647527478,0.9746858584883918,1,0.959507036208308,1584.71,5,0.08386073861803525,1,0.6142713954158648
S1,Electronics,67.98,45,14,0.005295580045132454,0.014332519286428536,1,1.1851478558953974,4847.27,9,0.0597147699605816,1,0.11018818558539686
S2,Electronics,68.57,7,14,0.05950084216966989,0.9606788379580585,0,1.073606118516679,2640.26,6,0.08778021940034662,0,0.6942575554257361
S4,Office,88.01,41,1,0.01452761169538045,0.8288144187117998,1,1.1327978674820307,2796.3,5,0.11574966223013855,1,0.5087897918785511
S2,Electronics,90.46,12,13,0.0756732313125627,0.9120747610251365,0,1.0003500500217448,3681.49,0,0.019130651453455123,0,0.6628039688659936
S2,Electronics,92.78,14,8,0.02181749762779721,0.387185712611146,0,0.864246917279741,3579.2,3,0.1454745959472187,0,0.29599953399788387
S2,Office,18.54,46,8,0.0797976579338186,0.1972019988510333,0,1.1547542019938706,2762.5,2,0.03590473036334617,0,0.19940335383362268
S2,Electronics,58.97,15,6,0.01898819862258677,0.6064636851755649,0,0.9945706957488698,2029.27,6,0.06716140221560624,0,0.4124318135492579
S3,RawMaterial,76.65,3,7,0.07213665637012986,0.7412511707164868,0,1.1874219636340788,1989.73,6,0.0034073436971672976,0,0.516391699340931
S4,Office,78.12,15,10,0.03330746796251973,0.13086106632466055,1,0.9019444045610098,759.7,3,0.0825518884437728,1,0.1599374516121237
S1,Office,64.6,24,11,0.05831199948890084,0.797621514684534,0,1.1969515965724897,4548.34,6,0.05728002708924357,0,0.5746379372288193
S1,RawMaterial,25.01,46,2,0.0038661814321738434,0.20859332001255793,1,0.8889698727888596,3962.28,3,0.03746338084094975,1,0.1406015607229012
S4,Electronics,81.77,8,5,0.04952444343542575,0.49167729290845996,0,0.9472667032093878,3305.04,8,0.14782863806735336,0,0.34557799448998944
S1,Office,74.81,5,12,0.014868789470206324,0.8564824498781529,0,1.0376066091699703,2282.37,2,0.06422117140084116,0,0.6040643924822394
S4,Office,17.75,4,7,0.04863202272490265,0.19342451104269254,0,1.077329223673798,3121.1,9,0.06214445453908456,1,0.1806443134430863
S1,RawMaterial,51.74,14,9,0.014135913088614971,0.24188464798278753,1,1.0881128676025629,2682.9,1,0.06946548967214643,1,0.2136572770019713
S2,RawMaterial,25.66,16,1,0.04370891201393709,0.06277115649919152,0,0.9905009635711091,1732.71,4,0.017423066859924195,1,0.05791822464655318
S1,Electronics,40.37,20,3,0.011062082023228836,0.14661411178313044,0,0.8307307827456408,1843.58,8,0.058964416472241765,1,0.11271566310541833
S4,Office,11.63,24,6,0.02199515177342958,0.1465258197813687,1,0.9984192606864405,4435.16,2,0.050460638865834205,1,0.13737118025799294
S4,Electronics,46.03,6,14,0.05950789355038547,0.20342750215413752,1,0.9338751810145585,3357.09,0,0.06976866881438315,1,0.23990886935759817
S4,Electronics,59.49,31,7,0.09766606372101422,0.2862003970649839,0,1.0630622436074892,506.4,8,0.1284931750261923,0,0.2510200573552946
S4,RawMaterial,65.76,6,6,0.0449184768391972,0.8149833644785408,0,0.8729102336662846,1970.92,4,0.028917809183866022,0,0.5453227045960264
S4,Office,69.71,35,1,0.06871736926095025,0.9157638641811174,0,0.9575649299005411,2029.75,1,0.09116089885794339,0,0.5772163864298127
S3,Office,85.27,15,4,0.05394246710443752,0.40628060922895026,1,1.186447661600213,3678.51,5,0.005645563462789221,1,0.28852253424012997
S3,Office,29.39,29,6,0.049835793429443775,0.12820895198831084,0,0.835546959692121,3652.04,2,0.047518875315003144,1,0.13473325207896247
S1,RawMaterial,20.84,3,8,0.006470419683985118,0.22380992509553066,1,1.040933663176464,2588.7,8,0.07089864286390386,1,0.19336993810537106
S4,RawMaterial,86.64,11,10,0.014429740227527944,0.7362059768552255,0,0.8362592916194144,4779.41,2,0.011141872619633463,0,0.517481079609965
S1,RawMaterial,24.1,3,14,0.08830577292325674,0.6774255192128897,1,0.862798262375984,4425.03,1,0.08159519019352514,1,0.5329470434047109
S4,RawMaterial,97.73,28,4,0.04101643150418033,0.9672073016056905,1,1.0419737554452229,4397.95,2,0.04654884316081201,0,0.6212007389860968
S4,RawMaterial,85.83,10,7,0.0614332476584791,0.014488680595083236,0,0.9775982090311146,2067.19,5,0.1489215020388469,0,0.07712318265459367
S3,Office,55.08,33,11,0.05282332327149584,0.7507587602823569,0,1.0193995987800681,2439.5,2,0.09464542532785071,0,0.5448736817222914
S3,Electronics,98.33,48,3,0.037888237955123485,0.5057936004529816,1,1.151948868238037,2385.33,8,0.0366262794023576,1,0.33627120308689745
S2,Office,18.76,16,8,0.03878165426109312,0.9026929779224593,0,1.1268960970043889,2481.2,8,0.015400986817130329,0,0.6103931401746606
S3,Electronics,37.28,10,1,0.05554650059086728,0.576166674126867,1,1.155192579771405,4501.45,8,0.006107966905730921,1,0.36950681179623746
S2,RawMaterial,67.44,33,4,0.014114180147574363,0.44666772446141545,1,1.046501968335285,1621.04,1,0.013615989656281741,1,0.30080631729255014
S2,Electronics,41.5,36,8,0.0387259040254434,0.6658506094929948,0,0.9958572678856057,4109.88,6,0.10200892905434002,0,0.468270994046287
S2,Office,93.55,3,10,0.044697556940273914,0.8335234421809976,1,0.9836790327120087,2813.18,1,0.128248841399151,0,0.5849519038192521
S2,Office,15.91,5,4,0.09851262236761243,0.28249855017285197,0,1.0959234224889776,1620.88,0,0.02350996720666168,1,0.22762434538542348
S2,Electronics,59.45,12,2,0.03514547692857178,0.10752704378425793,1,1.0085199513299852,2872.82,4,0.060320168032913166,1,0.08934558363484058
S1,RawMaterial,63.18,44,2,0.06445788958808689,0.43301811831932047,0,0.8423075185048876,1379.49,7,0.05313530147938373,0,0.29343395215373264
S3,RawMaterial,68.75,13,4,0.013741549982646817,0.21451987281172857,0,0.8567756096233046,986.81,2,0.0966777136782109,1,0.16140581725325975
S2,Office,33.01,24,13,0.006548138183021912,0.4295411753952091,0,0.942833107085561,4271.8,6,0.027401682258550424,0,0.3525462895491749
S4,Electronics,42.81,44,4,0.08715420140012303,0.9910481727989501,1,0.8271293487884755,3646.95,5,0.1429978965671267,0,0.6493465926708355
S3,RawMaterial,85.93,32,2,0.07307349024056865,0.5741220937740219,0,0.8956924877839721,1422.41,0,0.10928345728359846,0,0.380681017622298
S3,RawMaterial,27.54,16,7,0.031749928759456904,0.6936002228467437,1,1.0625603412854185,4740.33,6,0.14326078183269678,1,0.4756851123358833
S2,Office,84.42,32,6,0.0504578002897229,0.6779284224614185,1,0.8049721249188987,609.79,2,0.041605386743004964,1,0.4647515364209108
S1,RawMaterial,60.64,45,11,0.013574418445183856,0.8207008362860635,0,1.041637146232599,1999.76,3,0.08815734567878335,0,0.5750642558766218
S2,Electronics,78.6,37,3,0.07071602939808602,0.9441285990153796,1,1.108942769280732,597.44,9,0.10984019056655032,0,0.609120539657225
S1,Office,74.22,36,8,0.0070330592087438975,0.6588180982080535,0,0.868061500612439,1140.34,1,0.10664343341516007,0,0.4545436338303124
S4,Office,28.68,21,8,0.0757033056941202,0.4760946447532082,1,0.8723874252809635,1310.36,0,0.0032019149142545277,1,0.3655106357030181
S3,Electronics,61.19,47,1,0.05468365102699866,0.31783094641791143,1,0.8115425466053923,4146.51,4,0.14974337452348274,1,0.21424652030170357
S4,Office,88.1,12,3,0.027885053008676476,0.3602743001238671,0,1.0049800155333846,4968.68,5,0.13920899591531774,0,0.24595866740549463
S1,RawMaterial,48.89,21,5,0.08625743540614568,0.33448060812405667,0,1.061835022749087,4402.94,1,0.017962812190891606,1,0.2622798812105634
S1,RawMaterial,96.99,21,2,0.09860718703388544,0.3244654912738899,1,0.9827638328338475,3358.1,9,0.08153501614427557,1,0.23854716516021385
S4,Electronics,50.7,43,12,0.0254349101197638,0.6946250043820943,0,0.9557795238504847,3753.16,5,0.047183468297912416,0,0.5101197613794713
S1,RawMaterial,22.85,6,12,0.08062461495859326,0.5877090299518641,0,0.9817651269174669,2852.69,5,0.13183410238864296,0,0.46252708817298216
S4,Electronics,45.05,9,5,0.07501663163764574,0.20199504491772624,1,1.1126112874898622,2401.45,7,0.10462794458822312,1,0.17941630215621518
S3,Electronics,95.65,1,11,0.07471901211056695,0.9696260191661958,0,0.8134057229381436,3614.76,7,0.03352757350985895,0,0.6827627437043162
S4,RawMaterial,38.77,12,10,0.09572356114840273,0.42772551535431924,1,1.1135274243330433,4879.03,5,0.005079171805093618,1,0.3567809489856838
S3,Electronics,88.13,14,3,0.04866170923019924,0.5660864010680784,0,1.0665368462667164,630.02,6,0.04376127039221612,0,0.3756789248384782
S4,RawMaterial,89.31,6,9,0.06741680405566547,0.7026009667897627,0,0.896570621662968,1913.38,3,0.005720590921175711,0,0.5060713355762716
S1,Office,41.52,1,11,0.08238773636258041,0.6136773766768955,1,1.0098958904960729,1985.27,4,0.02119660694975434,1,0.47149417548634
S4,Office,17.49,22,1,0.047953644504302645,0.31105176909560084,1,0.8197162682609779,2364.13,5,0.0954207062420567,1,0.20816001195150843
S1,Electronics,75.21,34,4,0.048143120281200595,0.7977065734873767,0,0.9518354681357205,3321.01,5,0.11176276021770373,0,0.5216383087482148
S4,RawMaterial,38.04,11,10,0.031865475406735136,0.11015363957962687,0,0.869616991630854,2811.89,2,0.0702025350008639,1,0.1470803977983681
S4,RawMaterial,80.46,3,6,0.07808257128271341,0.5689958347036714,1,0.8089201544082616,584.28,8,0.09004318060411928,1,0.4076794150641597
S2,Office,49.84,42,9,0.06861957796855565,0.27331722301410066,0,0.9428357991063864,2352.24,3,0.02338275543990142,0,0.2488619214847414
S1,Office,53.67,6,3,0.045113989950104995,0.6157623676730183,0,1.0904449669577743,3287.52,7,0.04751927557990607,0,0.4044201890174139
S2,RawMaterial,80.01,6,3,0.04193366573987367,0.21799348108436978,0,1.1684087469433617,2771.71,3,0.10693257709166308,0,0.16480475980115541
S1,Electronics,44.41,20,12,0.0072589643169118645,0.7721996552093382,0,1.0649054052362599,4424.28,5,0.05473366741276426,0,0.5512117681349622
S2,Office,49.88,21,5,0.0006501146828415517,0.22753633126583261,1,0.9607880512521562,2293.68,0,0.05232168353816842,1,0.17243111887863777
S3,Electronics,43.86,2,7,0.052889396653184345,0.8903921349668326,0,1.199798444960751,556.51,1,0.029098895553906844,0,0.6001020999760549
S4,Electronics,43.06,26,14,0.04174928523515995,0.8615549046702311,1,0.9131774032400841,1782.04,5,0.08922373140978619,0,0.6294577283726867
S1,Office,57.34,31,5,0.07960367599017643,0.36239345201381123,1,0.8748525730832722,1110.53,2,0.1214307909028797,1,0.2770314597196254
S1,Electronics,82.79,26,11,0.05426540563071215,0.38582028887402586,0,0.9854729076903672,1626.04,6,0.07041675429084535,1,0.32634322358505774
S4,Electronics,42.56,32,8,0.09367060433822255,0.7015034576874905,1,1.0019645661767231,2129.4,0,0.01733088847066338,0,0.5061461130568181
S1,RawMaterial,57.18,10,5,0.019614079886099856,0.09037353797248393,0,0.9419293520173305,3544.95,2,0.12575511478641743,1,0.09582263246360603
S1,Electronics,70.37,23,7,0.09901503403850398,0.08091941217567933,0,1.078199631618128,1958.76,2,0.010709565690230004,1,0.1282561575169588
S2,RawMaterial,34.25,6,6,0.029791919431210637,0.13632419683394315,1,0.8735457647712869,4478.49,0,0.07075910598018009,1,0.13358923678687193
S1,Office,34.98,23,14,0.0642423973573306,0.5624753354498523,1,1.0041359039003224,1848.06,3,0.039161600423586955,1,0.4567579204771106
S3,Office,94.01,28,10,0.050185371361665135,0.14900230483109322,1,1.0000507834003154,1116.2,7,0.14044772344801268,1,0.1758855657357269
S3,RawMaterial,75.12,49,13,0.03595764012492494,0.2776172817729814,0,1.1295145690726556,1259.89,6,0.11063147969228092,1,0.27021480395840913
S4,Office,61.95,30,2,0.013930918326544662,0.6469114075402079,0,1.170787279504322,4705.61,6,0.08496134744518805,0,0.4066118343078024
S1,Electronics,68.29,14,3,0.013483415145221167,0.015623777836715536,0,1.0653063494842638,2546.67,4,0.10016331610340341,1,0.034847862674167104
S4,Electronics,12.64,37,11,0.07115058273781953,0.18023660795346985,1,0.9221486361338564,2314.07,3,0.07990908942187357,1,0.20805856816485632
S3,Electronics,65.63,32,11,0.03776413829763114,0.9299306628757037,1,1.0758444079473164,810.05,9,0.022140141782911488,0,0.6478590677861402
S1,Office,55.86,49,4,0.09612979741329428,0.6635776234087131,1,0.9005484516962005,3799.94,5,0.10636480199948074,0,0.4555569418406447
S1,Electronics,59.12,34,5,0.032564848650633804,0.30555111422321346,1,1.186617756191815,3625.94,1,0.0739010928404237,1,0.22881440884340393
S4,Office,42.35,41,9,0.0983523721747963,0.04530342406116861,1,1.1289448476330852,2190.83,0,0.0951463906984101,1,0.12097348037485434
S3,Electronics,17.33,44,6,0.020542325659526274,0.586048808412427,0,0.9724761021864152,3612.94,6,0.006780249596590499,0,0.40064912560245697
S1,RawMaterial,27.4,22,1,0.010281438623105356,0.2228663098924406,0,1.1137374068566386,2153.53,3,0.02130521888448797,1,0.1439470746652531
S4,Office,95.57,31,3,0.031256973352295714,0.9601754387183332,1,0.9634622581447633,829.21,6,0.08840557138979854,0,0.60691092666526
S3,Office,46.78,7,7,0.0885584789428589,0.6869609549868446,1,0.8298440635118992,3821.45,5,0.0689143354624424,0,0.4887441166749644
S4,Electronics,52.0,41,8,0.052185194449528474,0.974123886346106,1,1.0827075492002423,4843.41,8,0.034031050343048104,0,0.6572727472853793
S2,Office,14.74,21,7,0.013565010593720806,0.8488988974115668,1,0.9618455332113762,3417.31,9,0.03611413808003322,1,0.5634088416250563
S1,Office,13.38,16,5,0.020249904960409505,0.4830274151905406,0,1.1721279267135447,1744.08,5,0.09474874688339137,0,0.3316057063167329
S2,RawMaterial,74.55,20,10,0.031126066214956328,0.6695631476541436,1,0.9226244857317146,1714.64,2,0.008845054039361094,1,0.4825042798855445
S3,RawMaterial,58.43,43,8,0.05901667378127078,0.8121071955393001,1,1.1373331285818373,4680.4,6,0.06513875163353598,0,0.5621121766008185
S2,Electronics,55.78,44,9,0.03323789398776207,0.5781784816626232,1,1.0721751380827056,1864.81,8,0.0784655257089914,1,0.42116417147961677
S2,RawMaterial,31.88,47,7,0.07470540820893272,0.0614875009682192,0,1.1413298464511565,3956.87,9,0.04622139041135011,1,0.10930412304361134
S3,Electronics,77.03,19,11,0.06162935561852966,0.4704463138736311,0,0.9167527508374222,3393.12,5,0.12308247427385044,0,0.37932802358116613
S4,Electronics,25.14,48,9,0.08738237373533402,0.1305733307866399,1,0.9845381613274576,3166.71,6,0.008515437385326518,1,0.16884442487829843
S2,Electronics,27.09,32,1,0.05009618263593643,0.7148467752101705,0,1.129251604494172,1314.84,7,0.1298674177870426,0,0.45107977705974034
S4,Office,51.46,15,14,0.03311764141010678,0.6806289156376021,1,1.0575275276738134,654.85,3,0.10848944893316563,1,0.5183126418055933
S2,RawMaterial,35.77,5,9,0.09962715678032041,0.9929081920521134,1,0.9439687597981339,2699.05,4,0.06693815683997953,0,0.6899187765510785
S4,Electronics,32.27,11,3,0.035563332180735575,0.6288098017941077,1,1.00479825028372,4946.71,3,0.13867010853187617,1,0.4093834521592567
S3,RawMaterial,68.07,15,6,0.042860263978051205,0.8001379423839416,0,1.1984392377453101,1380.92,0,0.10533574447420752,0,0.5357979874809232
S2,Electronics,68.59,29,8,0.08091272253580883,0.26828785088883256,1,1.0967391981655528,2915.92,5,0.13965680244885656,1,0.2423893844368993
S3,RawMaterial,84.21,45,3,0.008863623389309261,0.34002413529597975,1,1.0458090611120117,3519.41,6,0.07088846691233491,1,0.22810213962295203
S2,RawMaterial,47.59,4,4,0.038649010605851464,0.9170242523778372,0,1.1311645521734062,2676.55,1,0.06794596514930791,0,0.5903806831798863
S3,Electronics,16.58,49,7,0.008571009343828396,0.755192259625745,0,0.976812135508868,2781.2,5,0.07961139471692681,0,0.5056866585785955
S3,Office,34.63,36,12,0.013930586667275792,0.6552691747976377,1,1.1800256018586741,3475.52,1,0.009814005597870394,0,0.483054966593051
S2,RawMaterial,98.2,48,7,0.00046408254980069287,0.25402769258304025,1,1.020808491478277,4167.07,9,0.13627413770049543,1,0.20255584031476437
S2,Office,63.66,23,4,0.0009544292582375213,0.6985779287251651,0,0.9307488598505154,1999.79,4,0.10015755774627762,0,0.44800451458399887
S2,Office,73.88,15,9,0.0380287889502852,0.8867636450419513,0,0.8344079910286529,4546.74,0,0.09263785168640529,0,0.6077525379959705
S1,Electronics,10.66,46,13,0.08091638049477762,0.23079765489465642,0,0.9502780876988894,2682.05,2,0.13896953047058452,1,0.25561064994237
S4,Electronics,56.64,44,3,0.05870043605916932,0.7061239479158232,1,1.0274553508146282,3478.45,3,0.149045576641258,1,0.46271307099581616
S1,Electronics,13.38,3,12,0.06349140441376434,0.3936939533975087,1,1.0812992554932976,979.31,3,0.024509008598771535,1,0.34097807907692024
S1,RawMaterial,61.23,32,8,0.05192492375848865,0.11876741294061999,0,1.1500466771644293,2716.16,1,0.11234954773575352,1,0.1439807820347757
S3,Electronics,92.87,10,8,0.08197931441705587,0.763460676533682,0,1.1775843341295258,572.48,7,0.08699177617325791,0,0.5398130573881831
S2,Electronics,97.16,40,13,0.08803787251861743,0.1671367891843364,1,0.8409815384724512,2259.61,5,0.06914957828854194,1,0.2195505781233299
S4,RawMaterial,58.65,38,4,0.08497407281453753,0.25289627349037136,0,1.040361994399126,745.18,8,0.14664189024707183,0,0.20580141451001266
S3,RawMaterial,51.24,22,7,0.0812132105803039,0.7829420408786922,1,1.0666358596652104,4536.41,5,0.12753945167326697,0,0.5441291877013065
S1,Electronics,95.05,14,4,0.01827130735632838,0.7421327856246376,1,0.8688255267973436,3527.62,2,0.10451249761402039,1,0.47933249215310963
S2,Electronics,70.62,17,13,0.05938762253652211,0.254183066044395,1,1.018240272105366,4063.44,1,0.057401425078520925,1,0.2631832692447365
S3,Electronics,15.84,21,12,0.058216319609837024,0.9409646143463672,0,0.93393345423211,2604.56,8,0.09990612062320266,0,0.6677579502050571
S2,Electronics,51.92,48,1,0.05279440037476411,0.2152852250771915,1,0.8309669327943654,4333.54,2,0.07975411853391054,1,0.15215231230160126
S3,Office,31.62,15,1,0.0480812789296766,0.9936222149640324,0,0.8263463964668569,4428.68,5,0.037405267461404816,0,0.6177405698001794
S2,Office,52.28,15,14,0.00891704771863835,0.7378998719514395,0,1.1036851921773,2105.68,9,0.06755719847185111,0,0.5454150374864553
S1,Electronics,50.99,1,1,0.010216323390622195,0.39250769055140267,0,1.0461821807488085,2195.85,1,0.03183179521525686,0,0.24571236849088537
S4,Office,62.39,24,2,0.09022815704406234,0.13034920666248395,0,1.0860486712921473,2787.08,6,0.07506304398077768,1,0.11956368539642337
S1,RawMaterial,42.11,12,6,0.06301864391211986,0.32050995515961367,1,1.0741112618145574,690.1,0,0.10803571139176807,1,0.254068709126547
S4,Office,24.78,10,12,0.02623172144980064,0.19373851146504872,1,0.8537249199116748,4980.96,8,0.005496933572869345,1,0.20982690902825513
S2,Office,55.33,46,10,0.027930038921345626,0.6218395864940193,1,0.860626102609491,2116.32,0,0.11480695639779778,1,0.4529113350013867
S3,Electronics,84.72,42,11,0.06101948316486301,0.3568551531379567,0,0.9009934896828466,2618.79,8,0.002999098801251493,0,0.3109903654036615
S1,Office,69.76,42,5,0.04069349746356621,0.295007261243857,1,0.9596402347858759,3896.41,0,0.07759165544389879,0,0.2249266916996698
S4,Office,40.45,31,11,0.04413241709850946,0.7571331917183721,1,1.1756704899750527,1838.81,0,0.08602150607252451,1,0.5460910687320046
S1,Office,94.2,11,2,0.006064999053341902,0.23059943485018308,1,1.0695569445531778,1407.34,7,0.11418651894416862,1,0.1544648749118267
S4,Office,92.1,16,8,0.013873918710974476,0.5868893174255047,1,0.9020687737800138,1073.53,0,0.11415432350112253,1,0.4134386232114523
S1,RawMaterial,28.84,9,9,0.03933504265636626,0.19459609282354562,0,0.822393640730936,2876.08,7,0.06261831687643592,1,0.19284388277675152
S4,Electronics,13.55,47,7,0.06996864199347684,0.7147986077330956,0,1.0736895723225492,524.74,2,0.009955876634765198,0,0.49986975723790034
S4,Electronics,76.72,14,12,0.004802538759991315,0.6251214837525967,1,1.0501273883264208,3692.84,3,0.10402502291637258,1,0.46222793759384107
S2,RawMaterial,84.48,19,14,0.033455779283108326,0.798153515177031,0,1.0703053673448548,2576.25,1,0.07664790110886273,0,0.5889288428911511
S4,Office,97.11,31,12,0.0695071951934516,0.06849707476267897,0,0.904471861623432,2893.2,5,0.04995876849946523,1,0.14766468912992858
S2,RawMaterial,90.09,9,9,0.07920507904502913,0.21010544950502152,0,1.0067852868901452,1684.42,6,0.03523106741294856,1,0.21411050770223594
S4,Office,64.05,36,4,0.019022070409531334,0.15446036055346568,1,0.9446811205565956,1302.14,9,0.01796373196657136,1,0.1269542660263674
S3,RawMaterial,57.7,39,13,0.07314871318934572,0.19056124028573662,1,1.127079575578298,3649.95,2,0.044271374581290796,1,0.22913850098538854
S3,Electronics,12.51,26,7,0.09554116940790296,0.10301407913805072,0,0.8277586648474672,1446.23,8,0.06877344376879395,1,0.14047079830520132
S3,Electronics,32.2,8,5,0.09068121500964484,0.5620819014360728,0,0.9101767157766544,4010.39,2,0.07164137522688784,0,0.40016779107882283
S4,Electronics,51.37,24,5,0.0789376077377509,0.5934314070505545,0,1.0411814976681475,1416.53,6,0.0874108397122179,0,0.41545441226594365
S2,Office,66.57,8,3,0.07123266860413383,0.8434897555940103,0,0.8820895108296086,3257.07,3,0.054370285403107586,0,0.5488922253662177
S2,Office,60.15,19,9,0.023513830801977033,0.41773817644376265,1,1.0690853743891497,3397.42,4,0.13798468038581946,1,0.321982769392565
S4,RawMaterial,76.84,47,13,0.06339032270481124,0.5323847130744477,0,0.8547090012800612,2775.41,8,0.0743804419623927,0,0.4313050675132548
S3,RawMaterial,35.18,48,10,0.06432739938102959,0.991304059411111,1,0.8091249167498813,4985.56,2,0.06355875601776834,0,0.6855092268895469
S3,Electronics,60.85,30,5,0.04068213320926879,0.5318450833591791,0,1.145397813138048,2191.29,2,0.00722519525272246,0,0.36702597569257384
S2,Office,17.93,22,6,0.04930154617009376,0.5735760877520161,1,0.9333777605629121,4474.95,8,0.08985226231993257,1,0.4017932593593806
S3,RawMaterial,47.23,9,3,0.06940284881747068,0.995917414877384,0,0.862739593224413,1261.53,8,0.09043034041000778,0,0.639799875000243
S1,Office,77.51,44,10,0.09521015357104222,0.9941293814497726,1,0.8690836102983199,2017.45,3,0.08749344450460544,0,0.6964692463697476
S2,Office,72.41,48,7,0.029530620844103163,0.424030445597287,1,1.154358157613826,1154.15,0,0.13313953764123307,1,0.31327745361160314
S3,Electronics,99.16,4,9,0.024636315195743955,0.6349468296029644,0,1.0617725624587249,3216.31,0,0.1144351248883935,0,0.4526447066062161
S2,Electronics,35.01,37,9,0.06018068922988717,0.4808025078372532,0,1.1825385066360359,3372.16,8,0.13011084293886402,0,0.3708214257570323
S1,Office,54.84,8,14,0.013079911144135993,0.7207154516572003,1,1.1200161293511626,2540.77,5,0.008913383536489605,1,0.5363532443375609
S2,Office,39.66,1,13,0.05825328304878139,0.9383865211333915,1,1.1070170740112677,3740.72,4,0.04771896483822629,0,0.6733650404518121
S2,Office,49.65,28,10,0.008885148507143082,0.30965930837327327,0,0.9999282638300329,4404.44,9,0.0478067915542057,0,0.25988970100467834
S2,Office,87.13,6,14,0.04905838796045088,0.8188751704389413,0,1.128321959482458,3994.52,2,0.098556758665293,0,0.6060426186515
S2,Electronics,71.58,47,10,0.06204143747135337,0.6548489327759801,0,0.9650610153767407,1587.48,2,0.06729225730567652,0,0.4829503623355655
S1,RawMaterial,89.42,36,5,0.007010963927284186,0.2801848012742173,0,1.1308001988129417,1941.8,1,0.11662089048780627,1,0.20592845565700135
S4,Electronics,28.32,11,7,0.02069531519486293,0.7972996581819937,1,1.103096516674849,2211.24,6,0.05766458499835421,1,0.5345883894676551
S2,RawMaterial,88.6,5,13,0.03353742848795249,0.4271330191975715,1,1.0713754502384205,1416.95,8,0.033241136596861315,1,0.3591981829220715
S2,Office,15.38,24,12,0.0368598695186159,0.12039717548129492,1,0.9318864743853826,2125.56,5,0.04364266024414176,1,0.16901055185864744
S3,RawMaterial,89.97,47,12,0.06761046432541584,0.9934163572758093,0,1.0522846549234242,1571.21,9,0.027370458922622153,0,0.702047239377396
S2,Electronics,39.62,18,13,0.05290213405595241,0.4256463329723189,0,1.0027150499100317,4980.78,0,0.029683903764435002,0,0.36411558285731993
S3,Electronics,38.31,20,3,0.038210847030532694,0.5415525473761613,0,0.9846171467703639,4024.63,5,0.03252583731459772,0,0.357823353963428
S4,Office,56.09,28,6,0.04506762543416501,0.8079617307637607,1,1.1960985333533902,4370.08,7,0.0024142067260836783,0,0.5411544689456487
S1,Electronics,94.66,13,12,0.001297667065023922,0.9608761351199334,0,1.0017591319321881,4649.66,7,0.10741320521438182,0,0.662629266905753
S1,Office,14.3,5,8,0.077052527930763,0.8728878499603157,1,0.8127944821614669,3492.5,9,0.05994035134067033,0,0.6039913254982754
S4,Electronics,41.7,30,13,0.004100468869478247,0.5250532078015666,0,1.0505871476327577,1291.89,2,0.0034006997822743357,0,0.4091192081989263
S1,Electronics,87.09,1,8,0.0829317492922566,0.5456960755331153,1,1.0912043380110552,3913.37,0,0.05550113166987604,0,0.4094400272504033
S4,Office,45.64,22,2,0.05409965214147301,0.2808869366096629,1,1.1540735477266977,570.25,4,0.1358052190673118,1,0.19904777189395392
S4,RawMaterial,27.92,18,6,0.052781919122451705,0.4628028781590837,1,1.0530738906891308,1009.54,5,0.07668664754511671,1,0.3363734454893286
S4,Electronics,48.23,46,7,0.07045786277731994,0.9468388821751473,0,0.8077828468794036,633.13,9,0.14801280170195258,0,0.6392406881382844
S1,RawMaterial,44.7,5,12,0.08595595326534654,0.7269409439386563,0,0.8478977343244769,1109.5,8,0.08099391478170842,0,0.5476656380570835
S3,Electronics,92.39,31,7,0.09426461464796643,0.011876990741532922,0,0.8644960196632056,3884.02,1,0.1444198498576596,1,0.08540557883930969
S4,Electronics,78.57,6,3,0.05433698872439849,0.11650678182274099,0,0.8845045412107375,4484.66,0,0.030270109320661903,1,0.10763373713953556
S2,Electronics,55.46,27,14,0.015065823198891826,0.9238112699578551,1,1.1199107588620012,1754.78,6,0.04349022190790514,0,0.6588065089343805
S1,Electronics,98.95,25,14,0.08786309261730073,0.8487193289276141,1,0.9239040200036686,1036.07,1,0.1049955165269642,0,0.6355905251417586
S4,RawMaterial,51.87,29,9,0.004067201837011492,0.4861644657483969,0,0.9249449291083442,1728.32,1,0.14802324254991697,0,0.35720455428585585
S4,RawMaterial,15.24,28,2,0.08073371707198082,0.6169782808672586,0,1.1022349763910912,3412.01,2,0.1237946116529064,0,0.40869279792766366
S2,Electronics,33.6,16,11,0.06804216264256481,0.2896460103807249,0,0.9649746298085424,2075.91,3,0.08305579150136266,0,0.27277168359263293
S3,Electronics,49.25,12,3,0.09047276074229461,0.792830752100424,0,0.8258558127815212,4825.16,6,0.012772892153837295,0,0.5242688509115142
S3,RawMaterial,24.12,20,11,0.08974631502474469,0.6033174468894399,1,1.034050578304254,1089.4,0,0.05465686649996909,1,0.4674857912125159
S3,Office,95.28,18,2,0.005315408543707967,0.6948257054559152,0,0.8520270746018601,4956.54,5,0.01296385508948859,0,0.43277576012237573
S4,Office,79.02,34,11,0.060944640717567215,0.3749098380089979,1,1.0286657119876716,556.03,6,0.04669220427997567,1,0.3218007235920975
S4,RawMaterial,34.15,23,9,0.012467145516820178,0.43043800651148056,1,1.11185524304876,2532.62,2,0.03881881509979868,1,0.32628866184764865
S4,Electronics,63.17,45,4,0.007846861174405473,0.20768208296445678,1,1.1717958549309093,1633.15,2,0.05828329449550776,1,0.1555347367024243
S1,Electronics,74.93,27,2,0.04482771458307305,0.9480525429208718,0,0.8268210427796955,3048.28,1,0.12559148849848784,0,0.5965655544131592
S2,Office,94.72,49,3,0.009759753984874065,0.9465570203865744,0,0.9215866335049963,934.48,4,0.022556500696557017,0,0.5922907098559783
S4,Office,89.35,17,13,0.07279023831125929,0.8177512472399041,0,1.0609855932031866,4441.2,6,0.04590959232804113,0,0.6053449626944631
S2,RawMaterial,56.37,48,4,0.09689407105075998,0.9355551191991839,0,0.9261812011379157,1114.37,2,0.03916758664824113,0,0.6189727214061669
S2,Office,79.72,21,14,0.05695829577830928,0.6653280525803787,1,0.9804102444772155,3143.25,6,0.04442124707053617,0,0.51628432028172
S3,RawMaterial,60.59,40,10,0.02351688695616866,0.2346518693030748,0,0.8080363450177185,650.06,7,0.05409352122106383,1,0.2192747590972669
S1,Office,59.74,31,13,0.08432063915253955,0.7602105221924912,1,1.077399202464736,1899.46,2,0.03664676249004577,0,0.5742796479183994
S4,Office,20.33,3,6,0.0853103374930026,0.3252762092417024,0,1.153312052604805,1173.75,0,0.14138719083346846,0,0.2636159696500651
S3,Office,21.35,17,5,0.07327859723643944,0.44048168929841414,1,1.190743859125182,4900.31,2,0.06301525708689819,1,0.32198687846426605
S3,Electronics,57.66,26,3,0.06151321848133509,0.2743501638553697,1,1.132213339582305,554.1,5,0.017116989779590225,1,0.2044926352861938
S4,Electronics,34.2,23,10,0.0867792454751724,0.42362191772126967,1,0.8127105049695513,2085.78,0,0.07014879150409813,1,0.35163549570388497
S2,Electronics,11.89,6,8,0.016329168199755908,0.679317365656695,0,1.0607415872707238,1862.49,8,0.027664785279203807,0,0.4696320269968009
S3,Office,75.06,28,8,0.09316001263440449,0.11061056130502978,1,0.998263698525548,3458.18,2,0.03241959637519799,1,0.15145719771619634
S2,RawMaterial,12.92,8,7,0.09472031492105683,0.10520692899301642,1,1.175158197285566,753.7,2,0.042756212646724905,1,0.1415402518721269
S1,RawMaterial,63.57,45,3,0.08719923739971334,0.683770012088142,0,1.160855545877594,4147.78,6,0.018713978403892013,0,0.4578503499013706
S2,RawMaterial,58.53,8,14,0.02506620347114671,0.7795811667746075,1,1.195218469752883,2599.36,6,0.108167839887,1,0.5752685611061085
S1,RawMaterial,97.19,19,1,0.08581783863106292,0.551466684712365,0,1.144773689704673,2537.48,5,0.11879197120968733,0,0.36376821955959504
S2,Electronics,53.58,38,5,0.04976382118376918,0.18164101406746547,0,1.0187568535428602,1520.55,6,0.059142738287340006,0,0.15962804050989574
S3,Electronics,15.72,29,1,0.05949302374008253,0.4307568483609884,1,1.0859602061640423,2705.21,4,0.10334888091503178,1,0.2834448732814749
S3,Office,59.65,23,6,0.08406006225041451,0.7581755223840144,1,1.1858708945466159,2137.52,7,0.05834314352560434,1,0.5229804749626759
S1,Office,85.7,47,11,0.0029582844545237522,0.6857331015524998,0,1.031246691106637,1603.11,9,0.024611598545454593,0,0.49089877483928557
S4,RawMaterial,99.72,32,7,0.03629425921756457,0.10986547781937006,1,1.1359916748049053,1259.0,1,0.05957520919969175,1,0.1268075644568914
S1,Electronics,48.73,10,12,0.08156933772444658,0.969147180958245,0,1.1768839504488238,3777.51,4,0.08354810932224592,0,0.6916733956065667
S1,RawMaterial,38.83,27,5,0.0813954783801723,0.22336388088633652,0,1.0282150764995175,1139.19,8,0.006149147111533337,0,0.1941512577601393
S2,Office,91.6,49,4,0.08486879268829328,0.2203895045804547,1,0.8636616984320709,1255.92,3,0.09817265860235552,1,0.1862657691261894
S2,Office,27.21,1,2,0.01692159001394913,0.4598572477454559,0,0.8622253572560858,3096.82,7,0.11139119535071783,1,0.29527653993717257
S1,RawMaterial,65.39,39,5,0.07058866182279601,0.3272431290000485,1,0.846126869667184,1517.35,2,0.12899553865628416,1,0.2532367616611536
S3,Office,46.51,29,9,0.014650334050541858,0.983985988644394,1,0.9905292721099761,2567.19,5,0.015415584037396046,0,0.6590724076875132
S2,RawMaterial,13.7,45,4,0.07850980089510254,0.07648977325413198,0,0.9920566313091017,2988.13,7,1.403907874085175e-05,1,0.09801823279243851
S4,Electronics,41.26,3,14,0.02451260044545075,0.30643919092327754,1,1.0469484753484815,1734.93,8,0.010989955353324348,1,0.2912172946876017
S2,RawMaterial,33.87,47,2,0.0737817727586946,0.382722160427296,1,0.9931491256482986,2045.99,6,0.1386175205679162,1,0.26605354236970025
S2,Electronics,71.75,37,13,0.045500161852797254,0.49345899372194046,1,1.18922200619361,1445.93,5,0.11483335815618914,1,0.4025825876461463
S4,Electronics,95.39,31,6,0.09862634645527724,0.016406428726948752,1,0.9165243282395812,2571.91,5,0.12531534701417504,1,0.08228890402989528
S1,Office,34.12,11,8,0.0579893830749281,0.08236213180828056,1,1.1495266502178616,4965.8,5,0.07755206957489584,1,0.12395695115030389
S4,Office,83.03,22,2,0.06325793642202862,0.25780964272981155,1,0.8401321710468779,2132.2,9,0.0790079811845813,1,0.1879488808502098
S1,Office,14.98,18,9,0.036816351385128745,0.5540020816855962,0,1.0407670712146921,3439.99,8,0.044775838475877676,0,0.4077318687126106
S1,RawMaterial,58.43,35,7,0.07345201578474331,0.7677715701934723,1,1.0593300869438134,3361.53,2,0.12641295779522455,1,0.5326985468515064
S1,RawMaterial,16.35,6,14,0.0494885641104835,0.6864953488149492,0,1.1088920506305804,4039.17,3,0.12446543746256765,0,0.5267437785221145
S4,Office,94.06,3,13,0.0018066635095864148,0.5670249127226106,0,1.0012088851780803,3703.63,2,0.058825701858324225,0,0.43361408954358516
S1,RawMaterial,78.97,5,2,0.060858159787564516,0.3972328397276593,1,0.878890514810121,553.01,8,0.049390060570721074,1,0.27088286605857925
S3,Office,69.22,9,11,0.08304595904293616,0.8706945022561537,1,0.947599045025376,1891.48,4,0.11075599068795373,0,0.6259019176380016
S4,RawMaterial,84.15,28,5,0.023680177006045067,0.45977254325826045,0,0.9088646065982517,4416.05,9,0.003925220750690061,0,0.3186818647710555
S3,Electronics,68.28,19,5,0.02210637550851846,0.29925280560893,0,0.9676422062540809,2927.98,7,0.12899233477775818,0,0.22189788173219924
S1,Electronics,97.2,28,7,0.060888618311927045,0.6293351148520573,1,1.01198732308508,969.01,7,0.06693719839712593,1,0.44586765440481246
S2,Office,74.26,27,13,0.0817979276425494,0.6921149965863089,0,1.0500281165508998,1742.62,8,0.06620163698142913,0,0.532665519101693
S1,RawMaterial,93.22,13,5,0.024962033784357587,0.3984702448588554,0,1.138048777966705,1775.24,9,0.10036167710810918,0,0.28228504276490624
S3,RawMaterial,56.54,38,11,0.09322626512430392,0.02814328104591457,1,1.1640041284241422,4429.3,6,0.09686240404657971,1,0.12342527673626849
S3,Electronics,20.54,43,14,0.09273873566815491,0.09413150023671057,0,0.9850325139605471,2990.31,2,0.03989610990845501,1,0.18430052084247284
S4,Electronics,57.54,21,6,0.020053667190793337,0.8455988918936618,0,0.8354685749425016,3237.46,4,0.1414917906771145,0,0.5562325781505778
S2,Office,21.42,27,14,0.02637844120568157,0.05654792118530794,1,1.1188260758406883,2151.79,2,0.14794949689989834,1,0.14184228507288923
S4,Electronics,63.32,46,9,0.07005988109481615,0.5920196670421323,1,0.990863090056156,771.4,1,0.07889835214442775,1,0.4405154788394385
S3,Office,53.42,6,3,0.0951733109024426,0.18370938544939186,1,1.0185786405485044,838.62,2,0.08420711972555205,1,0.16020619596893934
S1,Electronics,66.03,38,3,0.07098826887763147,0.22892629124417707,1,1.0383176559891754,2391.72,9,0.08314769451354354,1,0.1800808268383671
S2,Electronics,10.9,49,8,0.0444900049820538,0.27333395973618113,0,1.067147103496796,1298.72,8,0.07286811122673914,0,0.23449023447918196
S1,RawMaterial,27.54,11,10,0.016900134642650312,0.03829138619702044,0,1.1560403440130032,969.18,8,0.14177805805167382,1,0.09947344353957879
S1,Electronics,54.22,47,12,0.046100984883962116,0.1772352741402924,0,1.1808584780840765,1680.1,7,0.03671286734661183,0,0.20588574566364976
S2,Electronics,95.55,41,6,0.06067677919705544,0.6504999845139404,0,1.1760677276233147,3839.21,6,0.016193726438308357,0,0.45136016732462375
S4,Office,44.52,17,12,0.03309519189566503,0.49871713620800506,0,1.1237854609132136,828.58,0,0.1394320926487247,0,0.39487312500778826
S1,Electronics,48.19,39,10,0.05102578212000898,0.7973290857389358,1,1.155696901433521,2517.02,8,0.03195574713167291,1,0.5651337575079356
S3,Office,74.32,7,3,0.013021412832870595,0.061242106551493536,0,0.8198619075793432,4217.39,9,0.11237330303131289,1,0.06208025920932873
S1,Electronics,64.34,30,2,0.04521881045125864,0.8888982962516311,0,1.139645066581863,1705.66,1,0.030580996384817264,0,0.5611903351720704
S2,Electronics,36.9,21,13,0.0090775818929554,0.9963985318994728,1,0.8289060947416098,1858.43,5,0.14402790234335383,0,0.6934195365647131
S2,Office,46.97,1,2,0.0049088749948990595,0.015739972248782985,0,1.0984775630345227,4478.93,9,0.11866826555059641,1,0.025202360133453797
S2,RawMaterial,29.59,25,2,0.08572399155993272,0.9676400655399332,0,0.8677454486374659,3425.02,4,0.13780772581722883,0,0.6205869510776539
S4,Office,96.94,32,5,0.020508158414607493,0.23586271297102002,1,0.9440441783247777,4089.7,5,0.14264772301674883,1,0.18338436102127997
S1,Office,21.76,8,12,0.057515532912793335,0.692543138206037,1,0.8736734716617045,1801.42,7,0.012663657640349968,1,0.5184948285117459
S4,Office,43.47,5,5,0.014898275840999243,0.29248344310492624,0,0.977384654654911,4985.51,7,0.06500832837374211,0,0.21567383432954124
S4,RawMaterial,12.33,30,1,0.026252757090929137,0.5218128787475205,1,0.964698977526648,1134.03,9,0.09721505055424642,1,0.3281064115186481
S2,Electronics,29.96,8,2,0.036133941976948435,0.5104185098361658,0,0.8192251375890975,4828.72,1,0.12036841561893462,0,0.33137700278049825
S2,Office,80.24,49,2,0.014367643635477025,0.3611054794490721,0,1.1321991780411,4559.45,6,0.036220761662160365,1,0.23525929504580065
S4,Office,28.11,19,4,0.004596229701111032,0.7175467682883337,1,1.14167459831777,2983.53,1,0.13719072890839326,1,0.4604783584547621
S1,RawMaterial,17.21,44,7,0.0877159802018011,0.5996364818633143,0,1.115002897601998,3133.83,0,0.033146449364720186,0,0.4360966831785289
S3,Office,52.7,30,3,0.0011832835879772132,0.5082770039431757,1,1.1390426412925074,3987.72,7,0.129926460231103,1,0.32674975887086993
S4,Electronics,10.9,15,5,0.006132098283506782,0.9828393119182566,1,1.100351614124517,1880.52,8,0.07690688694962851,0,0.6272575023502917
S1,RawMaterial,17.63,36,11,0.08050721608281025,0.9400093261873264,0,1.1749937781492574,2873.61,6,0.07731332578052845,0,0.6667291891086675
S2,Electronics,82.69,44,9,0.028200833677305606,0.9554358457936615,0,1.030556900079922,4560.69,3,0.05610084232229868,0,0.6460074718651029
S2,Electronics,79.43,27,5,0.07228203011146973,0.8813239598032879,1,1.0330570186344745,807.12,6,0.015525784712803574,0,0.5861932706296994
S1,RawMaterial,92.36,13,9,0.014622574921791377,0.2551553387543798,1,1.1439639633700764,4574.88,3,0.05206350946793072,1,0.22176569001487956
S3,Office,86.91,14,1,0.023728174859671936,0.349976030978181,1,0.9397662186874387,3779.5,6,0.06401050724737095,1,0.2242469281876673
S2,Electronics,71.49,37,9,0.05727765165969935,0.23105461954550788,1,0.8200329416810285,3964.3,3,0.0718531584829456,1,0.22010178151092885
S2,Electronics,14.71,48,14,0.09886358384892835,0.9861768872228465,0,1.099942158159265,791.23,8,0.11086429356152001,0,0.7213652074883863
S2,Electronics,80.46,30,5,0.007344447015922318,0.15266186976349116,1,0.901835671764145,1344.91,4,0.0528105165697588,1,0.1295147416771571
S1,Electronics,86.1,39,8,0.04005545979818323,0.3665117555589056,0,0.989694324811984,4663.68,6,0.06098892904709796,0,0.2890665484176555
S4,RawMaterial,81.92,47,5,0.004308097000592481,0.19904442471935646,1,0.8961759342697997,1058.23,7,0.1359147903483179,1,0.15643336964607732
S2,RawMaterial,55.76,13,14,0.01992264426559749,0.2234538121842532,1,1.1308363408112794,3340.32,4,0.11288509419503934,1,0.24004908059023117
S4,Electronics,30.96,16,12,0.09074710268385046,0.24708788480321153,0,1.1833171860317908,4022.12,0,0.00342836542556873,0,0.26119114740136773
S3,Office,86.08,44,6,0.009646010378976966,0.639670675559954,0,0.8220092414402351,1540.77,3,0.12181331365845563,0,0.4295533513068084
S2,Electronics,75.44,7,8,0.08568559213756337,0.0760493701915278,1,0.8933486525854674,3644.56,2,0.14849158865255388,1,0.12847815689904282
S2,Office,98.27,48,2,0.017780323811008126,0.572529873623784,0,0.875824849526124,795.09,6,0.14096516120517327,0,0.36313773560328716
S3,Electronics,24.01,27,3,0.0861784846537704,0.8192862362841031,0,1.0692814050965866,2744.46,5,0.12539338492441346,0,0.5388538585951644
S2,Office,30.31,45,11,0.05380219631356752,0.7665237766044308,0,0.9714713599101369,2004.95,5,0.09437606210059007,0,0.5546263534281572
S4,Electronics,29.06,35,9,0.08782066742268435,0.15117169828232546,0,0.982504665405691,3405.84,1,0.04172881832478915,1,0.18133493348191487
S1,Office,81.33,15,5,0.015170364465152042,0.9147317347788052,1,0.8628316337521372,4500.52,5,0.09816459170701444,0,0.5891044359211144
S4,Electronics,26.82,28,5,0.0762036551307826,0.770090381404774,0,0.9658938566119182,1064.71,7,0.10433887063137966,0,0.520629611096385
S1,Electronics,16.0,35,9,0.06806985960805767,0.005302510932846061,1,0.921291312249353,2526.38,4,0.04223372415460058,1,0.08788817872783923
S1,Office,99.87,7,10,0.05429333873929625,0.7373736335395861,1,1.0444763658682714,2404.37,8,0.03829944366126595,0,0.5301407531741119
S4,RawMaterial,12.23,46,3,0.0810587344410973,0.7374216786219986,1,0.8868952914947046,1957.08,1,0.05953857886384055,1,0.48819919893409974
S4,Office,85.17,46,14,0.06482760244270397,0.4968160805399847,1,1.045924536450419,2660.75,6,0.09617204535503025,1,0.417537929056802
S4,RawMaterial,42.88,20,4,0.08770469246077496,0.045982416006372206,0,0.9510980767435699,4463.28,5,0.043959340392356085,1,0.08247228591348438
S4,Electronics,85.75,32,7,0.038106214678556606,0.5799059382823495,1,0.9385178248113586,4881.48,5,0.08334997832678004,1,0.40937542737297666
S3,Office,59.92,38,2,0.058992317827381506,0.7657467600343092,1,0.9222226536644055,512.79,3,0.1348856102781274,0,0.49143146565451423
S2,Office,91.15,40,8,0.08706008425757117,0.2708740553210006,0,1.069533397610332,3825.64,9,0.04426504873188743,0,0.24578531561272887
S1,Office,93.36,32,5,0.02148140641041346,0.6670682182517874,0,1.0249673621731903,3267.87,8,0.14489606041912675,0,0.4423996385884822
S4,RawMaterial,10.82,26,1,0.048574135661685426,0.35392619504438194,0,1.1406886800008567,4975.3,5,0.07100219680098234,1,0.23407081486799194
S4,RawMaterial,16.79,39,3,0.0960741821728669,0.5738548329022312,1,0.896644071030156,904.69,7,0.015136250646884085,1,0.39456372582177013
S4,Electronics,32.53,20,9,0.047360180149468446,0.3845657494316247,0,0.8160478317644982,4151.06,7,0.00825590905943605,0,0.30923321798952963
S3,RawMaterial,70.24,18,5,0.02528294451955403,0.3037614660177791,1,0.8728093927351641,4702.68,3,0.05080117714489726,1,0.22555604868081938
S4,RawMaterial,89.94,15,8,0.035107623874323826,0.8559144754320444,1,0.9373425457315505,4604.52,4,0.03881384350948094,0,0.5812238295643809
S4,Electronics,51.39,22,1,0.08850841193734466,0.7538382591853766,1,0.8718619961234075,3022.58,1,0.12655699908048781,0,0.4859983362352865
S4,Office,64.63,22,14,0.09548830387675504,0.345449133973149,0,0.8334042710025441,1974.0,3,0.11064576321254346,0,0.3359159715469159
S2,Office,26.96,21,7,0.09501076426861393,0.43463164161520895,1,0.9781353892678275,3379.57,5,0.13268194303050873,1,0.33928221424970956
S3,Electronics,82.45,2,7,0.06989423919685712,0.691703417875346,1,1.0707734655009757,1877.32,1,0.08838802473178045,1,0.48599032248426466
S4,Office,97.06,40,8,0.050960188882461246,0.8110787805905092,0,1.100628306781591,2355.21,1,0.0653185871385751,0,0.5590781821619011
S1,RawMaterial,34.17,43,3,0.018268893490734184,0.6843412628247124,1,0.9594909298874414,2505.76,9,0.040585189212860556,1,0.4375139971706191
S1,Electronics,54.53,18,1,0.012322101207046455,0.5409315806826384,0,0.9912178378188193,1858.78,6,0.08746632516348744,0,0.33539843591455404
S1,Electronics,17.75,23,11,0.005976660764134623,0.9543858319312717,0,1.1021881973499201,2038.22,9,0.09270371673542296,0,0.652995925959432
S3,Electronics,60.32,13,9,0.0017714909508969258,0.7741436197415636,0,0.941083132123338,532.91,4,0.05894213456127998,0,0.5293033334159216
S3,Office,55.25,41,1,0.08781167221056821,0.11559186039128866,0,1.113906484507189,1836.85,2,0.1404893132741085,0,0.1028414750408008
S1,Electronics,23.0,9,11,0.08090863158033446,0.5581390987920192,0,1.186950426239588,2625.37,2,0.09599318825242736,0,0.4377274773207404
S4,Electronics,49.79,49,6,0.05678213805004709,0.4095566413956515,0,1.1521922493365522,1278.53,6,0.12562218009022993,0,0.3056257691095479
S3,Electronics,40.07,7,9,0.0998723254537714,0.7949356367907937,1,0.9814381346748109,4125.13,2,0.0930586121053434,1,0.5712087939963219
S1,Office,56.96,41,14,0.09530520722016411,0.04466303385743198,0,1.03180739795557,2919.37,9,0.04748051779975574,1,0.15538938248050843
S1,RawMaterial,62.71,1,2,0.06551089707147065,0.4107235699624281,1,1.0865705546624267,4072.46,4,0.11049287368180502,1,0.28037312538461234
S4,Electronics,10.76,2,4,0.046457456704025346,0.3182763153434859,1,0.9397201769744723,1076.47,1,0.03453817963254973,1,0.23347445478872772
S2,RawMaterial,78.49,4,2,0.01521707161131296,0.14118598457971832,1,1.1196952399905142,4192.3,2,0.08949140474979125,1,0.10356242651693916
S3,Office,74.17,14,4,0.05155938052543524,0.37880411531957203,1,0.9747667981122123,4812.18,3,0.06035495145291026,1,0.27132171192080234
S4,Office,42.97,32,2,0.015774367288552728,0.6728002781844791,0,1.1387366232401737,2086.04,0,0.02248273032065552,0,0.42269819138296755
S1,Office,14.76,36,12,0.0398451304246189,0.3616778850325263,1,0.9018935579704263,1777.79,3,0.061986086329183926,1,0.31467455586118714
S1,Office,77.94,2,1,0.0942648108432751,0.5800065753523652,0,0.8045512225331329,3410.74,3,0.04654212441811343,0,0.3834262456072588
S4,RawMaterial,95.97,40,11,0.034197898933563745,0.5928117959393091,1,1.05307535838895,3361.61,2,0.01683331225626321,1,0.4445178758150832
S3,Electronics,31.61,14,3,0.015278727364346711,0.5871111270580333,0,0.9807556469972503,1006.11,9,0.12357423429897879,0,0.3782788658726954
S2,Office,39.12,20,8,0.05823966042362147,0.5295318839442055,0,0.8239292468070242,4670.41,8,0.07478738346518742,0,0.3923338856364669
S2,Office,26.54,25,5,0.06023641741274721,0.11698823568238792,1,0.9950449412292303,2655.75,2,0.05195344084071306,1,0.12397815234754264
S1,RawMaterial,61.92,42,4,0.019380424246791584,0.21845592743532594,0,0.867427938168606,3939.87,1,0.07574463745544262,0,0.1654591123066616
S3,RawMaterial,23.94,49,5,0.019658658758196026,0.8000670762509892,0,1.0518996650724253,2116.93,6,0.11318746762626847,0,0.5216521290923379
S2,Office,42.06,8,6,0.0989549791324827,0.5023654889227102,0,0.9780182310579698,1676.91,8,0.0027443089828874333,0,0.3739629299505138
S3,Electronics,72.73,28,6,0.0243281072862212,0.706076315836315,0,0.8684499007619808,1000.72,5,0.08201276408604316,0,0.4738013645447982
S3,Electronics,60.41,46,5,0.08381920347835842,0.5699090802127617,1,0.9647755788848332,1735.33,4,0.07187261749259517,1,0.4028054948854502
S1,Office,44.78,21,12,0.047032382554597955,0.03869025450023833,1,0.8930835232709875,4970.44,0,0.13396052872726102,1,0.1230381531808081
S2,RawMaterial,47.82,23,11,0.0434989238912728,0.7962137690179005,1,1.0612387121891658,3460.82,2,0.08339574881817208,1,0.5693493671495506
S4,Office,60.59,32,12,0.029496241616375242,0.06432419452904947,1,0.9180573496182921,4112.52,8,0.0205984263808601,1,0.13315767491662797
S1,Office,10.53,8,6,0.07738257968923308,0.9431740511585731,0,1.1288069400205212,4813.29,7,0.05830248229277104,0,0.6319763474590566
S2,RawMaterial,17.07,31,9,0.08806608784415548,0.21537692170507583,1,0.8056652821966049,855.46,8,0.09316040580788783,1,0.21993169366200643
S2,Office,89.31,37,5,0.02611274615590803,0.5124061434601496,1,0.9613671906169179,1241.12,7,0.00689007105836773,1,0.35099179563714783
S2,Office,17.01,16,13,0.009509666934911398,0.06358804246578653,0,1.0468321822351885,4675.85,0,0.132697364609642,1,0.1338628684170882
S2,Office,73.61,40,6,0.013691955288560986,0.8949323786658212,0,0.8090433137796652,3040.49,7,0.010167351106943145,0,0.5839241566432039
S2,RawMaterial,92.8,42,4,0.07928035347662442,0.9799402545648044,1,0.8863367610096219,3356.82,7,0.004588669176956028,0,0.6403196873532985
S3,Electronics,34.36,27,13,0.043582691131962586,0.14629250272118988,1,0.9309679838117839,2424.35,4,0.00030233611503303616,1,0.19370745182944557
S1,Electronics,43.34,40,3,0.013191465841072293,0.29578654249351977,1,0.8087378218329377,4164.93,5,0.10256167374492821,1,0.20285793667700497
S3,RawMaterial,61.2,41,13,0.03402882064196246,0.015874421793847793,0,1.0186762819402682,2827.6,1,0.06838801308340023,1,0.11259044212604027
S4,Electronics,89.35,18,12,0.0514235482853053,0.7869654919674565,1,1.0523473556337932,4217.58,0,0.01542265413436512,0,0.5733206453803512
S2,Office,94.77,35,6,0.08520516838450082,0.3114643326814126,0,0.8910089007252132,4964.84,7,0.12843127839833413,0,0.2552972929813407
S1,Electronics,76.56,49,11,0.0641743254225175,0.5888374693418312,0,1.0173930909313513,3410.27,6,0.030408041113860966,0,0.45112620780328255
S2,Office,17.8,15,11,0.017603280108000077,0.039218501280014584,1,1.199650755662999,2879.66,3,0.04894862384566037,1,0.10738351337183734
S1,Electronics,70.22,27,5,0.015870271235833646,0.7154602666747475,0,1.1547677150989277,2143.21,6,0.02665822107724156,0,0.46975152708988427
S3,RawMaterial,46.93,17,4,0.041233421563332255,0.5294039633567269,0,0.823464332640196,1376.13,1,0.13901344465839102,0,0.35858383305446434
S1,Electronics,52.36,40,5,0.007519284770175639,0.7249802459988351,1,0.8511529857665301,3454.96,1,0.11371001747580536,1,0.4729582187446395
S4,Electronics,14.42,2,7,0.0755577195283873,0.7895643131509639,0,0.9977613285397309,781.87,6,0.10859300949664087,0,0.5464059037490945
S4,Electronics,27.2,49,1,0.04014538203037721,0.0892428661788337,0,0.898080445945886,4803.29,2,0.006599404510918977,1,0.07273219145927053
S1,RawMaterial,81.15,31,14,0.03430237727813903,0.5780921207932251,0,0.8323876948707324,3414.0,5,0.07840525563590484,0,0.4571459856593768
S1,Electronics,50.86,37,1,0.05091083323914358,0.6499440338816218,1,0.9018217970982876,4817.13,6,0.08631786551171107,1,0.41238252744357323
S1,RawMaterial,37.15,41,11,0.07089568037628478,0.516718753944995,0,0.824471239069521,1725.24,6,0.05737812601240237,0,0.409871385051311
S1,Office,44.56,41,13,0.05693469444930521,0.18240939826512226,0,1.0119649768462595,4759.32,9,0.04826343754464711,1,0.21938319015100777
S4,Electronics,86.9,34,1,0.08024027817219871,0.795597284057737,0,0.9961000414682541,3254.56,3,0.127791429032818,0,0.5085733110291589
S2,RawMaterial,77.41,34,2,0.06293625638701175,0.9974583288395984,1,0.8025304614224601,4146.19,2,0.0034524887031798066,0,0.6316415885055767
S1,RawMaterial,34.51,3,9,0.07879702674082639,0.9692702524285228,1,0.9930065582575717,1305.15,0,0.09380322724156002,0,0.6694869737650758
S1,Electronics,20.58,17,13,0.06967822735646749,0.7775295649772314,1,1.0079220589043965,2750.5,6,0.05913703709366498,1,0.5802783500504218
S4,Office,32.68,14,5,0.019312284026373652,0.4181077227864215,1,1.0422814964046396,3060.32,8,0.09989260217149355,1,0.2923726045940507
S4,RawMaterial,92.87,14,14,0.005235445018579876,0.33730049784002214,1,1.1880398897626017,2267.84,0,0.029687631869255507,1,0.30395093220958724
S3,Electronics,62.34,46,9,0.09033968005033816,0.0685457991008318,1,1.1930769708208002,1639.55,4,0.03579890319430317,1,0.13251509776131482
S1,Office,58.01,38,13,0.09456561653820843,0.4162863037516904,1,1.010771724268329,4571.49,3,0.08802807100152014,1,0.37099861006961965
S3,RawMaterial,63.68,35,5,0.07269322966314722,0.15604859773179902,0,1.138074679043913,882.76,9,0.14699078194287019,1,0.1511514132523093
S4,RawMaterial,42.94,1,14,0.0724205822695949,0.25433471350602843,0,0.8340663079961237,1192.94,1,0.14620253744794756,1,0.2743270027844955
S4,Office,82.64,48,7,0.027014708049410953,0.8918867731773511,1,1.01246184897203,1942.3,6,0.037347147571602866,0,0.593236476321234
S2,Office,57.1,29,14,0.054244170888183285,0.968525631511219,1,1.0715600236895846,4638.97,6,0.015352654548856585,1,0.6973886301731863
S1,Electronics,20.51,4,14,0.09922396637046083,0.9485590004657604,1,1.0258915278278193,3038.95,7,0.08855148568949951,1,0.6989025901905944
S3,Electronics,21.62,33,6,0.08561435980700195,0.1933556858433909,0,0.892288397781674,2179.28,2,0.06299739121104424,1,0.184554862305278
S4,RawMaterial,58.32,17,2,0.030439435255199668,0.9008942082353228,0,0.8250631945218444,2312.05,5,0.11425300694561197,0,0.5639540698034677
S4,Office,94.29,28,3,0.030104586569789038,0.14150530090026514,0,0.9546677138300759,4270.0,3,0.07919755879177487,0,0.11536312793966721
S3,Office,37.75,26,5,0.04835772911480592,0.5076602078761498,0,1.0590569991147034,620.51,2,0.07658802089934616,0,0.3548177291744174
S2,Office,88.26,8,4,0.04045986661677845,0.6436633672643735,1,1.1966852294622248,551.03,3,0.09696898023312285,1,0.42690740891508616
S4,RawMaterial,78.77,34,14,0.037115304628017466,0.4624668731004188,0,0.8946133805535785,707.38,0,0.01896276672734762,0,0.38861471524865654
S1,Office,32.3,18,11,0.06269719088061033,0.9518374354168085,0,1.1671159638845534,2611.42,6,0.10157425944998515,0,0.6684830470856968
S4,Office,13.27,31,6,0.0011492469633537562,0.3332127230916051,0,0.8273045598101056,3115.62,6,0.07327795509831804,1,0.24312955080111204
S1,RawMaterial,19.17,27,8,0.07633396360332768,0.5273776630980636,1,1.1723957095695914,3310.11,6,0.12302205984516636,1,0.3964696440826936
S3,Electronics,75.56,16,8,0.0740052996675785,0.07544993547966361,1,1.132946707148012,3790.12,1,0.02080602505572276,1,0.12461440833092885
S1,Electronics,27.97,10,3,0.08303256805947012,0.852224580078157,1,0.8083781410927392,1353.76,0,0.04511205736746059,0,0.5576730898933067
S3,RawMaterial,43.41,40,4,0.08414506733068135,0.41336339594394467,0,0.9192741496354658,1680.28,8,0.14253695610232864,0,0.3018329863369998
S1,Office,55.15,12,1,0.05663996947604685,0.7005321155919974,0,0.8203826614714135,1595.78,1,0.0829609318935032,0,0.4444541173408696
S3,RawMaterial,75.29,22,2,0.07800739356232907,0.6822456310494183,0,1.1982023486118236,1171.27,4,0.13939514996309849,0,0.44703531098406396
S1,Electronics,20.19,16,13,0.04923951254805192,0.6762628928342468,1,0.9711376018335105,1599.78,4,0.10335526546678182,1,0.5133867323221065
S2,Electronics,46.57,12,9,0.09515298364183006,0.506938278757441,1,1.0648694078442549,3261.44,7,0.13896470474026887,1,0.3969945766327279
S1,RawMaterial,53.66,11,12,0.019069852978743473,0.2775187905478407,0,0.8936762299289548,2148.85,0,0.047673942654071995,1,0.25794651593661316
S1,RawMaterial,58.67,20,10,0.09156170920738993,0.6250945585613864,0,1.1734944954670206,3955.61,6,0.013580063755373583,0,0.47395381932762026
S2,Electronics,83.65,1,10,0.02585303612677231,0.9617915038112181,1,0.9096696354157887,2913.88,2,0.12033626473471482,0,0.656259384553334
S4,RawMaterial,25.45,27,2,0.010272337368685203,0.8339492559463139,0,0.9040858429209194,1454.18,1,0.12067031286935048,0,0.5177369690641082
S4,Electronics,82.7,3,12,0.04391044474069675,0.10876823155377657,0,0.9258400383765412,2603.22,4,0.09282401919634715,1,0.16414835806876066
S1,RawMaterial,72.36,12,6,0.06149172424160594,0.023187401586550083,0,0.9849956658602825,3170.16,3,0.08693553047427482,1,0.07521710108155469
S2,RawMaterial,60.03,30,14,0.023098987319995226,0.4989713568704347,1,0.8074130904918845,4397.88,8,0.1372362256014426,1,0.40631251031825943
S1,RawMaterial,72.96,9,7,0.055579624114429786,0.7758293517147361,1,1.0391350000512338,4251.73,0,0.02647477005322964,0,0.5321714982631706
S3,Electronics,47.08,37,6,0.08078933569345048,0.3139025531672073,1,0.8126663188562953,2419.16,2,0.09248069570561505,1,0.2554354754655023
S3,RawMaterial,22.46,1,8,0.025708496580372275,0.7012382779042275,1,1.0156809950958372,3414.54,2,0.007465591623331602,1,0.48559837285950536
S1,Electronics,69.92,42,9,0.0580322245914203,0.931921264238809,1,0.9831539608728448,1840.12,3,0.021129740513644368,1,0.6408481402064258
S4,Electronics,57.22,49,8,0.033931259619308034,0.45898450693466886,1,0.8970188232545641,3348.51,6,0.06559085226649493,1,0.3427129391894509
S4,RawMaterial,67.54,4,5,0.05297684675304803,0.24415965623062186,1,0.9319072068683307,4607.57,4,0.12318110540826238,1,0.19810313347857322
S1,RawMaterial,40.42,15,8,0.06669190195749695,0.9177578620802471,1,1.0822639244978678,3310.44,9,0.10996990361250888,1,0.6278051449782546
S1,Electronics,91.62,27,10,0.03504225718160924,0.47226396400371484,1,0.8038390079485586,1866.97,5,0.14610965865689915,1,0.3652996269852831
S3,Electronics,62.86,8,10,0.0994482882452134,0.40783930667511004,0,0.9266588552103039,3397.93,2,0.006727297270484883,0,0.3459666419072015
S4,Office,17.69,23,9,0.05637751984296409,0.35336157154092396,0,1.072118901665947,4562.4,4,0.057202832823935235,1,0.29321591316315787
S1,Electronics,50.48,15,14,0.08244615590929388,0.4230169524388131,0,0.8609095461610201,1116.71,1,0.023818620236274134,0,0.378544018236076
S3,Office,78.07,27,8,0.07251352229107912,0.6736578541823582,0,1.0241542616744412,2671.01,3,0.0055441926074252575,0,0.4830916263395958
S4,Office,81.47,31,2,0.08528053137029477,0.433719627220154,1,0.8675731713930851,1944.73,2,0.03965963344417122,1,0.3001016500288951
S2,Office,54.51,39,2,0.017380095453856794,0.32422388855922013,0,0.8619047507427999,1586.6,2,0.03667077662808245,0,0.21403407605740338
S3,RawMaterial,90.53,47,12,0.0222553709727671,0.7436376655597196,0,1.1089120382895028,2282.94,3,0.06300415776932876,0,0.5385734963419475
S4,RawMaterial,34.09,8,3,0.04874111778902902,0.2029714270243962,0,0.9066101413204551,2272.86,7,0.02101218118508898,1,0.15783376297991786
S4,Electronics,46.95,30,7,0.08523286764854424,0.2019337246408881,1,0.9503076475810109,1446.95,7,0.07328513688391762,1,0.1967300950790961
S3,Office,90.87,42,9,0.019760658139085875,0.6964355365489567,0,1.0920072262499878,2316.31,0,0.1380147490971363,0,0.48807523365681404
S2,RawMaterial,90.66,18,8,0.09710658321072985,0.8667065301894732,0,0.8718078402171906,3351.79,4,0.11222833973974723,0,0.60629875021976
S3,RawMaterial,71.71,4,9,0.012760230831514141,0.2412108394971294,0,1.012694808533143,615.79,1,0.12632659942399,0,0.21284028723344617
S4,RawMaterial,87.31,47,6,0.0175077945180508,0.19112497497642955,1,1.1671278655058652,4951.51,9,0.12070928899822998,1,0.1627844661984158
S1,RawMaterial,17.99,43,1,0.01672337833660754,0.6703058812907523,0,1.0215307277513954,1831.75,5,0.0584439504660951,0,0.41434339941829074
S1,RawMaterial,87.85,22,14,0.058600595303461955,0.6208025217731528,1,0.8195383066493718,3306.4,2,0.10634415544467526,1,0.4900616916549303
S3,Office,38.86,3,12,0.0917541081596636,0.4472523465196122,1,1.0358789098708443,1775.97,9,0.11313843591344963,1,0.3815919260739521
S4,Office,26.05,15,4,0.025511138716643834,0.09586063984832793,0,0.8360613598057591,2270.91,9,0.030847215854885344,1,0.09374115409541847
S1,Office,31.54,35,13,0.05530368534585615,0.09178543098187342,1,0.9128498161733133,2971.57,8,0.12903935499296598,1,0.16451950705002374
S4,Office,47.62,47,6,0.017577251004746077,0.7773417890443545,1,1.1398700421374046,3253.34,8,0.06866210977833953,1,0.5145353915851794
S3,Electronics,32.61,38,12,0.06311368962077986,0.4517691173956855,0,0.8044276512274472,3967.06,7,0.002453960926407661,0,0.37570986303793097
S1,Office,38.85,33,6,0.012324633617951176,0.8579670912415589,1,0.8308053234658487,4062.58,1,0.09650761629207756,1,0.5613347876874635
S4,RawMaterial,22.15,14,8,0.04913107675126979,0.5747336515388624,0,0.9453456514721483,2834.16,1,0.10151446378769476,0,0.4167223710915555
S1,Office,36.66,48,1,0.06551818136768675,0.6187381412176327,0,1.1997583519597397,840.77,1,0.08276434450152499,0,0.39804119628374274
S3,Electronics,61.51,1,13,0.05791279167555102,0.9341944419085537,0,0.9167455624287373,3010.03,4,0.03186229512707348,0,0.6707476455049404
S4,RawMaterial,49.77,49,11,0.01400004827007425,0.164615894039438,1,0.8629098474944126,2649.11,9,0.07234170410340979,1,0.18154097947611364
S1,Office,41.2,26,2,0.016137337151482935,0.5430242292969959,0,1.0197688531392997,1469.24,8,0.06001911753682607,0,0.3449414530093567
S3,Office,77.18,8,2,0.06713910048249883,0.058138599966034765,0,1.0077020086281614,545.73,6,0.14620291107658887,0,0.0693106044100848
S1,Office,90.42,16,13,0.08089092960897762,0.3589250478821191,0,0.979847835371535,1921.85,6,0.1237017652133907,0,0.3324794504691076
S1,RawMaterial,78.11,38,6,0.0908074402529591,0.14809849980120515,1,1.1786615008171795,1667.7,2,0.11428494076308221,1,0.1589584748137537
S2,RawMaterial,39.88,10,14,0.0813611515346117,0.18783596228457056,0,0.9120597483802075,2673.1,2,0.02716105545002447,1,0.23710992283112584
S2,Electronics,77.0,42,14,0.09739238788871947,0.9347947200605281,1,0.9173296917047865,3927.21,9,0.04965600261318249,0,0.6900945484029327
S3,RawMaterial,23.68,37,11,0.04082518041651354,0.6106825282048808,1,0.8561027885548337,2475.68,2,0.05695677533538302,1,0.45722849961931106
S2,RawMaterial,21.73,26,7,0.033116575422203434,0.8921581331898143,0,1.07891520716647,4782.06,0,0.07389412984507192,0,0.5952298525405496
S3,Office,41.11,28,2,0.0028184052345116895,0.4435201843907496,1,0.9285477884322153,1495.91,7,0.004533676809820708,1,0.2812433464905175
S2,RawMaterial,82.69,12,5,0.04498958559880935,0.5976433466633834,0,1.121096117218261,1494.28,1,0.0889513842111977,0,0.40779716939195854
S1,Office,32.17,20,6,0.06513715524132326,0.03209451219292636,1,1.1887031509491681,3220.02,6,0.053678481595815945,1,0.08165499674529565
S3,Office,15.69,49,4,0.08154086413224756,0.4695022322743341,0,0.8174740967962368,4533.18,8,0.08425157181388725,1,0.3347350271757033
S3,RawMaterial,21.85,14,1,0.02674553827743703,0.5640566733437882,0,1.1972487560232499,3523.36,1,0.0013467576385060409,0,0.3536005226323611
S1,Electronics,87.29,46,3,0.05135912763692905,0.016777714265544974,1,0.9016416905428338,3531.55,0,0.04821497084962855,1,0.046902938278977124
S3,Electronics,67.04,35,14,0.06620095646140466,0.7894891768236403,0,0.968044142901811,4128.29,4,0.11529990840194833,0,0.5935537930326056
S3,RawMaterial,32.79,29,10,0.055160286598409394,0.2954229842766055,0,1.1110973417970769,3509.06,9,0.07516223287905602,1,0.26523044797405754
S2,Electronics,59.98,12,9,0.027402071740240775,0.45248707496077023,1,1.0661324568557298,3917.06,4,0.11833309925184574,1,0.34399858078424866
S3,Office,57.48,18,13,0.07962824382950623,0.5356302853048245,1,1.1113747683339494,4397.57,0,0.10484405887760799,1,0.43812378718888945
S4,Office,68.99,44,6,0.01733610124719337,0.9921971531284334,1,0.9865328062875435,535.6,8,0.12823808627264655,0,0.6433762651083608
S1,RawMaterial,30.99,2,2,0.0904979833786364,0.09918414687418287,1,1.1664268314291455,4485.3,2,0.001116538282826046,1,0.10094559742381493
S2,Electronics,87.8,2,9,0.09525967490548114,0.555279562224498,1,1.115976322162044,1468.69,1,0.039198823776659085,1,0.4260313540920574
S2,Electronics,37.84,17,4,0.03655732620752621,0.5305941458002693,0,0.9236911901734705,4604.47,6,0.08232025899016222,0,0.35789511391384804
S4,Office,72.47,10,11,0.037618179048595185,0.06890969560318216,0,1.179392088539504,1697.82,4,0.14115271149782735,0,0.13120269964791642
S1,RawMaterial,11.45,18,13,0.07432782589171942,0.6339383601951246,0,1.1844216773705418,2548.58,3,0.10196852701988086,0,0.4955185067417334
S1,Electronics,43.54,22,8,0.04562885985520007,0.2868544338938106,1,0.9660214223026977,4702.48,3,0.06848831794227728,1,0.2429441754357035
S2,RawMaterial,41.65,19,10,0.0028610143599235196,0.1037679661646207,1,1.0607841951950363,993.86,8,0.01952119957615246,1,0.1345476554353209
S3,Electronics,58.91,1,7,0.0919876727675241,0.1786419309184527,0,1.1259074140855614,3853.77,8,0.07398230321361783,1,0.18478146038132887
S2,Office,16.55,24,12,0.04307503419657628,0.8236032332153927,1,1.1269202867485788,2266.02,0,0.06616304586840993,0,0.5927987359024942
S1,Office,81.11,36,11,0.020349510054031128,0.10412476243739388,0,0.805649417876303,608.45,9,0.11676649120330528,1,0.14715113905007424
S4,RawMaterial,29.6,25,3,0.05556640731487861,0.46692738824032465,0,1.0516054532186165,4726.1,6,0.06200229607448221,0,0.31825492656722976
S2,Office,70.93,36,8,0.02189061625913166,0.19527312117922124,1,1.1894797189802424,1030.23,7,0.047825711224999956,1,0.1808739147281294
S1,Electronics,82.29,31,4,0.020602199968160786,0.16231986208501203,1,0.8925388591184685,3983.64,4,0.013457952370323134,1,0.13214400581288405
S2,Office,60.57,31,2,0.05457313273906327,0.20571175941707254,1,1.1182435436707754,2229.22,6,0.0069751595888050185,1,0.1540847097576768
S3,RawMaterial,76.68,2,11,0.039104229218946907,0.4927829345196203,1,1.013699048430793,4147.62,7,0.06587016412835654,1,0.3859724580488848
S2,RawMaterial,69.57,19,5,0.05729932782532224,0.23778842111157128,1,0.8885880844555646,3876.29,7,0.0520292969253277,1,0.19557713672882518
S2,RawMaterial,42.0,12,1,0.09968254368112404,0.09673295035256035,1,0.8204151896335985,3349.48,8,0.08329862542692887,1,0.09508739045873058
S1,Electronics,82.8,10,13,0.08590181543707684,0.8014008692471686,0,1.103968684406803,4726.5,4,0.1067892655672602,0,0.5994682090365671
S1,Electronics,36.52,31,8,0.0007670799289788755,0.5398214031716857,1,0.9265881398099308,945.16,1,0.006001022036070447,1,0.38126582302456224
S1,Electronics,61.41,45,14,0.0050555709537389755,0.15685365236857218,0,0.9502344112260419,4093.61,5,0.0744325664554223,1,0.195628862707265
S2,Electronics,77.09,22,8,0.06100794401312446,0.4714298486321701,0,0.9940924212996044,3518.53,0,0.12929578412729695,0,0.35830314952609654
S3,Electronics,44.11,23,3,0.0626256081132298,0.06836249987290988,0,1.0028779611885232,1916.24,9,0.06827498792104925,1,0.0812337537862863
S4,Office,37.25,23,1,0.08781908440759933,0.5804298636187585,1,0.8824742307881644,2956.87,5,0.07818633164261615,1,0.381746500636392
S4,Electronics,51.34,15,4,0.06290571745218258,0.34030481959798153,0,1.0682567960753884,3400.82,2,0.0730187761075014,1,0.25162603556587226
S1,Electronics,83.62,26,9,0.022771453851574232,0.10352852963016412,1,1.0770159919823494,3813.22,2,0.05846893777251155,1,0.13323426821928502
S1,Office,93.69,3,9,0.04685162277036509,0.18364384986839744,1,0.8569203697996974,1341.77,6,0.016517928588505863,1,0.18852751103786228
S2,Electronics,59.06,23,1,0.08089854006711886,0.3457027048507265,1,1.0131638159650325,959.51,3,0.018953432352378997,1,0.2388340420734287
S4,RawMaterial,69.53,20,11,0.09228249645983716,0.8064074542922428,1,1.0437037392909172,959.25,4,0.026863386260654005,1,0.5901006500847255
S1,Electronics,91.29,45,7,0.023691511896670917,0.17375569622982334,1,0.874500617360117,1822.41,5,0.11888469613464822,1,0.16136087130689528
S3,Electronics,18.87,40,6,0.05396047350133259,0.10966422149279831,0,1.1577848506117259,1193.78,9,0.04129984508425698,0,0.12484381780322161
S3,RawMaterial,30.89,39,14,0.015892755017040273,0.5159390064656842,1,0.9931303444701154,2910.39,5,0.1422185672663116,1,0.4143312303845227
S1,RawMaterial,73.8,8,7,0.04969996989275693,0.5586969639802648,0,0.8460113430664069,2466.68,1,0.12152552498049435,0,0.40012816935598594
S1,RawMaterial,84.14,18,7,0.00901141207495011,0.09024131766741716,1,0.9337584710484779,4518.8,2,0.10268110022980217,1,0.10684821422293533
S4,RawMaterial,87.13,41,8,0.09417280699504743,0.284484479207302,1,0.9907841793098615,3728.31,0,0.10805904440936102,1,0.2560853867657526
S4,Electronics,47.36,6,8,0.06380564582826155,0.26276403791425407,1,0.8040576612322816,1426.15,2,0.007144831301752674,1,0.23394297363988803
S2,RawMaterial,18.04,27,10,0.08542167417136771,0.18622160946111532,0,0.8127639502789896,705.77,7,0.08525840504798178,1,0.20878803935665097
S4,RawMaterial,49.4,36,14,0.09982951741819063,0.31563812720065376,0,0.8222082381242473,3691.2,3,0.14115853648825946,0,0.31933173154584943
S3,Office,30.77,15,11,0.018266599470537825,0.03710851153829664,0,1.0152540903597733,4306.22,1,0.00586652750887634,1,0.10631651533556791
S3,RawMaterial,36.21,37,2,0.06941434149596486,0.6515497829534784,0,0.9344352784950085,3654.47,3,0.043652477777031025,0,0.4260398865065908
S1,RawMaterial,79.5,5,12,0.08869862935068581,0.988487145033841,1,1.1572416192223998,3397.07,6,0.0077267238200903025,0,0.705416161539796
S4,Office,16.8,39,12,0.057593816741179006,0.6340467674692488,1,1.0236935489315577,1621.92,8,0.08546123667992482,1,0.48342049121818864
S2,Office,84.48,9,12,0.0639696378366561,0.36107645054378623,0,1.1039585315283644,2725.72,4,0.017430094075579355,1,0.32155104739155427
S3,Electronics,48.49,7,4,0.04076710895171374,0.6679103011456768,0,1.0748532707020289,3762.33,4,0.07188752343365987,0,0.44154774194434876
S3,Office,63.65,41,4,0.0674760833716514,0.5715159210235763,0,1.0081282908950902,1370.19,4,0.10799241551813171,0,0.39172380619706976
S2,Electronics,18.07,20,13,0.039557791469612386,0.8467579305873446,0,1.09788817590605,2644.45,9,0.024665780240320134,0,0.6127792386504334
S2,Office,40.36,10,11,0.04766196381514484,0.6218745609820004,1,1.0178822811470916,1026.63,8,0.11330466556174063,1,0.4659947543051723
S3,Office,18.07,26,10,0.010291174262282488,0.6340763546212487,1,0.9541825220761802,2888.24,6,0.009030669292484805,1,0.4549617364800054
S3,Electronics,96.54,4,12,0.0007808400180381648,0.2216641882729934,1,0.9743219330030594,3080.92,2,0.022443672038549505,1,0.21894705068349318
S2,Office,82.65,38,13,0.005515112413894685,0.4156272385375932,0,1.1354005358175525,2909.24,1,0.042016554477333524,0,0.3438880197038672
S3,Electronics,51.37,24,8,0.019252164093760172,0.34441606025567717,0,1.0253094232494186,2612.59,8,0.11941486011181308,0,0.2695681425243915
S1,Office,30.12,14,14,0.04566038195950654,0.01142518740375098,1,0.9509184592649262,3143.54,2,0.12752053336851013,1,0.12055322703010256
S1,RawMaterial,94.01,41,13,0.0020994070851453883,0.3132807293890614,0,0.8718972606344992,4985.6,7,0.03305697215493556,0,0.2814554026161233
S2,Office,41.01,1,13,0.015593663915423252,0.48606212432295026,0,0.9981431368806821,3301.41,3,0.01436757382882442,0,0.38917251662554
S4,Electronics,24.49,17,3,0.07814446038844386,0.5998486332100811,0,0.9009616438129899,3886.55,4,0.12719306735208774,0,0.4047810894711532
S2,Office,60.68,45,12,0.07621665582620471,0.9345689467104553,1,1.1822319512513482,1364.54,7,0.09740511562831605,0,0.6693206504884204
S2,Electronics,94.94,24,13,0.07897302916755,0.23911375935981638,0,0.9963928338604353,2885.11,4,0.023678315459802205,0,0.2600173072232977
S4,Electronics,10.34,27,13,0.0921540943196774,0.15242899110855834,1,0.8035793095557029,533.77,9,0.08365751777261288,1,0.21196076581818107
S4,RawMaterial,31.43,7,12,0.011907100073451915,0.8694456889989581,0,0.8371508757977897,641.56,1,0.13085571493283024,0,0.6109538291356962
S4,RawMaterial,94.46,9,3,0.016313987622788295,0.9418474940884476,0,0.913729796684217,1951.16,5,0.010427241307764451,0,0.5914312641684765
S1,Electronics,25.4,43,13,0.03335536146013144,0.4879542485810844,1,0.8368651366793245,2599.7,6,0.012558185047242031,1,0.3956363004438329
S3,Office,20.19,35,2,0.09151411989809097,0.11521656125005197,1,1.1575848901981605,3090.37,0,0.04104116409938521,1,0.11086988700517275
S1,Electronics,61.32,12,1,0.07754777430059451,0.48538829927697125,1,1.1417406267202124,4496.02,9,0.09783934883979849,1,0.3216401689992182
S3,Electronics,87.57,21,8,0.03241212723323197,0.10944332710326876,1,1.1883446035507026,3972.9,8,0.02670127642058978,1,0.13253249157478797
S1,Office,52.94,3,14,0.008763581778273489,0.8831855787006627,0,1.082586245737524,1849.9,5,0.12245508064757465,0,0.6325404217538796
S3,Office,99.51,15,9,0.06163800261488342,0.7081501046162499,0,1.0581858184848063,3845.68,3,0.11256452651924402,0,0.5076671778399293
S1,Office,71.13,21,9,0.025681916580565234,0.24113701771000395,1,1.1693986551583107,2972.26,1,0.08415072804419707,1,0.21667249988588622
S4,Office,16.67,10,11,0.053115256596855315,0.8866906933167867,1,1.1785572579225296,4006.32,8,0.017410155655551478,0,0.6265204215405573
S2,Electronics,99.35,33,8,0.0941803359600977,0.6379017290493193,0,1.150995137153441,2349.72,5,0.14823297424682966,0,0.46813799536047807
S1,Electronics,46.71,46,5,0.057261724531433446,0.9532633367208685,0,1.1445891375279291,913.52,8,0.07350504443442374,0,0.6248508051062368
S3,RawMaterial,35.87,6,1,0.09238344364233642,0.9804798490105471,0,1.0686813021774912,3283.19,1,0.06781097218009194,0,0.6231457996418863
S4,Electronics,60.21,2,9,0.03930387859948754,0.003281789235718091,1,0.800642378895858,3006.67,4,0.14933536195009733,1,0.07804595140699142
S1,Office,37.39,29,6,0.06333513372887707,0.12021420902754576,1,0.971806820131861,4791.22,5,0.1295802395207004,1,0.13398620839233344
S1,RawMaterial,17.78,40,12,0.08938899739469643,0.5469223308068357,0,1.054265108471739,1229.59,4,0.0684551601047222,0,0.44068438341679605
S4,Office,10.13,33,7,0.058798731160913845,0.9558528744672915,1,1.018850952177842,3452.6,5,0.0628204478904408,1,0.6411513440286492
S1,Electronics,50.46,4,8,0.06148986770271042,0.9942336355096956,0,1.1284506519563489,2633.33,2,0.014386407385047916,0,0.6721299987594876
S2,RawMaterial,85.32,4,13,0.07163079820812245,0.56740793530352,1,1.127560910605652,2205.15,8,0.13897676195836195,1,0.4547911435016916
S1,Office,61.51,29,5,0.08821077571882531,0.1738014889452303,1,1.0394728037846424,4075.55,1,0.12656622715787968,1,0.1664584117970715
S2,RawMaterial,99.93,37,6,0.008818006124085299,0.16305002000870616,0,0.8087976213036255,4147.93,1,0.04650037393198663,1,0.14333255669959213
S2,RawMaterial,35.82,20,12,0.033685938217608694,0.7638577581141384,0,0.9477319809338871,3715.7,4,0.11299819313531659,0,0.5541347220480514
S4,Electronics,35.24,41,13,0.03976847260806038,0.5919376787062978,1,0.8915266341373896,876.21,9,0.11440941394108864,1,0.4599502918633396
S1,Office,24.38,23,7,0.09097096653891779,0.548773898932763,0,0.9355152435021004,2053.0,2,0.03418660758399224,0,0.4065556293213331
S4,RawMaterial,24.77,45,7,0.09560079245162015,0.46576492330051633,1,1.0469170618064247,710.38,1,0.09204832049080247,1,0.35813919171579583
S1,RawMaterial,35.67,18,2,0.012038046466512476,0.7251346265816816,0,0.8265847610730911,2046.57,5,0.0382543205118317,0,0.452977904174677
S1,Office,81.36,49,14,0.011910767978878078,0.8580541790063455,0,0.8088968196195887,3415.63,5,0.11848290779038673,0,0.6184057377974707
S3,RawMaterial,91.52,25,11,0.09348617942523624,0.3029580811956363,1,0.9747491663921217,2834.18,6,0.023071455372437103,1,0.2883921311163812
S1,RawMaterial,97.76,1,12,0.02957719013825927,0.22091776717589062,0,1.117429532899058,3663.22,3,0.10033589980309159,0,0.22713810306129786
S4,RawMaterial,30.91,15,14,0.024181441903715274,0.6701991663149424,1,0.8122794298394208,2981.58,7,0.04890175674776418,1,0.50937393236008
S2,Office,89.32,34,1,0.0035622865754098678,0.9147324240549534,1,1.1396194340372254,3001.16,2,0.005427308630290273,0,0.5570509975484521
S1,Office,39.54,48,8,0.027559593477064905,0.3481574401440862,1,0.9535518531000031,2799.34,9,0.018555696631633967,1,0.27430519927242836
S3,Office,20.16,20,5,0.06935264272259882,0.27244821917741535,1,0.8472941715781808,2139.46,0,0.0982348707275391,1,0.21998901003751456
S4,Office,88.3,37,10,0.042603616273956174,0.2261146302356195,0,1.0269990915192408,2509.54,4,0.03598714548329735,1,0.21987843445213
S1,Electronics,67.25,27,2,0.051687035165176025,0.25449090769663085,1,1.1809442245697637,1005.97,5,0.09465530588770073,1,0.18248636945324562
S4,RawMaterial,24.83,22,3,0.09172955966148855,0.13493334296031445,1,1.017005159615526,4255.29,2,0.06222332490019304,1,0.12990744510320668
S3,Office,48.68,5,6,0.011468978267131648,0.5967782276083535,1,1.0746539023143886,4501.45,1,0.103907019581437,1,0.40436477290229444
S3,RawMaterial,35.85,34,10,0.007124071524259901,0.2808260686612557,0,1.126568514756408,3948.22,2,0.07394229332782201,0,0.24206143408260283
S4,RawMaterial,76.31,39,6,0.08519307491238942,0.6149443616579046,1,1.1197360488989678,3126.14,2,0.04628206457417565,0,0.43738168232560243
S1,Electronics,50.81,3,8,0.07748557974307066,0.0830323495125681,1,0.8292474914054959,3061.31,6,0.021872876978640276,1,0.1302079407733192
S2,Office,99.04,17,5,0.02637341869450325,0.11545679211787907,0,1.09639816529237,2616.46,0,0.051164737863192034,0,0.11290038659336413
S3,Office,14.93,24,5,0.03242341263740829,0.5361419277969446,1,1.17977982634915,1541.06,3,0.09523411168901297,1,0.3671264661836749
S1,RawMaterial,41.95,24,7,0.031027783577566026,0.511530944476014,1,1.0802608935922309,2227.12,2,0.1110710257796153,1,0.36622690175887823
S1,Office,53.37,3,10,0.06478087980219113,0.27150992673788865,0,1.134577157484187,4954.58,9,0.024050951225998585,1,0.25376879141196196
S2,RawMaterial,55.28,45,13,0.0061211506988979375,0.8271308516205425,1,0.9942198804044479,1156.11,6,0.09964086133321756,0,0.5909719990391377
S3,RawMaterial,38.43,7,14,0.04894015852637269,0.18704716486754946,1,0.9276277305491486,2942.07,0,0.026891926447726842,1,0.2269103464784415
S3,Electronics,75.63,25,5,0.013387296911274516,0.3606611241831861,0,1.0704956892363495,4399.37,7,0.03327290152349752,1,0.25612714929757974
S1,Electronics,88.73,3,9,0.08197385409262475,0.5555117060724022,0,0.996879991247766,2538.51,9,0.07969758604200225,0,0.422184894156943
S1,Electronics,94.48,15,6,0.03806630043099653,0.8672111025153646,0,1.158115542525762,3225.25,6,0.043380345296411216,0,0.5746036944956605
S2,RawMaterial,82.46,29,7,0.05275721932194593,0.41855097516677664,1,1.1897527874375438,4225.07,7,0.09923931618547298,1,0.31695775089664974
S2,Office,86.55,29,12,0.0029317608778785978,0.39860095544090435,1,1.1279208270036003,2964.03,7,0.14336649363623075,1,0.32575438724219186
S3,Electronics,59.55,10,8,0.005826431354105233,0.5795374280317946,0,1.1970718469941777,3791.61,8,0.022333830200609132,0,0.4066132433681655
S4,Office,84.33,32,13,0.06750548307334661,0.31669541546289626,1,0.9393482393577213,2062.73,0,0.0855766248464125,1,0.30312603705688457
S3,Electronics,37.32,23,5,0.0766770545141332,0.7091732531595895,0,1.1583021515017933,3798.6,8,0.1384948774009789,0,0.48422135396427934
S1,Electronics,45.86,39,14,0.07100355846022015,0.24869594066700473,1,0.9319734515189518,684.6,0,0.026479346497741856,1,0.27051863193826886
S3,RawMaterial,38.52,9,11,0.07370186364578603,0.8231959969402122,0,0.8472152301223814,1188.05,2,0.05502763550772872,0,0.5945995858292916
S4,Electronics,52.06,37,4,0.010461985054932899,0.2723534131334612,0,1.0485494781245794,3367.83,6,0.018542525248468073,0,0.19512207196798517
S2,Electronics,35.7,40,12,0.06934508410975411,0.9927011622905122,0,0.9819954537247986,2520.3,7,0.09630565774709225,0,0.7021385083215194
S4,RawMaterial,96.55,14,8,0.018174758268909363,0.31646247432764263,1,1.1686796933722472,4227.57,4,0.10037143915420517,1,0.2524727692201155
S4,Office,38.16,4,12,0.009801543187678542,0.8788261386551978,0,0.996877555031206,2038.89,0,0.09962734791534557,0,0.6159504318637079
S4,Electronics,18.82,20,10,0.0757160830454841,0.3973559541060573,0,1.1710530317257213,3952.44,2,0.0813190572545018,0,0.33255696880585106
S2,RawMaterial,57.41,28,9,0.08894061171015648,0.2460548420309303,1,0.8314535468780411,1126.01,6,0.11193913016966582,1,0.2386008030173194
S4,Electronics,15.14,14,1,0.07167099074051587,0.22616325046035524,0,1.1322047342985337,4685.66,1,0.005381594456996958,1,0.16434210464122506
S4,RawMaterial,19.95,44,3,0.08055734528147535,0.8501912818498782,1,1.1036457073857528,2382.98,1,0.14362702311679593,0,0.555710544122941
S4,Office,29.75,34,12,0.0991088155121616,0.30875298631287673,0,1.0879913093914169,1539.06,8,0.03331443118940302,0,0.3006987221556602
S1,Office,51.79,13,4,0.013475591140668453,0.338563008959747,0,0.9420543420275159,4051.18,5,0.01823429530376151,1,0.2357519112894773
S4,RawMaterial,48.99,31,13,0.09651525524330386,0.19699305583894056,0,1.1135038543990299,4765.49,3,0.14117040644128973,0,0.24000755293349835
S2,RawMaterial,81.97,33,7,0.06011978054901025,0.9613247181162168,0,0.9933186316979108,4631.37,9,0.12456553745423748,0,0.6448307650344332
S4,RawMaterial,76.55,39,6,0.08132531573450205,0.2447439405988301,0,1.0860814043539073,1570.73,8,0.11473056289375201,0,0.2141011019367915
S4,Office,48.37,28,10,0.065016918158767,0.24744361898161205,0,1.0208908587140682,3524.03,6,0.01571185634084724,0,0.23939981826516876
S2,Electronics,40.03,25,10,0.057003778878534916,0.9438978902546958,0,0.8629758818133645,2960.86,6,0.12112938205142487,0,0.6548684392449493
S4,Office,38.48,32,11,0.07036189940216879,0.9008988549951829,1,0.825823436069321,3762.97,7,0.0913535284514674,0,0.640219311389189
S2,RawMaterial,79.66,9,1,0.032025866451298284,0.24891088317991017,0,0.9464746604813615,2691.2,2,0.10978629165177675,0,0.1660971469861927
S4,RawMaterial,14.69,28,4,0.09242715234919127,0.8647255695179893,1,1.1731155291783393,2613.93,1,0.14671054197275887,1,0.5751349159869795
S2,Office,11.15,31,6,0.01152925720557787,0.24982321308611688,1,1.0118940083286212,4472.18,0,0.029166176567700035,1,0.19620984787048634
S4,RawMaterial,81.6,17,3,0.03180311840864621,0.08446416485287445,1,1.1208768270467484,4420.65,1,0.07565729412277952,1,0.08164800586288995
S4,Office,52.94,23,2,0.0031162353200503315,0.8203613483958251,1,1.0303812282595326,4044.18,2,0.11300279196886724,0,0.5074373939192244
S1,RawMaterial,21.78,13,2,0.027132304764609174,0.7715581578152862,1,1.1831621145093751,3672.03,4,0.06504845261575475,1,0.48536030040426875
S1,Electronics,31.2,10,10,0.02182130771414044,0.29466712169147147,1,0.9477822248618404,3552.65,7,0.008197962437731271,1,0.2547752367576965
S4,Electronics,93.93,16,12,0.004963086067863121,0.09013898512260932,0,0.8228201821511892,752.82,2,0.016715834831328175,1,0.14128660260821024
S4,RawMaterial,87.36,6,12,0.04917740638486221,0.20643888447714775,0,1.1122673533222338,3872.91,6,0.0903137958818434,0,0.224330838316033
S3,Office,73.88,48,4,0.046863604185560986,0.7710565709064654,0,1.0821826033324364,3371.47,4,0.04275062195861348,0,0.5052644523709761
S2,Electronics,53.4,11,13,0.007774544389866889,0.9647478149424267,0,1.0110137528953385,1860.85,4,0.020676097095389007,0,0.6740381951395589
S3,Office,56.83,3,1,0.02618505314084142,0.25900207179449153,0,0.9305564972761259,4190.46,7,0.05098379962868736,1,0.1703996161618045
S1,RawMaterial,97.77,28,10,0.09533221604663561,0.8182588010354491,1,0.8753060590757757,4246.01,9,0.030147139806717824,0,0.5909835168638315
S1,Office,96.92,41,2,0.011073662451042033,0.2279326573371544,1,0.9929104176705257,4694.86,4,0.0035909199862161623,1,0.15436740742331953
S1,Electronics,29.37,15,13,0.03050186488594682,0.6796003918250836,1,1.0664805637161947,2382.61,9,0.022772098285074916,1,0.5097679374179771
S1,Office,83.0,13,10,0.003586239845465855,0.08361346903152633,0,1.0315545717480772,2980.62,6,0.13246169413765088,1,0.122672524801127
S4,Office,27.75,42,2,0.014888720262376677,0.58529564038226,0,0.9749962041486432,4576.79,9,0.0018055923754074108,0,0.3699297145937833
S1,RawMaterial,29.22,45,4,0.06993971074657895,0.26918989119471814,0,1.015877777731678,1925.61,7,0.11607754553911434,0,0.21106727651223314
S4,RawMaterial,70.85,17,4,0.03667165006629388,0.925845948733657,0,0.8431819721258395,4084.89,7,0.11301916588073753,0,0.5950804928315109
S4,RawMaterial,46.45,7,1,0.045207657067912056,0.2897508887789536,1,1.0783360415439684,4963.85,2,0.08463565325384838,1,0.19455568753060293
S1,Electronics,93.84,28,7,0.015697839513065616,0.3984406948623066,1,1.0937024175183734,3433.71,3,0.031267164856255594,1,0.2937737687713036
S1,Electronics,18.01,38,7,0.06821401728913017,0.8406791111545809,0,0.8045810416388363,4926.67,7,0.13170888364503475,0,0.5748716718794876
S2,RawMaterial,56.04,13,10,0.07515215980912537,0.4382745825467943,1,0.9082078223443476,2821.16,4,0.07126133531909147,1,0.35693896889938564
S3,RawMaterial,92.67,17,11,0.018111204951673978,0.23841225179491843,0,0.8368467440693093,1188.74,0,0.025980934357160312,0,0.2270521411338818
S1,Electronics,91.37,15,10,0.004499346361994216,0.5475443208942972,0,1.1992928527497986,1290.18,6,0.06435338887338392,0,0.40130496787374803
S2,Electronics,24.09,36,10,0.00809411343090185,0.8399911956499819,0,1.0373371335020654,3791.19,2,0.0292375841616379,0,0.577851522847831
S2,Electronics,43.0,28,1,0.06570457572030178,0.43317761200465243,1,0.986295237690625,504.09,1,0.056401176169488684,1,0.28676079706173907
S3,Electronics,65.72,15,11,0.013551060249483894,0.13288848920486762,1,0.9852004075924229,3478.5,9,0.07450316565151804,1,0.1623698401691943
S4,RawMaterial,24.35,46,8,0.04939188341688355,0.3830869131145168,1,1.1859095676915081,1180.72,4,0.053985133455307484,1,0.3018125700366323
S1,Electronics,97.12,11,10,0.015264153092617007,0.9544751330941914,0,1.0639422552598194,4929.66,0,0.09855664111090516,0,0.6486928972128714
S3,RawMaterial,92.33,31,14,0.017014804820523977,0.0720216203657722,0,0.867463823298836,1234.07,8,0.14038767061326576,0,0.1483174136656205
S1,Office,25.03,4,14,0.0004360503341518607,0.4084451724480198,0,0.979263531198347,2986.09,9,0.052222402147044523,0,0.34519791856905746
S2,Office,20.9,35,7,0.03208242558583879,0.6480287939401654,1,1.1096787363783598,3512.51,4,0.05336092707547286,1,0.44844200403985085
S2,Electronics,17.69,34,7,0.008979726607286033,0.07851772621182285,0,0.9693400267435173,4187.73,5,0.1107453705903398,1,0.09980455370927951
S4,Office,91.85,27,11,0.03939612753404253,0.3449525470030681,0,0.9238133703547434,2566.69,6,0.0795886397281627,0,0.2973617950334822
S2,Office,27.43,10,6,0.05977843096175839,0.9405783539402631,1,1.1964864306321021,4702.09,8,0.06432591594311117,1,0.6251376845098282
S2,Office,47.47,30,12,0.036753194792811694,0.03063569220614326,0,1.1742548538448916,2661.11,4,0.12207122826847538,1,0.11512165947581518
S3,Electronics,50.4,45,4,0.07050816308353353,0.7517418795059431,1,1.1766241477295833,1634.27,3,0.13365541007871168,0,0.5007690052000544
S1,Electronics,63.91,20,11,0.07414517680393581,0.8413749661359962,1,0.8526690118690952,3168.66,2,0.08858799090707754,1,0.6056399612942069
S1,Office,16.46,29,8,0.06966063873608118,0.2770607254177502,0,0.8937021027236648,3461.03,4,0.027765490913325912,1,0.24427748401433158
S3,RawMaterial,30.41,29,2,0.09367135596314982,0.21471436951981226,0,0.9768267832663364,2783.26,9,0.06994288335029668,0,0.1712157427865466
S4,Office,93.83,23,7,0.023729427699515106,0.9148208935862071,0,1.1328517032930232,3799.32,9,0.07565559932222013,0,0.6060113644615789
S1,Electronics,91.76,21,3,0.01894564531149766,0.7640016954807244,0,1.0947310160910493,2393.06,2,0.06483110356662891,0,0.4855132823104553
S2,Electronics,80.32,48,14,0.060971148924186716,0.1133807096070023,1,1.1398669580609717,519.52,4,0.03936478182980765,1,0.18631977044145742
S1,Electronics,11.75,43,3,0.05948770094341835,0.2121972555164029,1,1.1683053164629484,1690.43,7,0.07084827115857817,1,0.16659323502143866
S2,Office,39.43,10,14,0.05100983336748071,0.6213551549925544,1,1.112306737220208,4756.57,1,0.06698192281465344,1,0.48811604300577693
S4,RawMaterial,66.52,41,7,0.0004353191494264497,0.4194169288968924,1,0.9047080040579913,3934.5,3,0.031424028592790795,1,0.30178075308296337
S3,Electronics,34.77,12,12,0.05552382299059985,0.5041743704378998,1,0.9141782729548678,1352.9,7,0.13551459785040976,1,0.4048760548742055
S1,Electronics,91.86,30,3,0.0932798056872979,0.9515424351022675,1,0.9409950726492393,799.94,4,0.1328011426271202,0,0.6203379741961214
S3,Office,67.05,33,5,0.03345776891128629,0.4202354631919739,1,0.921230146733447,2078.59,7,0.11394246426758846,1,0.2978928943028559
S1,RawMaterial,16.47,18,8,0.09675991933202505,0.881681995814269,0,0.8996395798812452,4263.36,5,0.0601419866418422,0,0.615180030431026
S2,Office,91.81,14,14,0.03567566791976943,0.6607447186605733,0,1.100994423950297,976.91,0,0.05555128618382034,0,0.5071495315722748
S3,Electronics,96.2,22,13,0.013985450251781785,0.12161945871355617,0,0.8135964203601526,2945.09,4,0.10746980660939467,0,0.1700244531608111
S1,RawMaterial,16.99,21,4,0.03984034149271385,0.7445070366477197,0,1.091357495238026,1737.5,9,0.09121788525046033,0,0.4872277530078745
S2,RawMaterial,57.91,1,7,0.04946113129235441,0.5202090739563148,0,1.1294255086059872,3768.15,1,0.09008974859201367,0,0.3769637837614952
S3,Electronics,37.3,49,7,0.06294644101765912,0.22509725039198858,0,0.8264176173379272,501.85,6,0.018616729124228498,1,0.20394228254049085
S3,RawMaterial,45.36,43,2,0.05048781620223341,0.2895493230822981,1,0.8247388428803986,1747.28,9,0.09274256704431726,1,0.20316165299576314
S1,RawMaterial,26.17,15,14,0.053671862740621815,0.5573324247507513,0,0.9141855211573204,3556.63,3,0.13527945166850486,0,0.4505010136726373
S1,Office,62.03,36,8,0.0024067038357605377,0.601702490145793,0,0.8833227262406661,2960.38,1,0.012872470600565011,0,0.41888636238106114
S1,Electronics,96.22,47,10,0.025362016913398934,0.96817640402948,1,1.0324534694760774,4004.9,0,0.050875694860618104,0,0.6599430189202791
S2,Electronics,55.28,22,12,0.031069665793917203,0.8547201364105933,1,1.0701806174006534,1209.54,4,0.07635214371706085,0,0.6078672672988169
S1,Electronics,17.46,32,10,0.09870885378814491,0.2058392869952762,0,1.0536567984417298,2889.39,9,0.10290142422472305,1,0.2245447997621806
S3,Electronics,65.8,46,14,0.029556773848703366,0.7739920705671455,1,0.9429389481048891,1380.96,7,0.013445239433437678,1,0.5732622744948983
S3,Electronics,40.62,33,9,0.08965788488242854,0.008291808151645541,0,0.9993591338454545,3376.49,7,0.13092092899332664,1,0.09615816464143018
S1,RawMaterial,87.03,41,6,0.030473620054107878,0.129808461165144,1,1.0559963318016474,1091.04,9,0.006081843061222719,1,0.1298843055724616
S1,Office,49.12,39,14,0.009611033104239108,0.1997004160662832,0,0.8477705075225481,1169.12,1,0.12865345002108639,0,0.22270355957104165
S4,Electronics,27.36,23,5,0.02476173990609444,0.5971993526591379,0,0.8918047657815577,1976.92,5,0.004147763379788272,0,0.40146241928159676
S3,Office,27.2,43,1,0.027282838491429796,0.1946850063001867,0,1.1561984615944731,2308.58,6,0.023028495649103357,0,0.1321387124703981
S2,Office,79.19,2,1,0.09782485938889843,0.36527294203530714,1,0.9369305506196457,2743.52,9,0.12004857407305101,1,0.25565408018071095
S4,RawMaterial,33.9,2,9,0.06742915055672372,0.24277978214207951,1,1.120462552767882,3113.18,0,0.12902466558056674,1,0.2301823287379791
S1,Electronics,79.05,38,14,0.0931680995620966,0.33741662437996334,0,0.9003959009348577,2609.66,4,0.14733987439293383,0,0.330400404496607
S1,RawMaterial,28.53,29,4,0.08349950222048219,0.942451444734066,1,0.8166561406144088,705.37,5,0.017357224251551277,0,0.6190921460780128
S3,Electronics,38.95,46,1,0.057859849067809756,0.9973763525954301,1,1.0001602369893638,2045.57,6,0.07896766741359475,0,0.6229266234204581
S1,RawMaterial,51.89,3,11,0.06753879242455633,0.6857221062641092,0,1.1569928174249946,776.22,8,0.011573373980953582,0,0.510266330057261
S2,Office,94.89,39,10,0.062483719369603154,0.5723078714556808,0,1.127713819656855,1031.38,2,0.02346114389457744,0,0.4335584101128609
S3,Electronics,93.86,7,12,0.06662630261917867,0.7084478458162832,1,0.901175667569796,917.71,7,0.026174078685954495,0,0.5307708839898092
S1,Office,28.62,36,3,0.026477366462727626,0.7716522004189084,1,1.1639743097697388,1211.43,9,0.009508237718862816,1,0.4923631016187347
S3,Office,42.24,29,6,0.04081251342079371,0.7390127436095144,0,0.9918863579665212,4158.14,2,0.13394697088925056,0,0.49850854304908965
S1,RawMaterial,23.45,37,14,0.05926158115981464,0.08189252820000481,1,0.8195996015154681,3324.08,8,0.018953327702153976,1,0.1669139912679473
S1,Electronics,55.9,49,11,0.003592846505585712,0.310293419286774,1,0.8111698479071008,2780.51,7,0.09440112645184856,1,0.2658253340951687
S1,Office,51.45,36,13,0.04828349014016934,0.34343138178974975,1,0.99404549360133,3795.16,8,0.0938620596844712,1,0.3134010189730435
S2,RawMaterial,91.07,23,13,0.08597269333978533,0.36925447415014123,0,1.0185291422855265,4825.51,4,0.02979678080493183,0,0.34020163534916315
S2,Electronics,93.7,45,11,0.04923677275853299,0.344313778651542,1,0.8319651682330362,2379.54,8,0.14976168918536717,1,0.2999307275899137
S3,Electronics,44.52,16,8,0.05523233686554994,0.7870922974503276,1,1.1688962614900715,2153.35,2,0.052105165979382945,0,0.5459679366727187
S1,Office,54.26,48,13,0.020190512051519085,0.7476046678843783,0,1.0872867313963293,4899.98,6,0.1357641556445092,0,0.5474770972032256
S1,Electronics,90.66,31,10,0.0794343343985438,0.004600302892651786,1,1.1205129433946968,3970.99,2,0.14224270983806175,1,0.09801905348372565
S2,Office,82.6,34,2,0.03588782880375289,0.296381523494719,0,1.0336093004865405,3997.0,5,0.14234832214495446,0,0.20288097702367155
S1,Electronics,10.33,1,8,0.09565875534795444,0.6236636477853256,0,1.065417630461806,3199.74,7,0.11292563814025841,0,0.4600386724184388
S2,RawMaterial,38.81,18,14,0.09937148082595793,0.12026562198879953,0,0.9551440919308481,2781.54,1,0.038070750796797455,1,0.2019708174410671
S1,Office,47.96,40,13,0.0916000542595843,0.07119829448553239,0,1.0717188339776373,2977.66,7,0.018098302771538698,1,0.16305613582633757
S3,Office,30.67,43,1,0.008487674481614393,0.8283981194984816,0,1.1912731565617078,3434.38,0,0.08548274657313328,0,0.5067280311864304
S1,Electronics,27.96,15,11,0.033318315549602684,0.4526842721720691,0,1.0590863642443875,2195.78,3,0.05400586966455157,1,0.36017748653955084
S1,Electronics,13.4,48,2,0.09451376351025174,0.8556873679208534,1,0.9366534891492679,4020.33,6,0.12465585177288366,1,0.5560522640913018
S4,Office,67.9,49,8,0.08045332948444377,0.8235527271765656,0,0.9140956489529871,4591.49,0,0.11174850789251273,0,0.5754104922941297
S2,Electronics,33.63,17,7,0.09111835893074297,0.8933705221405857,1,1.1853383763388252,3070.78,5,0.04147024442601174,0,0.6133578209635743
S1,RawMaterial,14.71,44,5,0.05725531936410988,0.04827456356064708,0,0.8740009188432261,2216.64,9,0.0025522850534593186,1,0.08185561965990693
S1,Electronics,30.79,10,13,0.048039758818753026,0.18613006610838456,0,1.1224786446678479,3630.15,5,0.035597363842636794,1,0.2189471101677995
S4,RawMaterial,82.17,20,10,0.010649631700445106,0.2961431644014205,1,0.9861049168035035,1319.74,6,0.08506733763633997,1,0.25230935957955725
S4,RawMaterial,86.63,6,2,0.08394715423230992,0.13623038783786012,0,0.9775039017411202,4858.58,8,0.011849620831889118,0,0.12120809325812335
S2,RawMaterial,53.48,8,9,0.07451415484204786,0.4854698207857142,0,1.0990151151915395,3460.94,6,0.09874088995749224,0,0.37792185320975713
S4,RawMaterial,47.45,45,5,0.00588766030154122,0.7989768900390586,0,0.8592153720183774,804.06,2,0.10075444271584497,0,0.5168667178281832
S3,RawMaterial,98.01,34,8,0.020941458959528536,0.9511818108497045,0,0.9865183704579682,2883.88,3,0.025409088353981858,0,0.6341343813405383
S4,Electronics,28.05,32,13,0.055727756331501045,0.889574134476466,1,0.8143334751070994,3876.53,0,0.08944773511281462,0,0.6433199504424728
S3,RawMaterial,29.38,42,4,0.06844024020646387,0.4573366800158083,0,1.0681627286045878,1750.31,4,0.09104571419418506,1,0.32350550864285266
S2,Electronics,36.27,4,14,0.01376702642610065,0.6364911013709522,0,0.8233509135814666,729.45,6,0.0716967219531081,0,0.48602476875040157
S2,RawMaterial,25.55,44,9,0.024482481846232387,0.23069612344865287,0,0.8349155190695549,2701.23,2,0.14298687112933112,1,0.21004813290877572
S2,Office,44.14,39,10,0.019311021170901402,0.40300899993191985,1,1.1379305524916812,4251.31,5,0.01622447704477494,1,0.31902727773899375
S2,RawMaterial,91.98,20,7,0.021999715267054222,0.8711825954200031,0,0.9771820748063712,1631.9,2,0.06099385030543799,0,0.5793094718321181
S2,Office,65.38,24,2,0.09207131235687668,0.02919752201948078,0,0.880390275419297,3726.56,3,0.13243811583797416,1,0.059425621204465755
S3,RawMaterial,47.08,24,3,0.07158195730387541,0.5327592726434743,1,1.037033830382152,2335.06,4,0.0579471026189414,1,0.36255872220581864
S3,RawMaterial,94.1,26,14,0.07371069804033034,0.8727982978990213,0,1.0077133058338126,768.34,5,0.06369594135080024,0,0.6457921881515118
S2,RawMaterial,14.36,25,2,0.07939953108692827,0.12200987385076045,1,0.9643633306971433,1867.83,5,0.1002410820655429,1,0.11131149792224904
S4,Office,28.92,36,5,0.035657304264406,0.982546201951122,1,1.162166826699739,1912.56,0,0.09983453243693728,1,0.6359391981642807
S1,Office,60.93,7,2,0.07671846143991407,0.012391463981169193,1,1.0997831992609384,4570.99,7,0.003435293765814812,1,0.04473613110639002
S2,RawMaterial,65.4,10,5,0.09784133943229371,0.8861200114631643,1,0.8606371485021187,4917.87,2,0.06835461391694307,0,0.5967386944218724
S4,Electronics,13.56,47,13,0.0698394245940942,0.3536725743949669,1,1.028309859978968,1443.96,3,0.05002677670476142,1,0.3260125148723513
S1,RawMaterial,46.27,12,9,0.041675311229253914,0.1326905816777627,0,0.8354975602819069,2437.31,7,0.09415428707201792,0,0.15640265666114808
S2,Office,68.42,1,2,0.07163597857109748,0.1573581752545351,0,0.8978615881771227,4895.17,4,0.08335534735429072,1,0.13019141300976458
S2,RawMaterial,72.83,25,9,0.09007947002628694,0.7011787183542708,1,1.163944138688256,2332.71,5,0.09762924406705466,1,0.5120167863061629
S3,Office,67.43,16,7,0.01287615436759736,0.8707196766559441,0,0.9848319702832968,2071.27,0,0.0980651079759006,0,0.5762946523038457
S1,Office,38.85,5,7,0.026529467558472145,0.6410663538067879,0,1.1568424406470807,994.47,7,0.038230779196145044,0,0.44259865255161435
S1,Office,18.42,19,14,0.09192962153289053,0.9287249713607529,1,0.8663995862366257,3889.78,4,0.03696971468537773,1,0.6848138692763189
S4,RawMaterial,48.44,4,5,0.09462329004445272,0.842478795056899,1,0.8821366990046556,2511.53,0,0.05554235925347298,0,0.569588549761761
S3,Office,21.59,6,8,0.04841391271179451,0.009031806940650422,0,0.9411298892268372,3373.98,6,0.0362937690805041,1,0.07708611512078575
S3,Office,95.29,26,7,0.03745509634032975,0.6694296644301347,0,0.9465302569037867,2794.36,1,0.10242121167280004,0,0.46289432756017973
S3,RawMaterial,52.77,49,6,0.028278180560302926,0.30463468871429256,1,1.0981109080922498,1285.42,5,0.09042989628366886,1,0.23412141025380928
S3,Office,38.55,39,2,0.04987515410909685,0.4545000117204101,0,1.0397642247873486,1293.66,2,0.03245805099630752,0,0.30194826755068943
S1,RawMaterial,78.97,39,6,0.09345311515910518,0.09403074813422674,1,1.021299770378652,4728.9,5,0.13261572131995367,1,0.12731152628541045
S1,Office,54.82,9,14,0.014980962742445548,0.2820991618716504,1,1.0409502027312376,4502.84,8,0.06909939226067026,1,0.2737537859457239
S2,Electronics,37.9,45,2,0.04198306385472203,0.6326859674325075,1,1.0928765490093637,3247.85,5,0.01905798349374995,1,0.40649221390163537
S2,Electronics,83.08,14,1,0.0911607856957489,0.21838213025632403,0,1.1571266554436355,505.6,0,0.03194483821373731,0,0.16552037100537623
S3,Office,88.04,48,9,0.03491192701442519,0.647536668271193,1,0.965895982590888,2449.83,5,0.0809775844695518,0,0.4632812933527577
S3,Electronics,70.57,9,13,0.07680814070435371,0.9230321707966723,1,1.1211703771693862,2886.93,2,0.05076360246833924,0,0.6697188875464524
S3,RawMaterial,14.23,15,5,0.03892597862411021,0.004940305004957235,1,0.9980387532344115,2522.47,3,0.12768329048917024,1,0.050356262304493124
S2,Electronics,60.97,37,10,0.08049266783230417,0.7857707197298583,1,1.0888312970198153,4664.52,3,0.07421031111032551,0,0.5670388036161776
S4,Office,78.7,20,10,0.09810023499572086,0.6413188801631883,1,1.149929515223907,683.9,8,0.13729422006516054,0,0.48564997002520066
S4,Office,22.29,8,4,0.03878220105752783,0.04663276273379224,0,0.8128859289459336,3447.18,7,0.015273972140753217,1,0.06818574652896227
S2,RawMaterial,30.58,32,12,0.08450986545742006,0.7901671372452204,0,1.0186519021347122,1912.26,6,0.10028896994921371,0,0.5851675276986439
S2,Office,89.42,47,11,0.09884168248403008,0.22452103513713106,0,1.19575225058419,3017.65,4,0.13286772785290335,0,0.24293655439891623
S2,RawMaterial,11.81,21,8,0.09838301430112543,0.26582054072262484,1,0.9984897658089856,3451.63,9,0.04393957133358304,1,0.24615008586676965
S2,Electronics,77.75,41,5,0.043377108153330804,0.09351568246937336,0,1.1457214730406768,2483.7,3,0.020353139447293205,1,0.10483682764190899
S2,Electronics,52.64,19,14,0.048576112054915,0.5343798153432594,1,0.8743599409667318,1167.68,2,0.0684967106967297,1,0.43520072282243016
S2,RawMaterial,50.21,29,7,0.030340156164300205,0.4982237402682267,0,1.0417148360985327,2835.67,0,0.1442001339491426,0,0.35803629101022605
S3,RawMaterial,10.64,31,3,0.03140187637223651,0.347174506336289,0,1.148122385293778,4698.3,8,0.09501928882549807,0,0.23915383814201577
S3,Office,83.75,6,8,0.049247062263223534,0.16875380776677307,1,0.9726132526475084,2911.46,7,0.09659654565453589,1,0.17316926048188802
S3,Electronics,42.38,4,8,0.020051859006430875,0.8379535544990658,0,0.9946888235620175,1053.23,0,0.1007251881795883,0,0.5659305475442259
S3,RawMaterial,58.67,43,3,0.07111232961549276,0.8763784300676717,0,0.8328071617796071,4208.73,1,0.005964206339068634,0,0.5685893283538224
S2,Electronics,70.96,29,9,0.05363085347542523,0.5405796107136721,0,0.816868836780242,1497.85,0,0.06684747019865887,0,0.4047227367565451
S4,RawMaterial,73.24,42,14,0.08980678571732824,0.24422533359937815,1,0.9874833198331933,2165.98,0,0.011635801566256437,1,0.2734772358748253
S1,Electronics,96.04,3,8,0.08105824338105411,0.09611006569868397,0,1.1373901326564535,2429.41,8,0.04737882440579306,1,0.13912636957638375
S2,Office,57.82,1,1,0.03224711128461346,0.8685441674915627,1,1.172529708845886,2028.65,4,0.12323985365053161,0,0.5379434910231787
S1,Electronics,45.97,44,8,0.05058046230176674,0.0960527195895543,1,1.0634612013845102,2320.03,2,0.09844049245905438,1,0.12994862758711975
S4,Electronics,95.83,15,12,0.07505149276387742,0.013180037749451312,1,1.130559439733847,4079.66,1,0.14933590481029727,1,0.11613775619311972
S3,Electronics,67.79,47,11,0.019320012747839167,0.46939757733863874,0,1.0939416650633622,1505.12,7,0.025823163655901538,0,0.36600597879896357
S4,Electronics,36.83,21,4,0.0031597729817583356,0.7312710219793342,0,1.0805943307601638,2616.88,7,0.059558135427813484,0,0.4682819736535566
S2,Electronics,21.38,46,6,0.08523045263082839,0.4575370044770406,1,1.1076132395147034,590.04,5,0.12144603244844017,1,0.34294848133261574
S3,Office,85.83,31,14,0.013755025749294825,0.0514106069865361,1,1.0021211809643717,2784.5,1,0.032353740359013616,1,0.13497287191671012
S2,RawMaterial,42.6,7,13,0.08894114309537066,0.6900291134218228,0,0.9831752413987418,1002.6,0,0.02305827694936875,0,0.5335569538388478
S3,Electronics,69.44,17,10,0.09136080238811446,0.6423326205578509,0,0.8636574088967441,1770.06,5,0.06414188354907391,0,0.4842363844797163
S1,Office,52.37,19,9,0.046070043813715725,0.681529731124555,0,1.137526126683236,1961.93,0,0.05755897352362522,0,0.48702456610456196
S1,Electronics,27.9,39,5,0.08067817123525783,0.21120249134904945,0,0.817845552041562,870.59,5,0.14703089113550272,1,0.18663923189429274
S1,Electronics,64.15,3,7,0.036319124635413834,0.7956984091451991,1,0.9069776484949317,2122.55,9,0.06843772935399761,0,0.5383147828777436
S4,RawMaterial,15.46,30,13,0.08582645485117468,0.4791682117481334,0,1.0079664588582917,2741.26,1,0.12914195146541302,0,0.4061060063613753
S2,Electronics,47.2,35,1,0.0824681884166717,0.5363528105904403,1,1.1886392450088197,2439.93,6,0.13319482788508344,1,0.3536950000221228
S4,Office,59.2,29,9,0.00785183897012024,0.5458300096542491,1,1.114389176918359,1761.91,9,0.02368075711416139,1,0.3941392717692998
S1,Office,49.24,14,14,0.05826017407523672,0.286806437071201,0,0.9474684898594512,1826.85,1,0.1072957201872682,1,0.2895619144652916
S2,RawMaterial,77.38,35,6,0.06399989035967482,0.2501341043370423,0,1.085579356204974,3351.12,1,0.0416410708817105,0,0.21213757256727067
S1,Electronics,84.51,28,11,8.572906882160504e-05,0.004766130481536401,0,1.1725477552060624,3732.78,5,0.014210845239394426,1,0.08145682558099689
S4,Office,79.41,30,4,0.09799183187292954,0.39661034205540036,0,1.0155533806148305,3094.39,3,0.13120573666523802,0,0.2959351833665476
S4,Electronics,13.49,26,6,0.04065675749007108,0.4851029839390655,0,0.9847760782003797,4892.85,5,0.04386495614450271,0,0.34611596046760346
S4,Electronics,27.47,7,5,0.05173432058592131,0.7428037456552986,0,1.021197308909731,4751.93,7,0.051804850528621514,0,0.4969168292832412
S1,Electronics,58.29,39,3,0.019480407979302096,0.06662696094429998,0,0.9246120164615931,943.11,9,0.04859835547790099,0,0.06724887038894203
S2,RawMaterial,94.13,31,7,0.061091857751726125,0.9239894123987114,1,1.1629395242736762,1676.18,2,0.030044313443005483,0,0.6227212047647447
S2,Electronics,85.15,5,3,0.0810619866279359,0.2639584682470415,1,1.1189127249845907,4407.77,4,0.0651755073042936,1,0.2041222483651771
S1,Office,85.83,35,13,0.05858923457197282,0.3667206901282478,0,1.0821936449413108,633.49,4,0.06424392312036595,0,0.33046632730568337
S2,Electronics,37.29,47,14,0.07880350458020972,0.048362465595261805,1,1.035636832225057,3164.89,9,0.06131274385667744,1,0.15265853073122
S1,Office,48.65,14,13,0.07311079607181668,0.6531364108181233,1,1.1877899113808752,4795.25,8,0.13744466207348688,1,0.5066722281695619
S2,Electronics,52.36,36,2,0.023765781152713807,0.7089227973898669,0,0.9190822917897682,3554.23,6,0.0509627443043717,0,0.4467691270654485
S3,Office,24.16,27,14,0.043581284110915414,0.9287912172897655,1,0.9132540659627398,913.7,8,0.004556836251623502,1,0.670349115607134
S3,Office,12.8,24,4,0.014862688443640859,0.3368290033152288,0,0.8968553331452729,3865.18,7,0.026765550936116444,0,0.2351276370936581
S4,Electronics,95.22,40,7,0.004193587507510199,0.25736872987823345,0,1.0967103954579729,2194.18,2,0.10822456148602105,1,0.2056793141791931
S3,Electronics,31.66,29,5,0.006306895526413093,0.7260865035708707,1,1.11891425594972,4646.9,1,0.08862879094717667,1,0.473258256514732
S3,Office,31.6,45,14,0.09424999298728906,0.7068008884429279,0,1.0388456704666766,1788.42,2,0.14276022056117782,0,0.5523555309619435
S3,RawMaterial,17.5,22,9,0.09845374591343786,0.9371240578533869,0,1.0607934841352469,2629.54,5,0.10416526607863248,0,0.6560962727717777
S1,Electronics,93.57,8,10,0.009497750804983995,0.20531862423328395,0,0.9395843058425571,3859.73,9,0.0291362510098067,0,0.19746907121003698
S3,RawMaterial,62.18,15,7,0.03351934351720487,0.7052926226945352,1,0.815903016989153,1658.93,3,0.018096632794095468,0,0.48323137667188254
S3,Electronics,70.03,49,12,0.01144206801560227,0.06686857718935424,1,0.9014543374565013,1318.02,0,0.07811396629717152,1,0.12926805243257894
S4,Electronics,92.04,5,14,0.08342288233689692,0.48036810675721864,0,1.0337212908521705,512.19,9,0.09978941042135135,0,0.4132477287554003
S3,Electronics,41.11,4,9,0.049629709164028174,0.11939077726570835,0,1.1251730729537555,2695.83,9,0.02484551069528046,0,0.15080909339434775
S3,Electronics,65.94,11,14,0.062126175592554934,0.6531459880944719,1,1.110877991373199,4678.78,8,0.09025395155740774,1,0.5105254455344496
S2,RawMaterial,13.49,18,9,0.05399108657350063,0.6014667616916858,1,0.8717949456772726,1766.69,5,0.12975430258944862,1,0.44136309727277595
S4,Electronics,26.81,42,12,0.0710253583840716,0.048832933629728625,0,0.8205784840304914,695.2,0,0.10913533921395666,1,0.13632165340734437
S4,Office,84.81,49,2,0.03191322433170606,0.31961782258475613,1,1.1402240159984165,3291.94,2,0.09962866213227113,1,0.21563037513607977
S4,Office,79.01,30,1,0.013749335453003232,0.3950336322767527,0,0.8302356930810607,752.76,0,0.11839965817648866,0,0.24828783714480973
S4,RawMaterial,41.56,15,11,0.001762000272971398,0.24806026951296445,1,0.9573245051156266,2781.11,8,0.015612406358059643,1,0.22793619036109866
S4,Electronics,43.91,6,4,0.044569288862593814,0.038670044018810135,1,0.8376902627139663,2216.88,3,0.030574718371679164,1,0.0651442416414928
S4,Office,58.02,16,4,0.09078344287914374,0.3188218961060588,1,1.0256194841794426,2639.41,1,0.0057149245538683615,1,0.247099599098807
S1,RawMaterial,10.02,47,13,0.03052665380122667,0.7926249014508285,1,0.9453345724750065,1231.88,3,0.02174669181401352,0,0.577590079868008
S3,Electronics,31.71,40,2,0.01959568211356231,0.3601090885916426,0,0.880997447120605,905.91,1,0.13697735140042896,0,0.23622987207476853
S4,Office,28.74,9,3,0.09260427462471071,0.3233697552343533,0,1.0380670672872165,3870.46,5,0.03332173918759696,0,0.2432317069565966
S3,Office,32.54,43,3,0.010544863875129418,0.9417531379115845,1,0.9453567159518759,1605.5,5,0.09931458245187944,1,0.589643913338061
S3,RawMaterial,82.53,34,5,0.005180103341581011,0.0416307187145013,0,0.8667153006883206,4101.91,6,0.10373508737030675,0,0.0622467479454608
S1,Electronics,35.17,27,1,0.08794131749554379,0.767288195641983,0,1.0800345650257053,3913.01,8,0.0967988189129382,0,0.4938981697767101
S4,Electronics,27.24,13,9,0.07009093819546891,0.48309359831434995,1,1.1347233239529506,1392.7,8,0.0830881573103795,1,0.3751691547329649
S2,Office,55.38,36,8,0.04220686381374128,0.9444625075105407,1,0.909497028434998,4587.31,3,0.07291955211702177,0,0.636482420793304
S1,Office,87.91,27,8,0.0752343973008841,0.3934707441633918,0,0.8745700183207361,1225.76,8,0.06298812626712624,0,0.3157956228311575
S2,Office,31.72,9,3,0.07414399520442692,0.7080423370055218,1,0.830100744794192,4087.16,7,0.1375348044927427,1,0.4684971721932125
S3,Electronics,17.07,5,2,0.004006056326058294,0.06993536439051484,0,1.0111608500280826,2392.4,0,0.001427154131571795,1,0.05744874981784068
S3,RawMaterial,42.08,22,1,0.067624681206184,0.9287724255838811,1,1.1325174798986677,1323.57,6,0.008023443904037296,0,0.5846937168550409
S1,RawMaterial,77.29,31,12,0.06408723774527127,0.3445426667985926,0,0.9003159580001284,4721.5,6,0.07387686982539728,0,0.31166605711702267
S1,Electronics,59.56,3,6,0.09637791364163036,0.5240045757842865,1,0.9842551086521709,4834.66,9,0.04957651227062896,1,0.3861732624202039
S2,RawMaterial,83.51,30,13,0.09666226101597636,0.1384816087629671,1,0.864321381379112,2801.18,3,0.06123453196548797,1,0.20494478641971603
S4,Office,96.36,21,10,0.0377799326202044,0.9455578712202408,0,0.9616803295974511,2611.29,6,0.1496772779338412,0,0.6500972739467772
S2,RawMaterial,81.34,35,1,0.05898419118882184,0.6729704039298935,1,0.8061780430221901,4553.79,9,0.11627020487943301,0,0.42862035685743977
S1,RawMaterial,64.34,6,14,0.014135737488837875,0.05394747683611223,0,1.164291627141381,3182.62,9,0.13161119339823374,0,0.13660920734831872
S2,RawMaterial,54.4,28,11,0.006645652595713403,0.15520677917928338,0,1.0706287580002274,1697.17,4,0.05528618463684211,1,0.17368919185771264
S1,Office,13.61,32,5,0.04327798722589025,0.3998339976426497,1,0.9331254870539087,2413.39,4,0.03593406600092652,1,0.28859808046764257
S2,Electronics,98.59,42,9,0.06898820108350105,0.21677101238427177,1,1.1524793040224093,4261.95,4,0.11519857024836691,1,0.21504478204132765
S1,Office,44.51,37,11,0.05677611222977269,0.3046255695163306,1,0.8731718517732178,4368.03,5,0.12113641413856689,1,0.2783796039501587
S1,Electronics,23.7,25,9,0.04296569221860019,0.9974911608761765,1,0.8314934927422698,4726.64,6,0.08248476689612813,1,0.6756701184770002
S1,Electronics,70.0,32,13,0.0818112546774591,0.6586486971498026,0,1.177048632458357,1797.17,4,0.13439122719709565,0,0.5125897375502622
S4,Electronics,35.59,35,12,0.0794427472183747,0.9222176023144519,0,0.9236067846943575,3559.79,8,0.14509878851929886,0,0.6628776712684692
S2,RawMaterial,62.72,22,4,0.07319420550777614,0.43579837485432904,1,1.1743893576433815,807.75,8,0.07065310176469651,1,0.3120087151363588
S2,RawMaterial,62.81,24,7,0.0077032248153761085,0.7102822844905679,0,1.0550451677091226,3766.56,6,0.033400000167109825,0,0.4784803381389535
S2,Electronics,50.12,39,14,0.07964696278956436,0.45969029216128865,1,1.1920171731261884,3034.4,9,0.07756696605769706,1,0.39970826413364247
S1,Electronics,85.25,30,11,0.09194213159947001,0.3282245428550241,0,1.1013716848849682,1623.95,2,0.1484299835513455,0,0.303088793764284
S2,RawMaterial,33.85,32,7,0.005944208829091646,0.5191731465010563,1,0.8421935467713193,3445.84,3,0.043939028952461996,1,0.3632871505493612
S2,Office,50.38,31,4,0.040167138880853506,0.4273110417874867,1,1.140891466790193,1108.32,3,0.09263989855992015,1,0.2970081953081766
S1,Electronics,58.39,23,5,0.09883554897165878,0.9805406486806937,0,0.8591514090111874,2002.13,6,0.10409754961049207,0,0.6536893396141995
S3,Office,69.73,40,11,0.05992388584682837,0.4961664052164009,1,1.0768790423097256,2304.11,1,0.03208931915179155,1,0.39424843745531757
S1,RawMaterial,80.56,33,9,0.051357740212746285,0.8111131328987955,0,1.0001629797693457,3997.12,4,0.08826886842332486,0,0.5663609160888154
S2,Electronics,45.53,25,7,0.017744614746874356,0.6668194682958485,1,1.0830900032577935,1889.53,3,0.04717605089536731,1,0.4554150654015714
S1,Office,68.14,36,7,0.056548628333417,0.4796272372174225,0,1.1059958130672793,720.66,9,0.12813144136301133,0,0.3547409308304786
S3,Office,23.55,24,10,0.0439043260469453,0.4741500724663361,0,1.1214660845653264,1313.33,8,0.10721303560590663,0,0.3690899127224567
S1,Office,93.94,31,7,0.012744305557012304,0.34189011706203765,0,1.1339920530782859,3236.42,0,0.12393996412184861,0,0.2589573619043263
S2,RawMaterial,44.48,39,9,0.04643326526180343,0.10698180763205611,0,1.1388898086198576,568.63,9,0.029952359188793302,1,0.14240477844348898
S3,RawMaterial,75.66,46,5,0.016439930517526048,0.7614693289373168,1,0.9650297706089679,4065.05,2,0.005186205852835146,1,0.49752786223193357
S4,Office,11.83,13,6,0.07306636217260566,0.918094793200539,1,1.155691228876883,4555.04,5,0.12757885272148123,0,0.6156339274292479
S2,Office,28.47,10,3,0.0973648366143623,0.21795485466011766,1,1.0878321014182346,2729.29,3,0.05801313006246449,1,0.1814109352089507
S3,RawMaterial,53.84,23,1,0.046957704842569614,0.9256734939291974,0,1.135588372567329,3684.34,2,0.0269583617868223,0,0.5766342649531464
S3,Office,89.04,18,11,0.06323683319146128,0.23230421805827817,1,1.1956765411458399,2582.05,5,0.013784304790095736,1,0.23692500936383387
S4,Office,57.45,32,12,0.04309755247668423,0.5300791019837752,1,0.8465658968530204,1889.43,2,0.07747512090856369,1,0.41669101264755615
S1,RawMaterial,93.69,33,2,0.013845385365700536,0.34362199612713784,1,0.9482318790741633,1241.9,6,0.022519192891791866,1,0.22461252757170716
S1,Office,53.54,36,8,0.09705552864754988,0.11450878591225822,1,1.122618808282506,2831.73,0,0.08500380366618851,1,0.15496478728447702
S2,Office,54.14,28,13,0.01295786640840797,0.05283837495554733,0,0.8345213885585032,4684.5,8,0.10909598137691169,0,0.12844752775299365
S4,Office,20.78,16,1,0.011162680851354068,0.3653465321442274,1,1.016312426188984,4504.87,9,0.08025872572743782,1,0.2296995806847998
S1,RawMaterial,82.24,16,10,0.04591729416713006,0.04734386454943995,1,1.1433591835712522,4638.32,1,0.13555496740327214,1,0.11361007840837442
S4,Office,32.23,18,7,0.06588872657669322,0.1042064375378513,0,0.8075965052832663,4848.86,3,0.02333544365034567,1,0.13229048049571873
S1,RawMaterial,90.97,8,5,0.035492327097289125,0.14229757879798421,1,1.175807559423629,1244.11,5,0.07409302098757485,1,0.131740531122263
S3,RawMaterial,91.97,42,13,0.019251702219690303,0.0019157061789990548,0,1.191257929561841,1159.36,5,0.024478568907994835,0,0.09978207723044938
S1,Electronics,94.9,16,6,0.08189633680274763,0.15325221584365345,1,0.9289123718832952,2424.93,7,0.13138528896698198,1,0.15937737340415922
S4,Electronics,56.82,11,8,0.036310332060955124,0.5772786803783746,0,1.1067164765560205,3601.9,7,0.13983589145267072,0,0.4144031649881685
S3,Office,70.94,6,4,0.01943209733839072,0.8195231220959365,0,0.8508704410657806,2478.62,3,0.059999382246427174,0,0.5261149310305077
S3,RawMaterial,80.07,1,6,0.03650848775068701,0.19342995940806984,1,1.10914570821087,4515.59,5,0.045862238677301194,1,0.16986766482719085
S3,Electronics,21.79,12,14,0.0214554207642791,0.08087260384750028,1,0.9926086723336021,3728.28,8,0.04189741431438731,1,0.1549601885377839
S4,Office,64.09,38,11,0.051944773781234056,0.7295141984358722,1,1.1441092314112848,3352.87,6,0.12895910189861015,0,0.531863379767322
S2,Electronics,13.09,28,3,0.06682893861376991,0.008162711457216032,1,0.8850425709104803,819.67,7,0.10236628869399678,1,0.046374879887032025
S2,Electronics,54.78,45,7,0.0799557377199186,0.7341621020363812,1,1.0690631812968958,1289.01,7,0.13208895819807515,1,0.5144839825378043
S2,RawMaterial,23.94,17,2,0.02275620303198659,0.1311172358668813,1,1.1144476697663404,2426.69,1,0.01762752442256746,1,0.09978291671543903
S4,RawMaterial,26.46,1,12,0.016695400570444552,0.22828506211940347,0,0.8809969061009311,4893.69,6,0.0714041891796105,1,0.22769394315706118
S3,Electronics,42.85,32,8,0.001960342089522016,0.12006991088802954,0,1.1273149110279286,2004.84,2,0.10142686416976437,0,0.12977290630253147
S2,Electronics,48.92,8,13,0.022808776834724265,0.2473381570513945,0,1.1831942003767475,3334.89,6,0.13456361411291926,1,0.24810267013839682
S4,RawMaterial,66.09,40,7,0.002390535249779624,0.7981759384617949,0,1.0464314399682524,4950.08,1,0.057302882086948295,0,0.5296227236520108
S2,Office,16.7,43,12,0.034547420368905936,0.13254410512507575,1,1.11394016671622,1688.11,0,0.04696351090654168,1,0.17560497490000293
S1,RawMaterial,55.33,46,12,0.014569308883003663,0.9941656322935339,0,1.0130335437438582,1250.0,8,0.13694485637787684,0,0.6865844577553072
S2,Electronics,26.44,24,8,0.057989559822778425,0.3270977760977919,0,1.0392413443982522,2958.5,9,0.007129990474524372,0,0.2707983907483658
S2,Office,61.66,10,2,0.03837267594912731,0.9219681255083289,0,0.8053409738102717,2983.51,9,0.07193932347833701,0,0.5789783923754497
S3,Electronics,67.37,47,3,0.009358534107075956,0.19003307983554663,1,1.0097149067344109,4648.49,0,0.06879398409098747,1,0.13825597956202218
S4,Office,60.1,39,12,0.03998664630365942,0.18789751994440174,1,1.030225499929616,618.94,0,0.02190846208362182,1,0.21044879157202456
S3,Electronics,76.45,39,4,0.020934811596785164,0.5653356830430738,1,1.0680190183061546,2333.2,2,0.059242516677206716,0,0.37405328187630843
S3,Office,40.2,10,12,0.06801773513401055,0.05060008490467793,0,0.8677562435330755,1905.57,0,0.1083899609975225,1,0.13647965719729566
S3,Office,78.86,36,9,0.03644362447707399,0.8010028976355928,1,0.8965497049540371,3069.74,6,0.05503026668313809,0,0.5558205402101922
S3,Electronics,48.95,25,12,0.014703000921514608,0.43961525066805385,0,1.102401852676905,541.99,6,0.04644907194146692,1,0.3538943363915724
S3,Office,53.58,10,12,0.03496017324042866,0.6991964733528545,0,0.8670555280109463,3699.79,7,0.11728432468595192,0,0.515720221698127
S2,RawMaterial,68.33,19,5,0.02243783339301855,0.17463220349601938,0,0.9664104289543028,2682.45,1,0.1483073116541103,0,0.1472249578298029
S3,Electronics,11.65,46,6,0.07957790016383862,0.6423573507861904,1,0.9001960875955582,3653.1,6,0.11690285608954194,1,0.45214492337800866
S3,RawMaterial,68.86,45,1,0.09833675603649453,0.5940706543516936,1,1.0180736414487013,2515.13,8,0.1269514932238623,1,0.3930862765648216
S4,Electronics,65.67,15,4,0.0025491389029767444,0.7556612519179438,1,1.1947483524619775,2633.87,9,0.14092511247187695,1,0.4827329213930878
S1,Office,37.89,16,14,0.06900201373152819,0.2974012926509706,0,1.1408151590713174,4529.97,4,0.12026586991140471,0,0.29914137971004084
S2,Office,17.72,2,4,0.026395783362348657,0.9331655749715092,1,0.9077897359846361,1449.04,9,0.1470531434725062,1,0.5963895085630386
S2,Office,18.18,29,10,0.006640864386929447,0.9613010693957319,1,0.947444724231377,1478.7,2,0.11209263821355923,0,0.6502014723820894
S2,Electronics,93.09,4,8,0.0014351309585293516,0.8681236112213547,1,1.1674534329991357,3017.64,8,0.09922838267508628,1,0.5784475631632288
S3,RawMaterial,72.04,29,8,0.08810096692124272,0.5720337661605418,0,1.1593179889418954,3471.01,0,0.1040022823874437,0,0.42679340691555506
S3,RawMaterial,21.44,31,10,0.03536065020777995,0.42028827066135055,0,0.8642112153794613,2096.1,2,0.1350122740162476,0,0.3342097288877158
S3,Electronics,42.11,17,6,0.09945438920906041,0.05799241856995485,0,1.1317084527018133,2837.8,1,0.10245122262926977,0,0.1074889107618339
S4,Electronics,63.32,10,8,0.04423771676302123,0.9472278014609896,0,0.9190431619149807,1525.35,1,0.11418077564215107,0,0.6387508530483572
S1,RawMaterial,85.2,27,9,0.01875977517713744,0.9517813436983669,1,1.017521263727308,1111.6,2,0.032401490054559036,0,0.6409824530578756
S3,RawMaterial,13.93,41,5,0.07771435685225458,0.018688454979683855,1,0.8020393557160793,1572.18,9,0.1368974419402215,1,0.07024166575777241
S1,RawMaterial,31.3,15,1,0.09264922163672987,0.3568875466407201,0,1.199436076358462,4623.68,6,0.06708198632688162,1,0.24907015161830817
S4,RawMaterial,90.08,44,1,0.0815621030775491,0.8800363682582618,1,1.1044385878593794,4108.18,5,0.02416009963692072,0,0.5596333090210789
S2,Electronics,10.82,31,2,0.07451992340275278,0.0808520330396183,0,0.8966932239594898,1131.11,8,0.11996807871411919,1,0.08515291113031109
S3,Electronics,28.13,21,2,0.033469969451916846,0.19656637671020738,1,1.0735179576556242,709.52,9,0.05345895264494612,1,0.14226653114741378
S1,Office,96.31,41,5,0.006449036389504271,0.9786773168195908,1,0.9173229451293919,919.33,9,0.027617871444243186,0,0.6248553867228914
S1,RawMaterial,65.21,46,7,0.02012993485600898,0.8472888121203486,1,0.8357823255944067,1820.45,2,0.03843767387558925,0,0.5644122677290119
S3,Office,33.55,45,7,0.04468102542474011,0.9120634940837636,0,0.9701239825468522,4151.12,4,0.005242347058570534,0,0.6106424040776802
S2,Electronics,16.03,26,4,0.0956199870014404,0.1421544186553172,1,1.045487544977458,1946.19,8,0.01359344743400775,1,0.142550075865051
S2,Electronics,12.54,38,13,0.07228541796753542,0.21131595896684496,1,0.8359109832844314,1335.45,2,0.08889371030791877,1,0.24133234362751044
S2,Office,32.03,36,4,0.08282830451682474,0.605416584351749,1,1.0073625194115772,2281.28,7,0.12993267421416835,1,0.4166698705375254
S4,RawMaterial,89.33,17,14,0.0277293896906476,0.5017382210026992,1,1.005945692978204,1058.24,8,0.06727956200982392,1,0.40936174950881377
S1,RawMaterial,47.43,3,14,0.06838230274535033,0.2985033905470489,0,1.0514580962454811,2615.98,6,0.0939087213449584,0,0.29961672515183446
S1,RawMaterial,74.83,14,11,0.08624381433779965,0.8838462997372464,0,0.8978582554121856,3539.99,5,0.12145996518439263,0,0.6347523527151162
S1,RawMaterial,92.65,49,10,0.047941151489658454,0.901388615535573,0,0.8082565932983465,2159.82,5,0.0535153365687104,0,0.6266440861968128
S4,Office,46.72,13,3,0.042989186023075866,0.29168401014661116,1,0.929943002690242,1281.25,5,0.09814711055270013,1,0.2093357333234609
S1,Office,27.21,41,11,0.07194045134317788,0.1557531405919398,1,0.9594324770102787,2539.39,4,0.0525648638686431,1,0.1936054483295458
S4,Electronics,56.54,27,2,0.05599116862447463,0.14909242077031348,1,1.0542964218721707,3931.2,6,0.09640730321581038,1,0.12053851733524476
S2,RawMaterial,91.73,1,3,0.09931710831940439,0.48442519539193907,0,1.1720687449101006,844.67,6,0.0326411580208872,0,0.34187882115955615
S3,RawMaterial,82.39,17,8,0.04251028007285617,0.13291849540135292,0,0.8813542091134071,819.22,6,0.14667594814056298,1,0.14964703840552573
S1,RawMaterial,15.92,48,1,0.017594327732498662,0.4733402220952253,1,1.0749334515073359,1931.5,2,0.011426665283481501,1,0.2964252887197419
S1,Office,72.33,34,4,0.04719350527863129,0.46193407285985744,0,0.8389603637493079,2367.74,5,0.07578492742838365,0,0.31988992387093246
S2,RawMaterial,61.47,14,7,0.023520499309773138,0.8841102132056571,0,0.8762487022219269,1474.12,8,0.04294446195781155,0,0.5875222777163261
S3,Office,91.67,17,5,0.05612538207945011,0.29621043980003703,1,1.0036538046278367,621.1,8,0.09012567522241272,1,0.23027816421814298
S4,RawMaterial,21.02,3,2,0.012579699243794585,0.5606524586409775,0,1.083351031663909,1488.02,3,0.06424604698663665,0,0.3544510992434391
S3,RawMaterial,58.06,34,1,0.09499762735491861,0.7434998642840964,1,1.1434274143763754,2459.16,8,0.04599983814148905,0,0.4817420639197905
S2,Electronics,89.15,40,6,0.0859822881540161,0.5959147950499064,0,1.0975613727918794,857.42,1,0.037505645742440315,0,0.4262007063332915
S2,RawMaterial,46.9,25,13,0.015556539710887041,0.954067844980137,0,0.8061411147442074,3721.51,7,0.027374792129642223,0,0.6699648117584911
S3,RawMaterial,53.38,2,13,0.01723929227470097,0.60227748049977,0,1.0735725303677428,2984.45,1,0.11743189742831435,0,0.45939541883941515
S4,Electronics,16.34,34,5,0.051243867448801654,0.9018621784701119,0,1.1298630814801227,2454.98,4,0.0333299905640469,0,0.5922047530309933
S4,Office,35.03,26,3,0.07728813870417252,0.24505638925374296,1,1.0102133909556552,2834.2,5,0.11602892945638729,1,0.19164884659206896
S1,Office,39.21,31,11,0.021907933566752948,0.5607527727794364,1,1.1862394763865636,3451.13,1,0.0727557913731517,1,0.42159547230911626
S4,RawMaterial,95.06,9,11,0.006097171955953185,0.5433059265666544,0,0.8017249689775333,4976.59,8,0.010834203203429732,0,0.4063841360982072
S3,Office,35.44,30,11,0.054553427658261516,0.9894521101400835,1,1.1274631802497215,3988.04,5,0.02481640164806038,1,0.6886087229529572
S2,RawMaterial,51.48,20,9,0.069159711410201,0.2045063133991235,0,0.9339278927676777,2931.63,7,0.1339356966183298,0,0.20773741574824867
S1,Electronics,70.42,21,3,0.024436549129271703,0.14099339836597746,1,1.060179912695131,3967.4,3,0.09042237330076945,1,0.11335557518693942
S1,Electronics,24.6,29,2,0.07397677877506381,0.6116720776304204,0,1.0773927577673998,2638.51,2,0.027649976808252662,0,0.40348199449648564
S2,RawMaterial,53.78,25,5,0.09506437849446087,0.22369214333206333,1,0.9224996065509048,1899.09,3,0.10556473728012016,1,0.19844888526186197
S4,Electronics,76.47,38,9,0.013707444268547288,0.6391553456502899,0,1.198169799925403,1678.83,0,0.12348926166427349,0,0.4518911549564524
S2,Electronics,88.02,44,8,0.05110290653086953,0.9724890885195508,0,0.8413000112281493,2297.66,0,0.04959797213377123,0,0.6559671822138485
S4,RawMaterial,66.36,25,6,0.00568419506815826,0.9465059953974576,1,0.8628116340674614,510.27,7,0.08348928192160689,1,0.6124659986160648
S2,RawMaterial,70.21,9,3,0.020666100723071557,0.231103024643998,0,1.1568766821004248,1296.3,0,0.04401749554247055,0,0.1662902164318917
S3,Electronics,21.37,39,6,0.008981935346107328,0.17089634821214894,0,0.8476719505779488,1069.4,4,0.012009257658087935,1,0.14808953238826442
S4,Office,95.12,44,5,0.04040066230802025,0.5607392871625457,0,0.9525145058983875,4821.54,9,0.059926361660540384,0,0.3842780567042192
S3,Office,21.93,26,1,0.08208317903747576,0.5867772882231501,0,1.0932568847584805,791.82,8,0.11271480286723293,0,0.3838341837879899
S1,RawMaterial,79.72,37,5,0.05771304505217814,0.6622500713806503,1,1.1165967443342952,2754.38,2,0.06880204183324153,0,0.45037824205832927
S2,RawMaterial,33.83,16,14,0.022258483716543077,0.7414909259868084,1,1.1818676707251168,4638.73,9,0.06079035120302359,0,0.551572100707048
S1,Office,94.02,37,7,0.00401106470957231,0.6009573106720042,0,1.11582953386968,3233.84,1,0.05490107832591318,0,0.4117777058160742
S1,Electronics,74.8,12,9,0.055339819528675296,0.11175300371966279,0,1.137812953647903,2728.71,4,0.06883752340043245,1,0.14793946237611455
S1,Office,77.84,24,12,0.013279671499057101,0.7901579705694478,1,1.1797504022777643,3843.47,1,0.047734342819899814,1,0.5637929695056715
S1,Office,29.72,26,1,0.034273402736375726,0.07951718452462597,1,1.0214750769096457,2090.19,9,0.0918276292367812,1,0.06513518867854544
S2,Office,49.87,20,3,0.0510192258913606,0.01999268621719208,0,0.9373733840394177,1371.71,0,0.00953489692870425,1,0.048729950926294854
S1,Office,65.6,9,8,0.09037325356861925,0.7696581966118765,0,1.1046452578666013,4312.77,8,0.12110822601709711,0,0.5460497511805689
S2,RawMaterial,79.3,23,6,0.008182332708871698,0.5483574244356758,1,0.8654166345686227,754.62,9,0.025975042073000637,1,0.37432629733120987
S2,RawMaterial,19.36,39,13,0.06686075922668305,0.6985914185865233,0,0.8272926680016227,4135.07,8,0.09501670924331168,0,0.5320702217770618
S3,Electronics,96.61,29,5,0.0014081285504878528,0.3827473242075987,1,1.1141323460491077,965.15,0,0.06748237845783611,1,0.26578511880399125
S4,Electronics,90.12,31,13,0.06299085523602958,0.011092493524492486,1,1.1802685432251407,3315.06,3,0.11602403203182103,1,0.11840989554264722
S4,Electronics,34.33,19,10,0.05515324893305937,0.33101534913102537,1,0.9769787779865502,2646.71,4,0.12392099802315848,1,0.28658375558710447
S2,Electronics,84.05,20,2,0.08118666200900677,0.6081352329231426,0,0.8644533813792474,4993.44,1,0.030630055827850066,0,0.4035228526423019
S3,Office,56.65,23,3,0.053166247286447935,0.22570307047010973,1,0.998808390434745,2245.64,8,0.10157687211566334,1,0.17280028789657165
S2,RawMaterial,51.56,43,12,0.03526165997261375,0.6878043336329314,1,0.9573271407813646,4807.79,8,0.028486126015125932,1,0.5089753838858286
S2,RawMaterial,38.3,27,2,0.02427508713282266,0.794401009891945,0,0.9489895759033983,2317.01,8,0.018599739125232693,0,0.49820884636072804
S2,Electronics,62.29,30,1,0.0085249741782073,0.45426699836555917,1,1.0512323359908862,3567.65,7,0.13954441522068767,1,0.2822605484156548
S3,Electronics,75.69,21,7,0.053461267429643126,0.8757212980691675,1,0.8698942858841225,3396.48,5,0.02465836056620143,0,0.5914711590703935
S4,Office,46.98,44,14,0.08883219266485685,0.8548165645691179,1,0.9521926194789521,889.03,0,0.03421978988741,0,0.6395395965409277
S3,Office,66.63,35,3,0.051474449395568944,0.8780579527918337,1,1.147470735642692,3845.15,9,0.01954860116819534,0,0.5637056779223423
S1,Electronics,72.94,49,7,0.07391028574658924,0.661037032656835,1,1.0918660390468486,1439.0,4,0.07054378340571837,0,0.4687953053180777
S3,RawMaterial,74.0,7,12,0.029843493821757563,0.30478899967357986,1,0.8222353867155157,2247.98,7,0.13794109837865856,1,0.2775407336649609
S3,RawMaterial,14.68,22,7,0.044813085987476776,0.481251282371572,0,1.0055615183849949,4019.9,3,0.03960836080683666,0,0.3521946952191862
S3,RawMaterial,87.38,10,8,0.03246032034459314,0.7105106495310913,0,0.8365181271627513,4749.41,7,0.08127781961239346,0,0.4931873429648899
S3,Electronics,51.24,23,1,0.01092661113548974,0.21056365326257276,0,1.1829985715794251,3019.12,5,0.06171881056391473,1,0.1367590324410477
S4,RawMaterial,33.62,15,5,0.0416988603283505,0.7388435092545264,1,0.8978562563532021,2837.23,0,0.05040141162607154,1,0.49153004936550665
S1,Office,31.76,30,10,0.07642872318372164,0.5480886170930402,1,1.1730484102853653,2772.16,0,0.0858229036895362,1,0.42321035863951206
S4,Office,53.47,34,9,0.039497499954451724,0.0960174402835633,1,1.1336033633966058,4174.54,2,0.08383393517532163,1,0.13374542844218779
S4,Electronics,89.81,13,12,0.06501792222182673,0.5572863270001672,0,1.0205457738789199,4969.02,0,0.05390499013260009,0,0.43959145858093407
S3,Office,44.05,4,11,0.07586154840508602,0.0667761382124833,0,0.9345218291371874,3351.16,3,0.12758449448490625,1,0.14139557602044434
S2,Electronics,77.48,18,7,0.03227362272163227,0.014307285046622042,1,1.1431786722762602,2203.8,2,0.007975816162428777,1,0.0682664578444629
S2,RawMaterial,18.71,23,1,0.07975145596054768,0.8896276699072845,0,0.8611134803746165,1483.99,6,0.012785759275096186,0,0.5648448958753921
S4,RawMaterial,52.85,33,8,0.03389257169697096,0.48991611160449466,0,0.8719896455596121,1394.7,8,0.1486171889950107,0,0.36126029561464523
S4,RawMaterial,99.25,34,3,0.02561070604604561,0.5432896550403248,1,0.8898890709467238,4352.68,6,0.11215243680767686,1,0.35508557626658
S3,Office,79.34,34,13,0.022244616775986506,0.2799377716302669,0,1.0390787591384747,4965.58,4,0.12058933551451477,1,0.267493190868099
S4,Electronics,28.95,36,4,0.01999041457248393,0.5427447194574935,0,0.9257300898210057,3640.96,0,0.09040516127081959,0,0.36021538461766983
S3,RawMaterial,55.13,35,4,0.07371240728133968,0.16886869214973277,0,1.1956725757915643,4801.23,4,0.06297906390396897,1,0.15200636604567014
S2,Electronics,31.03,17,10,0.08875092610569177,0.7456457973845251,0,0.8780452141172658,2074.98,0,0.09438403180984613,0,0.545441327690994
S2,RawMaterial,46.86,28,14,0.023064847418528923,0.8233491604038856,1,1.1222440390216617,3324.18,5,0.013887705841306951,0,0.6009289504678901
S1,Office,80.21,14,12,0.008524029779615394,0.8558757799192603,1,0.8383344874027183,2802.58,7,0.11366537524532443,0,0.6017969625997266
S2,Office,79.41,34,8,0.03137669762884384,0.10665271742793003,0,0.9413786249198077,2669.08,6,0.08111145707157742,0,0.1305474968882683
S4,Electronics,30.53,48,1,0.06578472389213587,0.5577544003447928,0,0.8975050000824215,3345.68,0,0.14350978358071384,0,0.36153091451737357
S2,Office,93.0,11,8,0.03685200922260389,0.8087509698440328,0,1.1907343794521013,1896.52,7,0.09562128865614747,0,0.553449041816058
S3,Office,63.33,13,9,0.054917653921121884,0.1282164882123883,0,0.8102922319109825,3382.8,8,0.022753880576767666,1,0.15769090338948383
S2,Electronics,44.19,33,9,0.07443049656751953,0.09952240817407665,1,1.0886678102802239,3527.88,9,0.071632517246707,1,0.14632830816041614
S1,RawMaterial,55.17,2,5,0.04084785311550485,0.8169419986700209,1,0.8990888501603592,4262.51,1,0.008673337382898166,1,0.5381338408509496
S2,Office,64.46,34,4,0.0999694831371195,0.7967360388912227,0,1.1244994650346476,3787.17,0,0.11181443389378071,0,0.536603896847298
S3,Electronics,60.39,29,4,0.02979492602355025,0.4486931369634679,0,0.9244897598340736,1938.99,5,0.07527472823524763,0,0.3067257885565744
S3,Office,53.78,37,9,0.0978248351872617,0.10971116886006482,0,0.8749136980045933,2528.6,3,0.05544800546885543,1,0.15945986615793167
S4,Office,55.44,4,8,0.020302966523311396,0.5161231573169517,0,1.077215940569305,1041.7,6,0.14528240725080585,0,0.3729076414900216
S2,Office,25.88,12,10,0.011093174326428978,0.3948032000046662,1,0.9030306142831761,1657.82,2,0.14108977784510698,1,0.31163844372929983
S3,Office,83.15,26,10,0.0750830625094368,0.5185474310440127,0,0.9942187479913662,2844.25,2,0.14292479952391793,0,0.40508194880781007
S1,Electronics,58.76,28,12,0.07023096566511981,0.43989520202558263,0,0.852613368925618,953.42,7,0.03314553633253653,0,0.3707206966291712
S4,Electronics,21.8,3,7,0.08111693472424644,0.5685144133908892,1,1.089839204417269,3067.73,6,0.10928543935784882,1,0.41544372845180744
S1,Electronics,78.95,20,12,0.03435904217333049,0.7271297185132939,0,0.9627344820215491,2256.26,4,0.1418073205803684,0,0.5322998294742611
S2,Office,93.92,10,3,0.09308076538529837,0.7748599036508586,1,0.8562319037749044,656.45,2,0.08563053850599506,0,0.5142687432346761
S2,Office,95.26,18,4,0.011948142837307885,0.6489821982378441,1,1.0966380187163929,2455.02,0,0.03212405158997567,1,0.4215451903653274
S2,Office,43.21,27,9,0.003027710133112616,0.1989406150463927,0,0.8413448768126945,1765.13,2,0.12267186958233933,0,0.1845583963534837
S4,Electronics,22.2,31,14,0.030056388511197154,0.39712302560511914,1,1.0299281690035864,801.4,8,0.13198773709900677,1,0.3472907319164306
S3,Office,56.66,27,13,0.07973244634002505,0.07122402873572165,0,1.0429940678760206,1820.16,0,0.10548530795797709,0,0.15951129400058336
S4,RawMaterial,20.13,42,8,0.06729823072736482,0.4516737280751715,0,1.172140200149879,1823.43,4,0.04403293163033943,0,0.3483365632061695
S1,Office,94.06,1,12,0.04362087642226231,0.9703394127248511,1,0.8603921994180944,2097.83,3,0.02860408479816791,0,0.681004196275875
S4,RawMaterial,26.52,6,12,0.025625361419433546,0.6417307075910107,1,1.061338543892108,2149.14,5,0.09364047017950762,1,0.47844031869472214
S1,Office,32.75,11,1,0.0059272786767977205,0.1546125146634969,1,0.9523074325581067,2433.97,1,0.0724200787203672,1,0.1016885495439946
S4,Electronics,46.6,34,3,0.03375055784474725,0.2685776597754326,0,0.9603257388105237,913.81,3,0.10031740866199082,1,0.19270033464725514
S3,Office,44.48,39,14,0.04600197677547496,0.0645736463025468,0,1.0007300727775232,523.75,8,0.016754949819354898,0,0.15254478081417058
S1,RawMaterial,81.52,20,12,0.06870238380712053,0.18241389015196596,0,0.8935138448196022,3812.03,4,0.020387032657209567,0,0.21577333494760145
S2,RawMaterial,51.07,21,10,0.0645971954946431,0.4878416434777778,0,0.9844732955809832,2018.06,7,0.054433433396530735,0,0.3835127161636311
S2,Office,25.37,21,2,0.0947344902931878,0.34485638142863273,0,1.074738467360334,3261.25,1,0.038814043144331255,1,0.24961989023085027
S4,RawMaterial,34.05,18,2,0.010039591905286105,0.20396231730876668,1,0.9828452158193837,1881.66,8,0.09290079466390062,1,0.13967498224256014
S2,RawMaterial,55.82,21,13,0.03363401228791364,0.14659841356285608,1,0.8170033709324358,4928.84,6,0.05513107940432821,1,0.1909063946812306
S1,Electronics,23.27,19,13,0.04815780819368984,0.656071116977206,1,0.9031304990179432,1919.41,6,0.10259561792218258,1,0.5009471555015734
S2,Office,65.05,4,8,0.06706957938539893,0.5581023768728511,0,0.9405840851012438,3222.7,1,0.11531976031585345,0,0.4121251570821875
S3,Office,60.92,13,6,0.04954516914414064,0.8426403122148679,0,0.9418884547558535,1489.87,7,0.02807513553287726,0,0.5633048809293058
S3,Office,74.32,18,12,0.09127582319467387,0.18325288572775345,0,0.8324027570077288,2830.11,8,0.13797357531225915,1,0.22304876410933994
S4,RawMaterial,94.39,29,12,0.06086723455998136,0.8479854599282461,0,0.9798282206469052,3106.99,9,0.11807397604298552,0,0.6127657320392278
S1,Office,92.1,25,12,0.003966540969121524,0.5779111725598561,0,1.0767796075954268,1322.71,4,0.0940171203231413,0,0.4336509515409359
S3,Office,95.15,13,13,0.011365596906613429,0.2662231939797156,1,0.8194688072194494,1056.45,2,0.1363393282122206,1,0.25600073831695624
S3,Electronics,32.02,27,6,0.07534955614805586,0.2735531405685112,0,1.1003696689492921,4881.21,2,0.039880312442879935,1,0.22959389404266634
S1,Electronics,21.84,19,4,0.07157876963462943,0.3903803901438524,1,1.1820420811853833,4519.7,5,0.06325698029580269,1,0.28427329354812886
S2,Electronics,37.2,49,1,0.015349700182570515,0.46012721666679424,0,0.8037352625486416,3470.3,0,0.012868047060090242,0,0.2878240971977048
S2,RawMaterial,90.56,1,11,0.005890866106566606,0.08250508473688267,1,0.8774769263728579,4374.74,9,0.06842727317356617,1,0.12984173924552816
S4,Office,97.48,38,7,0.05787178554398686,0.8419991656663279,0,1.017395112938117,930.02,8,0.07596010943965813,0,0.5725610350629928
S2,Electronics,87.34,19,8,0.06357388320267335,0.12154106932419406,0,0.8872197946200275,3782.19,5,0.09241003854900924,0,0.14913966369817558
S1,Electronics,19.9,1,2,0.013529963751283493,0.48345984302988165,1,1.1058504126711473,1785.22,8,0.0096058819626551,1,0.3084206092290283
S3,Electronics,95.27,40,2,0.04736193210408153,0.38296823319092177,0,0.9248537259837772,2927.72,2,0.00486990288505536,0,0.2582752338314918
S2,Office,48.1,17,1,0.030583152911841296,0.5122870843119428,0,0.9174501129271673,3941.66,9,0.06298352479216453,0,0.32369005360357517
S4,Office,10.84,21,4,0.09313056456368878,0.887482517068172,0,0.8003695503133768,650.66,2,0.028369996841388783,0,0.5890001081814384
S2,Office,49.82,22,6,0.02191998033894046,0.9890883398561062,1,0.9080504752753104,3626.77,9,0.11381825132286942,0,0.6428861408724887
S1,RawMaterial,14.15,15,14,0.07332607259032996,0.02027137268275836,1,0.8870682087627436,2456.9,6,0.10031044262028453,1,0.134160645386754
S4,RawMaterial,58.95,39,5,0.05181339133443376,0.39323943172519416,0,0.9372963868569903,2478.53,6,0.04887404615745778,0,0.2872019621497323
S2,Electronics,40.47,48,4,0.0011521012026043387,0.8176105309172436,1,0.8590626612097201,4582.75,3,0.006867489774499913,1,0.5194833774825559
S4,Office,52.61,39,14,0.051699858321261775,0.32660288026197704,1,1.037859466568998,4368.81,7,0.027366543576527645,1,0.31147168565356476
S1,Electronics,65.19,32,4,0.00994721499195015,0.6490361759185217,1,0.8954966173969371,758.9,1,0.10375190139196665,0,0.4209772986201266
S3,Office,88.19,49,10,0.06590621958253116,0.9922592037664605,1,1.1327003458992704,3282.42,0,0.1485247340005465,0,0.686555959563207
S1,Office,69.57,4,7,0.05655235303815723,0.6467712888159438,1,0.9138231786950448,2461.31,0,0.048969060764937344,1,0.45502847920101347
S1,Office,49.06,44,7,0.0010427227333474566,0.11119137762326892,0,0.8843478397838641,1030.17,1,0.12029944304480902,1,0.11702764339396558
S1,RawMaterial,83.75,45,2,0.02046928295829813,0.8429319569539856,0,0.8227005447757739,4329.73,5,0.13006447373981356,0,0.5261856733455951
S1,RawMaterial,91.5,32,13,0.07762250528720227,0.9666574372925296,0,1.0959626760086976,821.8,7,0.007227130823771566,0,0.6961383568188213
S3,Office,20.78,4,7,0.027577261430202116,0.7125084212988676,1,1.0032832700150223,644.44,2,0.13743323968833218,1,0.48577823120838115
S3,Electronics,57.87,1,2,0.049928340116305314,0.41906809984307025,1,0.8455131989521931,1388.82,5,0.06993040565549317,1,0.280705076226448
S4,Office,35.61,33,4,0.031199861440918377,0.9484001753454244,1,0.8885339130470047,1865.21,7,0.14463633098057516,0,0.6069714922109588
S2,Office,14.24,7,1,0.092152685639754,0.9685720150491983,0,1.199487628823937,773.96,8,0.08078337411796739,0,0.6159318718643023
S3,Electronics,70.17,9,5,0.05365770177834342,0.9351167434991574,0,1.1224114907134317,3385.9,7,0.03527152648479718,0,0.6128816423472832
S3,Office,87.65,1,1,0.0696173514856021,0.4118190023100806,0,0.9399477943070357,2467.18,6,0.14620024611114416,1,0.2751194639745861
S2,Electronics,24.66,16,4,0.008347610469710798,0.7897076739688469,0,1.0170219322461376,2354.85,3,0.03649573711739503,0,0.5049003160936499
S3,RawMaterial,83.12,18,13,0.004033598753275214,0.65417935903406,0,0.9664068635602373,1154.03,2,0.13237173413962555,0,0.48657483790356143
S1,RawMaterial,86.81,47,9,0.02592281950671309,0.1797066658855868,0,0.8145558261603426,2470.05,6,0.02596927420778251,0,0.1798865596690803
S1,Electronics,92.29,6,13,0.03091342922536541,0.535514901677154,0,1.1114708036851626,2255.75,0,0.1012151359134942,0,0.42344011263104486
S2,RawMaterial,33.88,2,12,0.06876805411799018,0.747691009128637,0,1.086794445289291,2226.39,6,0.0616937413329291,0,0.554959307426865
S4,RawMaterial,91.36,9,8,0.05691305027124413,0.8959122759653094,1,0.963520925798351,1483.55,5,0.14580272597271673,0,0.611764137803416
S4,Electronics,38.86,4,6,0.03745796069349853,0.8625983704065535,1,1.138358854752251,924.97,2,0.027715894670888187,1,0.5716535533091245
S2,RawMaterial,59.71,45,8,0.06541174841780109,0.1546585001854821,1,1.0138956379556858,1673.19,2,0.061319200951212155,1,0.16956148177948674
S2,Office,14.55,23,5,0.016356574733628716,0.48803324648521085,0,0.8260833757647215,3502.72,1,0.09596644860656117,1,0.3334412060255008
S1,Office,13.95,43,7,0.00634896948147059,0.47826862946078497,0,0.9037625160987526,828.16,0,0.14664306349131603,0,0.3388658685209121
S4,Electronics,74.83,45,8,0.08545050923182006,0.8987370618979222,0,0.9847091344343384,2220.46,4,0.04557946149470107,0,0.6220202470511564
S3,RawMaterial,50.0,43,7,0.05639461282688776,0.0019373091368668494,1,0.8413796954843189,2814.69,6,0.05953065765671662,1,0.06808076933018645
S1,Office,33.07,8,14,0.06490952736374213,0.7387135376269276,0,1.028432477145162,4834.18,6,0.06926879809835394,0,0.5627009807852792
S2,Office,27.14,39,4,0.030724225074957413,0.6186415165462653,1,0.8482272646733606,4297.21,5,0.03790507369442642,1,0.408973606021675
S4,RawMaterial,70.3,25,5,0.037195495773769974,0.9215714731765662,1,0.8802032741936995,4624.76,9,0.12260320506054632,0,0.5998158183523564
S3,RawMaterial,10.04,16,13,0.008236744715297574,0.45691735033173797,0,1.1575934645352914,4190.01,5,0.013799340862845405,0,0.3694785764707749
S3,Office,82.53,35,14,0.08569881878017735,0.6576722498755007,1,1.1999249552164937,3151.02,6,0.10571848975594537,0,0.5203129955593536
S1,Office,17.13,17,10,0.059243945007893484,0.9727470304215423,0,1.0201013376186747,4373.54,7,0.08008934549363032,0,0.6728499731838647
S4,Electronics,27.23,18,6,0.008362766317994064,0.7439037629159088,1,1.047859444052706,3043.61,4,0.036289043397856866,1,0.49170823050208634
S4,Electronics,44.76,27,14,0.08045295997250007,0.06738397412976738,0,1.118972458770572,2109.87,0,0.07392457103010731,1,0.16456627246961045
S2,Office,53.64,15,14,0.04441153695169745,0.16753355097267453,0,1.0784557984816356,2175.54,6,0.12449236382913076,1,0.21384359166911396
S4,Electronics,41.95,17,12,0.07651013501700132,0.821451102959748,0,0.8729866178618866,3044.58,1,0.06681624058831896,0,0.601537987995235
S4,Office,38.86,43,11,0.0012619862089148005,0.33479554097365893,1,0.9646686098153777,4142.48,4,0.018284664737246575,1,0.27982734901829837
S1,Office,96.75,5,6,0.002873969697212264,0.7059181105982749,0,1.0140466075633603,1101.44,6,0.006120294319727965,0,0.4672702001252715
S4,Electronics,67.74,16,13,0.017078295878214467,0.699823733343828,0,0.9438847968586832,676.69,6,0.11666944411703353,0,0.5178748716269039
S3,Electronics,12.11,15,9,0.021091655614067985,0.9937005233882049,0,0.870442467903118,4053.06,8,0.04956497187510609,0,0.6668335250028576
S1,RawMaterial,48.72,42,10,0.07639555303101378,0.4698727236363408,0,1.094445337624549,3414.16,4,0.1396867044861204,0,0.3762708715196801
S1,RawMaterial,88.75,46,14,0.07066941640165982,0.7378323605059232,0,0.8795385620317432,4195.9,5,0.09257207715007837,0,0.5639002412240518
S2,RawMaterial,37.13,34,14,0.06160881191298282,0.048752877286102336,1,0.9041943714807217,4895.04,9,0.06544258367522443,1,0.14773436994555625
S4,Office,18.51,48,2,0.08848588964833388,0.46259102069308855,1,0.914607846051373,1631.27,5,0.08466973802260688,1,0.31838609359606757
S2,Electronics,78.25,19,6,0.024714878365636628,0.18668154481713095,1,0.864711692190387,1374.31,0,0.06856989673689488,1,0.16228053325711242
S3,Office,64.54,8,13,0.09044049039044483,0.8405715517131769,0,1.139820649198133,2034.4,9,0.13587166235749296,0,0.6243322210021823
S1,Electronics,61.33,47,3,0.09094710692651825,0.839908332016071,0,1.0442465275458783,4450.83,6,0.06870328040509362,0,0.5526577027161694
S1,Office,14.82,10,14,0.0434259760186864,0.2363644207056953,0,1.1338992519968554,562.84,9,0.015609676288312106,0,0.2548464452290231
S1,RawMaterial,22.64,5,2,0.009438620042016888,0.3182851531164682,1,0.9974917254036437,547.4,6,0.0895632058737688,1,0.20808839216820027
S3,RawMaterial,66.03,48,6,0.0726559908189525,0.7024777844603521,1,1.0078252160482941,1475.54,3,0.09344715692254785,1,0.48614061077903986
S3,RawMaterial,28.7,26,4,0.03369286726470792,0.738265923412267,0,1.0464578520537458,2191.62,3,0.1147995109189552,0,0.4816388427982012
S2,Office,55.37,22,5,0.07949295174367307,0.6576316021143738,1,0.9483678175722808,1860.56,5,0.13999262123265133,1,0.45414113250601185
S2,Electronics,59.04,44,5,0.016369028390380316,0.9966946375261613,1,0.9986336379324414,4212.13,2,0.06646225231851756,1,0.6386417767470965
S2,Electronics,35.52,23,3,0.05395151135743653,0.868683211985112,0,1.0187660516270727,3603.75,9,0.05281149099109587,0,0.5588239520268696
S4,RawMaterial,95.36,13,12,0.05080737303182109,0.4170588807525225,1,1.1814169744709004,4270.25,5,0.07361565236212489,1,0.3511918260753455
S1,RawMaterial,85.82,9,4,0.01003144905696135,0.3269767215418836,0,1.1531632527298121,2226.92,3,0.13502983528669457,0,0.22776689621364715
S1,RawMaterial,75.01,49,3,0.03633328256726585,0.5968497479960805,1,0.8516983389898092,3181.15,9,0.146997357275478,1,0.3904384049963994
S2,RawMaterial,17.02,20,7,0.008475531344672804,0.8176363358335038,1,0.8165129867170069,2819.55,7,0.1456852509920613,1,0.5431244609035041
S1,Electronics,19.55,28,1,0.046474030951224744,0.47534347373655284,1,1.0721335807032717,2636.27,4,0.034454326920784206,1,0.3062911506701562
S2,Office,54.35,44,6,0.08429045586137929,0.7376926068316395,0,0.819679466657951,1796.46,7,0.07453430423428144,0,0.5107598437145403
S4,Office,24.46,37,4,0.02702047633041317,0.019160039506042392,1,0.8241404259810633,3691.49,8,0.03892110387825171,1,0.048173595174177956
S4,Office,98.04,24,1,0.07648619871874375,0.9258401082981041,0,0.8637053587376572,2858.13,3,0.05519741735505706,0,0.5855927817373427
S3,Office,24.27,44,1,0.018342741561245636,0.7738347275154525,1,0.9406828363466936,853.71,0,0.004752615831232065,1,0.47694651612050226
S4,RawMaterial,53.87,33,5,0.06737349274906515,0.3941900867641329,0,0.9739984447404836,502.35,9,0.02409017689073752,0,0.292440385597485
S2,RawMaterial,42.77,20,14,0.09155373999304496,0.3840123255192921,0,1.0077512138857747,591.44,6,0.05956139320305407,0,0.3578735173094888
S4,RawMaterial,67.54,48,5,0.03239280815657698,0.10288680774850534,0,1.1969152771888694,841.78,6,0.054705694833459655,1,0.10716421281036201
S3,Office,21.61,30,10,0.09004116380886183,0.8161537238825284,1,0.9540931018848346,2169.29,4,0.04182488266970071,1,0.588133154900747
S1,RawMaterial,48.73,44,7,0.05054209265263945,0.7686295092571844,0,0.8971012386079042,1875.5,4,0.03454643656294551,0,0.5263403333501026
S2,RawMaterial,34.72,9,13,0.03168051331656575,0.6302497075356163,1,1.0301009634338916,1204.89,0,0.11234335716710853,1,0.48051112137348234
S1,Electronics,89.9,45,12,0.08965082351115315,0.10145647214403453,0,0.8860603810428019,2819.52,2,0.04418245497170867,0,0.17348341605405238
S3,Electronics,13.65,49,4,0.003203726676972818,0.2623413656370708,0,1.1762173727167538,4865.82,0,0.1059815447194115,0,0.18693736595676289
S3,RawMaterial,92.24,17,14,0.0028018851272810456,0.4589144732646183,0,0.9037017208182277,1223.13,6,0.055293766362249565,0,0.3761892494969553
S3,Electronics,84.97,36,9,0.059982960420633294,0.26597194376422595,0,1.1959736542613086,1627.66,4,0.12029688586133365,0,0.24186376867043985
S1,Electronics,36.78,14,4,0.07967507173302343,0.4339739231529036,1,0.9674672761523382,2579.46,3,0.025085002310301318,1,0.31285830398307773
S1,RawMaterial,81.04,19,7,0.07515463074381062,0.22595754063765228,1,1.1250744029455007,3383.78,6,0.023640582055436725,1,0.20812091360573454
S1,RawMaterial,12.81,7,5,0.007946950335160552,0.3496005038060167,0,1.059312130018308,3201.12,8,0.10195084005615065,1,0.2478586730984439
S1,RawMaterial,97.02,3,5,0.09502511935335578,0.6522968835966276,1,1.1733976697778943,2845.4,5,0.13723728627132828,1,0.455599951678269
S3,RawMaterial,57.39,33,6,0.07030635376375156,0.8923610807796951,1,1.050170781163474,3817.71,8,0.0214480057249307,0,0.5993656974540853
S3,Office,37.3,44,8,0.09491120537277391,0.38503068123282524,0,1.0324871917767402,4306.76,5,0.011055692676572549,0,0.3166346274943845
S2,Office,42.63,32,5,0.03290977589741021,0.6919082311607575,1,1.061140977827405,4995.35,9,0.14019558102327356,1,0.46073215717996324
S2,RawMaterial,15.98,47,3,0.06939391279828175,0.1347930863825203,1,1.114586212857818,2594.8,8,0.017599041579872913,1,0.12312259709756812
S1,Electronics,99.04,11,6,0.08599387467334853,0.5408179778557615,0,1.1595366528763231,4977.3,5,0.037555037964852406,0,0.3931460919726043
S4,RawMaterial,13.54,42,14,0.03804642231542933,0.9217042255545136,1,0.9067259600385966,3787.25,8,0.1394241251130121,1,0.664436462027337
S4,RawMaterial,68.94,2,12,0.09648599187685702,0.027935804457383417,0,0.8803548367520442,3458.04,2,0.12043768394403324,0,0.13142156595177287
S3,Electronics,49.85,26,14,0.0264992791220541,0.26755736172680855,1,0.8137398782663919,3378.57,4,0.051413672048594074,1,0.26848420077270135
S3,Office,95.4,4,2,0.03156136260212207,0.13249353368014427,0,0.9480316812174401,4598.35,4,0.143179157948489,0,0.10325024327443748
S3,RawMaterial,32.14,17,12,0.09203285766270387,0.5331214794964148,1,1.1384740091352201,4765.7,9,0.08520727697981062,1,0.43319703071094573
S2,RawMaterial,57.89,17,12,0.09696597465027033,0.6796424640713253,1,0.8279429714547547,1303.22,7,0.010837239394153986,1,0.522589556552162
S2,Office,53.41,28,8,0.02851957483051497,0.05777919206310933,1,1.0154080305853408,2720.41,6,0.10546003159017218,1,0.10036624482987723
S3,Office,73.26,30,8,0.013639003964285846,0.07028442064055129,1,1.0779154544924259,4736.52,1,0.08059160367349529,1,0.10340521071647366
S3,Electronics,16.12,40,3,0.07590554097105977,0.8696291927489054,1,1.1347412132484234,2219.51,1,0.08588820757787333,0,0.5659777493692325
S3,Office,27.44,23,12,0.09296652663004483,0.4562331485675083,0,1.0333721287901987,1547.04,6,0.14911563664881974,0,0.3873441328438041
S4,Office,29.31,46,8,0.060071364370187466,0.46295159963864785,1,0.8745280040771811,961.94,9,0.022877142494931228,1,0.3529352262371021
S2,Office,76.43,24,9,0.06345189544062467,0.9445803949581169,0,1.1858145032872895,3187.48,9,0.09851938504318383,0,0.6500695198927717
S4,Electronics,27.02,29,5,0.07629433341723002,0.3202096102649318,0,0.8378606041608152,3651.23,3,0.06881116458445376,0,0.2507283518984138
S4,Office,61.61,4,5,0.015308481884140824,0.8970236470327904,1,1.1075998447187834,1379.97,5,0.040783968733199345,1,0.5785210184992021
S3,Office,29.37,38,6,0.09734688964947394,0.9742547445762636,0,0.8346236895373235,3531.37,8,0.10403171874944442,0,0.6566140564977432
S3,Electronics,87.55,29,7,0.03643293847285948,0.24169419765043032,1,0.8573676430724462,4548.29,9,0.10023192108749998,1,0.20594640013211601
S1,Office,94.8,19,3,0.06282404259422626,0.514038849212543,1,1.159286237477978,1596.11,3,0.1284742662185295,1,0.3486990937343651
S1,Office,56.66,27,5,0.046861602049999285,0.5343561529002584,1,1.1012298634407038,1049.0,6,0.13183038527797558,0,0.3703864580694405
S4,Electronics,41.71,29,1,0.0468180979764845,0.8661681117920639,1,0.9462033084927933,4259.41,8,0.08427291795738572,0,0.5408891536110408
S2,RawMaterial,31.07,36,11,0.07027443721197214,0.30390813638182157,0,1.0554897426624816,4624.01,0,0.04883588491015762,0,0.28199864156411314
S3,Electronics,14.48,35,10,0.09946622988722545,0.7980424433534148,1,0.9828988886842778,1466.88,9,0.07943706756572176,1,0.5800939064067878
S3,Office,34.17,6,5,0.06590598504959515,0.9710073912780117,1,0.8266151043585255,3746.21,1,0.05388826900542943,0,0.6380905159959712
S4,Office,68.88,23,4,0.07940591315727352,0.8403366527442993,1,1.0884510465354782,3159.14,8,0.04160341260444171,1,0.5565951941651902
S1,Office,58.03,39,1,0.0027616057262270124,0.9091402834567175,0,1.1053022894944613,1576.38,4,0.082736306666575,0,0.5534555089347557
S2,Electronics,94.96,46,7,0.08104273690648184,0.7083544391429696,0,1.1529365544608066,4206.46,3,0.09869012612446039,0,0.4993254845577263
S1,Office,45.66,44,1,0.029997588176829716,0.9039557602771736,0,1.016254938644512,2616.97,6,0.08858569303655912,0,0.5585155897622102
S1,Office,72.45,48,13,0.012670184503466487,0.16485063535232736,0,1.0692551804005823,3651.5,4,0.1431629282044979,0,0.19556857941957922
S1,Electronics,54.04,8,8,0.011333408544770586,0.712361415041626,1,0.9752201673499472,1856.4,0,0.04479541778309473,1,0.4879597287312639
S1,RawMaterial,56.13,2,14,0.06798748141696268,0.7318773549714761,0,0.9275637036431306,4171.02,8,0.05585125275820112,0,0.5595226574079745
S3,RawMaterial,34.1,13,10,0.099761683604055,0.43918094649942063,0,0.9646799980752437,1689.29,7,0.10014642348353306,0,0.3648656444094403
S3,Office,50.95,40,12,0.06661950983728997,0.07973846735791212,0,1.164700942665795,2141.54,2,0.09005379412554103,1,0.15354321908021998
S1,Electronics,52.37,21,2,0.02623481500667757,0.6224437462608272,0,0.8656685140176755,2261.61,9,0.00027950780060452817,0,0.3956224065442139
S2,Office,73.6,31,10,0.02033059710029397,0.051880806570480664,1,0.8993999270482183,1428.92,2,0.04684282027901118,1,0.10865623450094802
S4,Electronics,94.66,48,13,0.05259570992680407,0.38240249615654953,1,1.0424763165510929,4434.66,2,0.03806427787029562,1,0.33807735352911383
S2,Electronics,39.64,36,12,0.00650392993507033,0.39367022897575166,0,0.8465125286244746,1010.7,6,0.12598723299690234,0,0.3238676020802578
S2,RawMaterial,13.8,48,5,0.03993308329271872,0.9989225084633329,0,1.1567458046609709,3034.08,1,0.12993730963273936,0,0.647047715780101
S2,RawMaterial,54.67,38,13,0.06662349040057874,0.2998020337291105,1,0.8188945487453051,4163.68,8,0.04258397115467374,1,0.2927254102147828
S1,Electronics,59.0,27,6,0.09676622758084842,0.8204539379236886,1,1.1021249173059624,3114.07,3,0.015310673044130457,1,0.5641593738856105
S3,Office,25.16,36,9,0.04256534478156052,0.053171685218353804,1,0.94949121885972,1971.03,6,0.030780292058804913,1,0.10895832885119473
S2,RawMaterial,78.44,48,14,0.020022394040730664,0.5297659853858404,1,0.8204662294445845,4016.1,7,0.026485259837858842,1,0.4238663094437235
S1,Office,98.64,23,7,0.08173624033727844,0.5366916785560121,0,1.137171157487495,2746.3,4,0.03561530389276344,0,0.3965358792347908
S2,RawMaterial,95.12,21,6,0.07441995248606165,0.6287498531944623,0,1.056184093872182,1233.56,7,0.0351967353446123,0,0.4424330405196388
S2,RawMaterial,27.74,13,5,0.08597038882047439,0.8100052033899383,1,0.8035434836592554,1925.88,3,0.071975797335146,1,0.547508524394391
S1,Office,88.78,37,6,0.021471872754289214,0.761923381723148,0,0.9070131393538453,3163.73,9,0.04794620711063468,0,0.5064527337173184
S3,RawMaterial,73.4,47,14,0.040483219584983514,0.7610081283323745,0,0.9408182430900096,3464.49,1,0.08397326262831657,0,0.5687498428749198
S3,RawMaterial,50.85,26,11,0.09815544377230376,0.43229393432428687,0,0.9290312595597084,2966.59,2,0.051620193651126224,0,0.36739442229769176
S4,Office,58.65,40,4,0.01580423197763735,0.7274714824665264,1,0.9993368116118568,1724.04,5,0.12220153949479057,1,0.4697955876446356
S1,RawMaterial,86.46,7,1,0.06714508191554379,0.4913157177491215,1,1.0107211831507383,3171.89,9,0.14261887166756065,0,0.3220758123669931
S4,RawMaterial,53.21,46,12,0.023718446154726402,0.0669511783450022,1,0.9587016071172633,1996.03,5,0.06058776800325371,1,0.13300052656770495
S4,RawMaterial,43.59,39,9,0.05001590062825443,0.890181782611727,1,0.9327081355111427,1512.14,6,0.007420280217983233,0,0.6133995540412268
S4,Office,54.39,22,11,0.0800509645795688,0.8901633061387604,0,1.0017637313160221,4754.88,3,0.035936737105175906,0,0.6366847016285555
S3,Electronics,62.12,39,5,0.0488586052555819,0.3228787646551393,1,0.813446161851464,1916.93,7,0.015278724630456257,1,0.24409912608404388
S1,Office,27.02,23,8,0.08054816933119102,0.9139026192809402,1,1.0580807040126459,2010.29,7,0.051714586471936004,0,0.6296488795107786
S4,Electronics,91.08,30,7,0.04263349054403459,0.7579840385050814,0,1.0423930067614577,4535.49,6,0.09676713512702544,0,0.5175804702662592
S1,RawMaterial,70.68,18,8,0.0999352929870033,0.40080123086202313,1,0.9116879198900598,1142.12,2,0.07783618634167659,1,0.327604183556172
S1,Electronics,66.99,42,1,0.043582823422021015,0.3315055984252535,0,0.8718061788002549,3130.68,2,0.03643135170414576,0,0.21912106322461555
S3,Office,18.95,18,9,0.014937947863782643,0.975142699386101,1,0.8291939890511739,4026.7,1,0.1150888578963985,0,0.6538527182765097
S4,Office,64.38,46,1,0.04018695156492489,0.7126269631113109,0,1.0349375005224446,1731.49,6,0.019722109406959364,0,0.4467751204791211
S4,RawMaterial,20.89,10,3,0.07425931846422301,0.37880995477120016,0,1.027560109034081,4298.36,5,0.03422939626870517,0,0.2709923398305584
S1,Electronics,17.08,39,8,0.08479377577586286,0.6419838879808051,0,1.0133272360442214,3963.42,6,0.10140707258890122,0,0.46777132266409904
S2,RawMaterial,57.46,30,12,0.04601032991762624,0.5715261990373689,0,1.1942473072748603,2687.42,1,0.029585158003330024,0,0.4424331041119949
S3,RawMaterial,46.25,26,11,0.05944768410584397,0.5245400227039607,1,1.012617644408608,1034.22,3,0.10181440738178839,1,0.41112974742555813
S3,Office,62.99,7,1,0.08448900678262904,0.6447018988118438,0,1.0887162919878763,4865.48,0,0.1465412025444225,0,0.4193106984647521
S3,Electronics,18.03,7,14,0.08135461799983199,0.5376263221803619,0,0.8451673087334395,3309.04,1,0.12470299307942298,0,0.4469821787081667
S3,Electronics,48.79,5,1,0.06577239053611328,0.6547903536863806,1,0.9195883156742254,2826.94,6,0.024001581054438576,1,0.41974878651551945
S4,Electronics,25.73,1,6,0.0815027104250855,0.907568562223639,0,0.9101786459711887,4484.52,4,0.07807476322548802,0,0.6118490933188518
S4,Electronics,98.84,46,5,0.05759107583686371,0.9932649681452719,0,1.0303902023432034,2396.1,9,0.06334823451487269,0,0.6489505893525079
S2,RawMaterial,60.5,18,11,0.00046481689252806383,0.7092868733480133,1,0.9323252913428296,3036.39,2,0.14875041198500955,1,0.504282997647995
S3,RawMaterial,71.87,13,6,0.00412667844022232,0.9278208017504327,1,1.05642657074802,4362.86,1,0.1446601052610874,1,0.6007876274394691
S3,Office,39.29,25,3,0.09798083992381831,0.8584102538829541,1,1.0760358956806813,2268.37,2,0.01906680791563573,0,0.5658689757354894
S1,RawMaterial,18.53,40,10,0.014499204200270522,0.29503739798127915,0,0.8134759348709616,3975.76,3,0.13630963080245,1,0.2528007714774201
S4,RawMaterial,97.83,8,12,0.040451640882346276,0.9329079830430356,0,1.055903084975778,1652.62,9,0.029012750705768812,0,0.657594567804811
S3,Office,35.76,10,10,0.09338112750099681,0.07080900005262147,1,0.8467149449115365,3660.64,9,0.04791772525691239,1,0.14192830971044335
S2,Office,48.14,32,6,0.019503948473304944,0.32992182104354484,1,0.9860541207422269,2796.96,4,0.05301119695964151,1,0.24666142002526126
S2,Office,68.49,17,2,0.08437913444665007,0.6399449351048,1,1.090630628307572,1242.08,7,0.04302330676827323,1,0.4235664156825893
S4,RawMaterial,12.22,38,8,0.08182675681595905,0.526915445895142,0,1.0813379983780584,1112.03,8,0.1279865689750394,0,0.3978401517247301
S2,RawMaterial,82.92,15,12,0.09863296545513398,0.5424123928293626,0,0.9199290179989844,2559.6,1,0.049489860881456245,0,0.4407516110484434
S2,Office,58.29,15,6,0.028168183364816836,0.794888329801248,1,0.9089463401843272,3698.81,2,0.12251076286277868,1,0.5282405957473366
S4,Office,35.04,48,13,0.0315325355380146,0.19470368228619228,0,0.9760906031422488,3214.83,3,0.14915652247574357,0,0.2191391128902626
S3,Office,15.54,40,13,0.09028780010577865,0.9820755099674586,0,0.8754668332071149,4346.26,6,0.12611423067405683,0,0.7091887888693517
S3,RawMaterial,24.62,20,4,0.023407905920227956,0.43745822729717054,0,1.1898796050833917,2253.48,5,0.05192143896514383,1,0.2980687367257993
S2,RawMaterial,90.55,15,4,0.054790095698710906,0.9498432648055952,1,0.9379668285255911,4296.39,5,0.10668785901192936,0,0.614914416164399
S2,Electronics,71.74,35,14,0.07073449591910562,0.38311586449683266,1,1.169197309604871,666.63,9,0.08008851704866099,1,0.3510898674738313
S3,RawMaterial,32.49,6,11,0.02718842452628857,0.6017866688516357,0,1.1633059851839846,2146.12,6,0.11797766758251127,0,0.44779995724029653
S4,RawMaterial,15.9,30,7,0.09384129454447589,0.4503114713231361,1,0.9459395950249258,828.42,0,0.02296460919693626,1,0.3483392711572244
S2,RawMaterial,72.16,8,14,0.06656975480739204,0.6759351638519703,0,0.9016338529091623,4636.6,7,0.09572018889688558,0,0.5255320247533998
S1,Office,61.52,31,3,0.004713930826982505,0.1836247293841865,0,1.1083342538105052,2638.9,8,0.11605001600126019,1,0.13301758830717808
S4,RawMaterial,46.41,48,11,0.013573753126091393,0.40062853284048494,1,0.8917511390254615,1922.7,1,0.114184700310996,1,0.32302067421354697
S2,Office,42.73,47,3,0.01907815700915636,0.06838112210743141,1,1.0084985559849906,2716.19,0,0.14453895084056723,1,0.06818069179577718
S2,Electronics,29.51,32,6,0.02449573639934497,0.5981014169900135,1,0.844275749767956,2897.81,3,0.00876170711764801,1,0.40906671397095445
S1,Electronics,70.27,45,9,0.07306773700294365,0.9626816985891228,0,0.9543728618197718,4308.05,1,0.051866905363843585,0,0.663815054540071
S1,Office,97.36,15,1,0.00889352447554681,0.04590651515738575,1,0.8312619694620468,2940.92,5,0.07148303726871581,1,0.03735482357995264
S3,Office,25.81,18,5,0.03505946722761345,0.6596300245015665,0,0.913375837074423,2441.22,2,0.04646452925881218,0,0.4420101405835096
S4,Office,63.74,13,1,0.09113833233280016,0.7750979636376597,0,1.0661174952762185,4826.1,8,0.04646842705087063,0,0.49954313502529296
S4,RawMaterial,48.18,24,1,0.0556667686337004,0.21310842417762887,0,1.1965228626200721,4858.51,7,0.026419291003488953,0,0.1517079422395446
S3,Electronics,50.2,40,3,0.026549656383853572,0.27307429336854705,0,0.9019230386026313,672.88,6,0.12194271045378116,0,0.19323804436485573
S4,Office,32.87,14,3,0.09570562964803099,0.20158108624003535,0,0.9893285162197356,3680.81,6,0.13621035665768136,1,0.1710889120670019
S4,RawMaterial,84.26,28,4,0.024431589196868244,0.29741263667630746,1,0.9792184458676612,2172.91,6,0.012349103935762579,1,0.21434848733627354
S4,Electronics,53.67,11,3,0.09050996212676428,0.11008255919337417,0,0.8736614536830246,3538.4,4,0.02323483676374479,1,0.11463109558262521
S4,RawMaterial,58.91,6,6,0.07257696736145557,0.37034787128542235,0,1.044027614479003,3366.15,7,0.03426794998077798,0,0.28683895583683294
S4,Electronics,37.43,25,12,0.07405210369587861,0.36892919531439483,1,1.0898819787287888,1985.47,3,0.07634812257812537,1,0.3292874340116862
S1,RawMaterial,26.36,1,4,0.07649393184016162,0.8072674566054089,0,0.8588877933745807,4939.96,4,0.11867580499514506,0,0.5358800820867224
S4,Electronics,17.73,25,8,0.05065693120572093,0.8009583156007184,1,1.1028498290323205,2106.99,2,0.01071832871474253,1,0.5529149258650045
S1,Electronics,74.27,2,1,0.08145787260026688,0.7967233633093648,0,1.0800646543181964,3343.92,2,0.09552194784876429,0,0.509614236908556
S4,RawMaterial,27.66,32,8,0.08361930977524903,0.5670359132189303,1,0.8789371523310494,4160.24,1,0.022400318440562967,1,0.42245019800679007
S3,Office,72.11,13,11,0.036048672167611706,0.32588068686633453,1,1.0595790500471614,1154.59,4,0.14571856018143978,1,0.28491444234151275
S2,Electronics,45.13,33,1,0.040034451821637534,0.41096451640043374,1,0.9574686717454091,1852.56,1,0.13481601462776127,0,0.2657319025296086
S1,Office,47.42,32,11,0.08887567185390259,0.3177435047620818,1,1.0724551009977719,1395.38,9,0.1424374273418628,1,0.29588023298484845
S4,RawMaterial,52.23,24,1,0.05247292604295243,0.5819279049807213,1,0.9984387408943417,4018.2,3,0.015924581637406208,0,0.37204147794417564
S3,Office,43.09,27,7,0.08669434959418691,0.9379791213136662,0,0.8192550700936204,4105.44,9,0.07320545742812878,0,0.6387957776664559
S2,Office,19.06,4,1,0.06267694617578073,0.2844967840557142,1,1.1147867952551171,1651.75,0,0.024786985049756287,1,0.19664401142901988
S1,Office,37.87,24,9,0.059356775674904244,0.4588518176461297,1,1.0222399698876334,518.59,1,0.09005333261747493,1,0.35740383757586336
S2,Office,69.74,23,14,0.003098095327786188,0.6551169301393401,1,1.089917849143493,2405.08,0,0.034910866899279615,0,0.4939995866819399
S3,Office,69.92,29,8,0.027789439784074978,0.8446949117955828,0,0.8504287099521035,3592.12,1,0.11559464750534561,0,0.5722966361554293
S1,Electronics,35.76,34,13,0.050205764690231816,0.2533339206409648,1,1.0885089890412403,3301.26,3,0.09660039009745015,1,0.2599192246487913
S2,Electronics,51.41,21,1,0.05873171721347009,0.28028995098039056,0,0.9654664754065927,2505.65,0,0.08574068914309031,0,0.1929363428951325
S4,Electronics,27.41,30,2,0.06304345290007342,0.8851655322559362,0,1.1197068176102893,1858.74,5,0.12378407369479948,0,0.564298069509298
S1,RawMaterial,28.93,26,2,0.0716222825011617,0.08025811998580301,1,1.0396663501291947,2634.74,0,0.07504095462524234,1,0.0839272710275446
S2,Office,12.07,20,2,0.06562334322936318,0.6054476059672126,0,0.9419608501079201,567.96,2,0.04047776105185269,0,0.3972412808348508
S3,Electronics,90.71,16,6,0.08485767073958005,0.8604554160959871,0,0.8807667808989118,832.42,1,0.09310582452001322,0,0.5845876937366091
S3,RawMaterial,28.96,3,4,0.029547034288751342,0.9217427503515333,0,1.1263696674556969,1232.05,1,0.1435593948296709,0,0.590481189068974
S1,Electronics,30.48,49,8,0.06415699856658924,0.012687254232868761,0,1.0240770654306104,3314.32,3,0.09017390450163086,1,0.08400230925255517
S2,Electronics,35.16,37,1,0.00511595141962713,0.3696659774941843,0,1.194987229052106,1484.6,8,0.0944429173559146,1,0.23047722906525586
S1,Office,21.47,40,10,0.048019007732202794,0.25726478612104664,1,0.9493954681381727,2405.21,2,0.14021260218894963,1,0.2401931454208603
S1,RawMaterial,67.53,44,14,0.026803296595189253,0.5680325887747232,0,1.0742876886343187,3296.35,5,0.07729126504616174,0,0.44886054224339067
S2,Office,16.76,25,4,0.03808871482946961,0.6328622768136293,0,1.0491283487105922,4237.6,9,0.14945361925721887,0,0.419715409108447
S2,Office,22.08,23,10,0.035466275176495914,0.9997744776055287,0,1.0550326837149795,2973.45,2,0.023949306529961318,0,0.6819331405448374
S4,Electronics,68.03,44,11,0.006043067715263773,0.5127624968989256,0,1.0947919858142627,1297.07,9,0.08055597645184803,0,0.38804184702536304
S2,Office,40.57,1,5,0.04666458007513755,0.5514668787372697,0,0.8556433119931817,4782.83,4,0.03193512615215722,0,0.3805937869791888
S3,RawMaterial,73.72,33,9,0.09946292879915535,0.4143135078056419,1,1.0198576175993084,905.07,8,0.06799895525110389,1,0.34271269760884604
S1,Office,60.17,15,5,0.029893605683648364,0.14767723783857567,0,1.0036518681577693,2152.04,2,0.025586086425265213,0,0.13328871012252563
S1,Office,33.04,17,13,0.07361459716682507,0.30332464028059847,0,0.9370119156362162,4645.96,7,0.03337931572887091,0,0.29693630617554945
S3,Office,68.57,34,11,0.05477883349204357,0.24698491771103182,0,0.9744601066076944,3210.5,5,0.031620007444839525,1,0.24319602924566072
S2,Electronics,20.46,17,3,0.03252253005314737,0.801219691348342,1,1.007524830660487,3481.94,7,0.04800470085360119,0,0.5119171452535208
S3,RawMaterial,58.28,41,11,0.008960706039242117,0.5458164215523124,1,0.9283689259861444,1857.62,1,0.020190755177825464,1,0.4087494933145886
S3,Electronics,49.34,44,4,0.02158579007652124,0.29619363021534206,1,0.9172635328074191,853.42,8,0.12140132624625241,1,0.21276334372359018
S4,Electronics,34.11,4,10,0.0781853539490244,0.48909290289350327,0,1.0953090298666048,2145.92,0,0.033101339593832026,0,0.3883399193493807
S3,Electronics,64.36,13,7,0.02790201774186454,0.21886488309541552,0,0.8267672570878971,2309.71,2,0.06248534927150626,0,0.1896895351798087
S1,Electronics,88.42,4,1,0.014430248241185318,0.18512715057321794,0,0.9251852314015128,1716.23,3,0.0024085707345036455,0,0.1225482219591435
S3,Electronics,99.9,7,11,0.03312983404606731,0.8599422372418859,0,1.061484458453518,1469.68,5,0.015732231492267316,0,0.6044757211303802
S1,RawMaterial,64.7,46,6,0.05840429522276902,0.9448108544661389,0,0.883509187332417,2099.79,3,0.13444078506198773,0,0.6272649441036567
S1,Office,46.42,9,8,0.07034631642899991,0.08001460782698788,0,1.028909054114233,3377.38,1,0.1255740305760668,1,0.12625551676774985
S1,Electronics,30.27,23,1,0.03873648369695801,0.7648827071864205,0,0.9208656566594197,4770.66,2,0.12613836786827917,0,0.47769342656379676
S2,Electronics,33.14,33,8,0.049814715707834904,0.45331153642729016,0,1.1373205093400842,3667.01,2,0.06170301258822856,1,0.3440741937115817
S4,RawMaterial,53.15,33,7,0.04549166920334616,0.38897164130825335,0,0.9399957328516539,4008.21,5,0.021229619827749627,1,0.29703048554595585
S1,RawMaterial,43.05,20,1,0.0009003349923426885,0.689411309547821,0,0.8918066246923643,1877.3,4,0.016184178224147416,0,0.42105974336925256
S1,Office,92.24,4,9,0.03956004748558483,0.26625368533436566,0,1.0120415108357566,971.12,4,0.0908404087201073,0,0.23590593973200913
S2,RawMaterial,43.15,1,11,0.0587319810172082,0.020581226283587384,1,0.8542642052022238,1811.81,3,0.12422898823629444,1,0.10853975864674345
S1,Office,43.61,42,3,0.05699447164157611,0.214002847820015,1,1.1189935869620233,2311.94,3,0.13501717232103644,1,0.16692862161305325
S3,Electronics,44.52,34,2,0.07497675583342468,0.1849250767091689,1,1.0720113005090641,3604.47,8,0.04330974758403398,1,0.14773378706124304
S3,Electronics,85.3,27,7,0.06703759104353388,0.03404938155356252,1,1.1082035618779664,4727.11,6,0.048153985475018035,1,0.09054090624519767
S4,Office,68.57,21,11,0.027680679711615377,0.3213154160263213,0,0.9595512799188498,4141.82,7,0.015131498529213699,0,0.27966488210070595
S1,RawMaterial,65.28,24,3,0.025564367155896262,0.47451853351413986,1,1.1340013655419767,1698.8,3,0.11616146839020179,1,0.3138090016838242
S2,Office,40.07,15,1,0.046414179806343416,0.7358286970505784,1,0.9974192522948613,4191.35,2,0.041353540668170825,1,0.46256432931510716
S3,RawMaterial,83.61,35,10,0.07329696677216549,0.32566132549259685,1,0.837879613968095,2352.86,0,0.07213942043451445,1,0.2888144567557792
S2,Electronics,13.45,25,13,0.00938273065759644,0.1945402656577434,1,0.8896116995967397,1289.47,8,0.13933459567932485,1,0.21239612144906783
S2,RawMaterial,88.37,9,3,0.09483265830361624,0.2306197692536054,1,1.0844211206112877,2575.64,8,0.11283235954874053,1,0.18825023047181952
S3,Office,56.15,17,6,0.054315312370643166,0.8911770791617145,0,1.158568919523401,3034.49,1,0.007910684443360766,0,0.5938579840653644
S2,Office,45.84,21,3,0.030640839493350072,0.20472040641736877,1,0.8380742369674435,3935.32,3,0.0012231891689144514,1,0.15345306712699772
S3,Electronics,54.75,13,5,0.06933912308814259,0.8792406675165103,1,1.1456859164388846,2074.53,3,0.1181111888820612,1,0.5840604231506347
S2,RawMaterial,70.07,3,9,0.004472581624310179,0.4470989954877954,0,1.119627931671399,1160.51,0,0.08287503554680435,0,0.33388688606568456
S3,RawMaterial,11.15,4,7,0.04843969157830629,0.9344004323485264,1,0.9426244239940342,924.59,1,0.10805016140440513,1,0.6251721668826078
S1,RawMaterial,88.44,4,2,0.0485969647463809,0.40809213630469865,0,1.0757107217586626,1006.01,7,0.023522298273992024,0,0.27372008549244775
S4,Electronics,50.21,43,1,0.01619752849093503,0.17768293380581734,0,0.8747805375206134,4775.11,5,0.130807177495593,0,0.11861187597362806
S3,RawMaterial,40.87,28,7,0.08373878159418832,0.5490299292113376,0,1.1253573199735782,4782.88,0,0.1159987468521693,0,0.40453959200505907
S3,Office,22.44,7,4,0.07968121186802542,0.5877066028490677,0,1.0629356087396042,4859.4,6,0.13362583710819204,0,0.40509975384127683
S4,RawMaterial,49.55,26,11,0.0152732394453709,0.6354893032732697,1,0.975531751786826,1861.2,6,0.05116441239862062,0,0.4644469823690016
S3,Electronics,54.67,11,7,0.036382729356337754,0.4114967184695272,1,1.1458069262186812,1362.26,5,0.04135577929248695,1,0.3078128498886176
S3,RawMaterial,46.33,24,6,0.010042955663088793,0.048601340794495185,0,0.8556938005203607,4914.12,7,0.022759715988589033,1,0.07503083403276661
S2,RawMaterial,71.08,43,7,0.08486087568391969,0.626719922949512,1,1.1383142529745212,4947.19,4,0.13951327619204956,1,0.4514902164748831
S4,Office,47.88,10,4,0.032332010374864086,0.9330301542669718,0,0.8095545626089071,852.58,1,0.026524380533676107,0,0.5980891242440708
S1,RawMaterial,96.53,37,3,0.04393163078576528,0.9575586285057303,1,1.1012801617307184,3886.38,3,0.017897585056725757,0,0.6091432377677392
S3,Office,63.93,13,12,0.03238719500205665,0.5968853678610146,1,1.0293456306981472,1798.99,7,0.02890173134801735,1,0.4535616649315115
S4,Office,82.67,44,5,0.031002601646495098,0.019887017954431818,0,1.0786893092882437,4591.84,7,0.11570725901401699,1,0.05694727698089334
S2,Electronics,19.84,42,3,0.0747302253748589,0.10603848084881229,1,0.9649378102924262,901.51,4,0.13342938524743214,1,0.10747072755031647
S1,Office,45.76,39,14,0.07475662341798232,0.8339905257694428,0,1.1457764503568653,4498.6,5,0.12163701847446365,0,0.6228213024870604
S4,Office,40.32,19,3,0.05177881704805695,0.8297444376533422,0,0.9252596096559254,511.8,8,0.08448578293069271,0,0.5348088791349939
S1,Electronics,61.25,19,4,0.06576169493263144,0.946015605268362,1,0.909982114079411,2848.9,9,0.14908263761665846,0,0.6159093002122352
S1,Office,87.5,12,8,0.05116631973579566,0.5637744228668131,1,0.9207002582991369,2010.04,9,0.010328109674017316,1,0.4107574067836837
S1,Electronics,17.05,22,2,0.0028589209939715032,0.8638162944684391,0,1.1097455371370337,2423.0,9,0.13007875167324381,0,0.5334331672649691
S3,RawMaterial,16.53,47,4,0.006600643312993249,0.8248869256818773,0,0.9981166925402849,2452.03,1,0.06415707925706533,0,0.5254837769744528
S3,Electronics,86.53,37,11,0.03837405695128313,0.5894208062071001,1,1.0148341303416586,3441.21,4,0.06826835230581996,1,0.44373612938107354
S2,Office,29.16,30,3,0.07497463586283942,0.7836375533670537,1,1.132662167363542,603.94,8,0.019139234047692077,0,0.5141034942076554
S2,Electronics,70.19,46,7,0.0913226228134345,0.12571054451247143,1,1.1333462209266447,3611.14,2,0.005014946153074262,1,0.1528231135515132
S4,Office,58.86,12,2,0.002970830534675262,0.6392027568801203,1,0.8646952418273778,599.89,5,0.04749424891041499,1,0.398698617574189
S2,RawMaterial,84.96,29,1,0.0368030052686807,0.953450956337194,0,1.019907069155327,1333.73,3,0.026228029967089388,0,0.5902543325257777
S1,Electronics,21.26,21,10,0.02237824361164109,0.16195749843940777,1,0.8504072825735214,3230.34,3,0.07250081341069674,1,0.17531654357570842
S1,RawMaterial,21.68,11,1,0.0815205281165462,0.7440426818000011,1,1.1474113884779031,888.97,2,0.02209957890806579,1,0.47802462465782164
S3,Office,60.11,37,6,0.08459681446546412,0.32078579734338464,0,1.134802280839015,4959.07,9,0.02068916047534136,0,0.26070766560281283
S1,Office,95.17,48,3,0.02064088676918953,0.81710392371783,1,1.139739543288453,4029.73,0,0.13154684761557742,0,0.5178831916900263
S4,RawMaterial,47.35,18,7,0.07108272534348722,0.6972109337056676,0,1.0819434001519868,3675.5,7,0.13819420519896133,0,0.4896513778264467
S1,Electronics,39.42,44,8,0.07317560373014285,0.9261742576066234,0,0.9867509224169826,1704.56,4,0.14463243128818648,0,0.634800092825874
S1,Electronics,64.6,27,5,0.017705769678257034,0.7119354196938953,1,0.9618884905378194,718.54,1,0.10207536643108679,0,0.46818726843409997
S4,Office,93.74,37,5,0.04336959170082358,0.4103105949628616,1,0.958089825565444,4904.51,0,0.1156524757193804,1,0.29491152020224976
S2,RawMaterial,85.32,48,12,0.06203378054437996,0.01089253449032579,0,0.8264851154435044,1165.32,0,0.12536771328639437,0,0.11085994057179518
S2,RawMaterial,99.59,12,2,0.002606660693259888,0.7929168967708282,0,1.1795481145858044,4237.55,3,0.09883830886809968,0,0.49081785055618915
S4,Electronics,12.03,23,8,0.04045918330458828,0.40846496665540555,1,0.9801102626893874,1388.83,3,0.049536465705379375,1,0.314359592127477
S3,Electronics,20.16,34,10,0.015495823294762068,0.6706340948348597,0,1.1720459597113517,2183.43,5,0.023458049765028615,0,0.47845777531791583
S1,Electronics,64.85,38,13,0.05418965011208873,0.10506648124841877,0,1.1517030156646908,3621.15,6,0.035590996073722514,1,0.17215392663982076
S4,RawMaterial,83.85,23,1,0.08429175834609548,0.8909686358976551,0,1.1314441551168057,4754.14,0,0.1260621077107444,0,0.5670115661852788
S1,Electronics,35.67,25,10,0.05247539386260373,0.4356577974065051,0,1.0353235539323307,589.02,9,0.10441458574302619,0,0.34856586803125567
S3,Electronics,31.53,4,9,0.003598359620868397,0.9196917338086819,0,0.8406223543802562,1673.46,1,0.06836936452892274,0,0.6171802624571839
S1,Office,80.83,30,1,0.002965724559679117,0.707017433794491,0,0.9295645798206145,3942.35,2,0.0044107615770679065,0,0.4322430347874554
S4,Electronics,15.07,30,1,0.06055031459041493,0.12146226209805322,0,1.041434483714429,1280.27,8,0.03993065556508247,0,0.09818530877881355
S1,Electronics,43.24,13,1,0.03279815585256125,0.5791966134076992,1,0.8053823233658685,1001.55,3,0.10933462396886456,1,0.364500271943245
S2,RawMaterial,55.52,42,7,0.057266650347189266,0.9099344479417872,0,0.8170523654673991,707.83,5,0.07685808526425343,0,0.6131406638692292
S3,RawMaterial,60.43,49,4,0.01636371089159876,0.7999705598834314,1,1.0710653528802312,2761.2,1,0.0653298741723675,1,0.5134628777689669
S3,Office,75.58,14,12,0.07768623528361118,0.41798040757625,0,1.1552811406007384,3954.8,1,0.04705191011698616,0,0.3598084008451191
S3,Electronics,41.94,47,7,0.08607197057335679,0.955064397253907,1,1.1420652517292813,4827.81,1,0.09103977458655359,0,0.6488602295243512
S4,Office,65.14,8,5,0.08892256020848938,0.2685761808015268,0,0.8672581105909649,1703.69,4,0.14495780780575337,1,0.2235367622577486
S3,RawMaterial,62.68,24,12,0.030407458883135133,0.3751077033183158,1,1.1644933810369364,1046.18,8,0.1351685464946259,1,0.31990114537021574
S2,Office,59.29,18,14,0.06607353676247317,0.7497141732867983,1,1.0785208802605082,2311.49,5,0.004574690712642304,0,0.569650565000821
S4,RawMaterial,67.64,35,7,0.02790423871302602,0.23290455721551606,1,1.0865303817302734,749.48,8,0.07214307338751687,1,0.19811400594321743
S2,Office,33.35,25,10,0.07627568208115786,0.5153744699595479,1,0.921616480294966,1991.12,5,0.04942039470704215,1,0.40353595802864756
S1,Office,17.62,17,14,0.012052500222632358,0.7287891901041543,0,1.0863987102735273,3393.86,8,0.07659069935097014,0,0.5408892641292823
S1,Electronics,20.73,32,7,0.07627648111211613,0.6439677661423481,0,1.083908911033557,1256.75,4,0.09093205348075721,0,0.4592636040190437
S1,Office,30.21,24,4,0.04397286376635348,0.15536991412096823,0,1.037866210245248,3343.45,0,0.03000421019963202,1,0.13498523617391556
S1,Electronics,55.02,7,2,0.08555494904355282,0.6296603161278346,0,0.9429153613036174,4873.77,5,0.11723521043223845,0,0.41774838867548086
S2,Electronics,85.64,13,8,0.07389308599861465,0.5727105288051072,1,1.1244057750739844,4388.9,3,0.07126020751289494,1,0.42293710022550585
S4,Electronics,73.12,27,2,0.03765196406964849,0.5578448250391125,0,1.1750071751921074,2105.76,8,0.1488009082347369,0,0.36028819853007626
S4,Electronics,81.01,48,9,0.09035391853604526,0.8260471865372462,0,1.1479553700107985,2396.73,5,0.003769107861534182,0,0.5870202017688756
S3,Office,41.59,5,5,0.028333713927531035,0.1838960225250139,0,0.8971916776852232,2386.94,0,0.028457876427968775,1,0.15455201340755337
S2,RawMaterial,46.42,36,9,0.09669886314359233,0.7515659870434475,0,0.9782695316198624,4369.55,5,0.10344447008405971,0,0.5442349654548605
S1,RawMaterial,45.43,26,9,0.07672033839556844,0.7609260177350818,1,0.9369657409176486,4972.22,2,0.10427696197883382,1,0.5438574264454339
S2,RawMaterial,27.27,42,14,0.09906748512711894,0.7226454395808684,0,1.0829918200838453,4216.53,2,0.08732823366254173,0,0.5633075092866567
S3,Office,15.51,45,8,0.005390461639847755,0.50596831347876,0,1.1325961350684026,3011.53,6,0.1457940043035943,0,0.3623409837220675
S3,Electronics,63.18,31,8,0.027403604587713085,0.39553874773773745,1,0.8863184529757875,938.15,1,0.06229725130799001,1,0.30268718716181353
S2,RawMaterial,99.03,10,4,0.07412642565144732,0.39467716007287956,1,1.1789102141410233,4795.18,8,0.06255552181012791,1,0.2876156523105905
S2,Office,25.01,46,14,0.09222497012503754,0.7338087139422406,0,1.0709316533198274,4370.21,8,0.136571454483626,0,0.5679527194028556
S2,Electronics,14.2,26,4,0.0028770817119452953,0.49789670258287133,1,0.8873791486307483,4286.35,6,0.0807662672995216,1,0.328172574634735
S4,RawMaterial,80.16,22,14,9.295975584744377e-07,0.3384337242309269,0,0.9484378445229706,2263.18,8,0.05305914923784006,0,0.3030605134178237
S1,Electronics,32.73,12,2,0.025624262925624777,0.6254696844053216,0,0.8418427432226196,2512.27,5,0.10784069787507886,0,0.39725480380659467
S2,RawMaterial,84.67,32,4,0.08527786766315615,0.8370112605030168,0,1.0388275940118434,1038.48,8,0.09295059272812911,0,0.5563615451721854
S2,RawMaterial,73.35,27,4,0.0767153102143225,0.061508741168281755,0,0.8676766091170497,4720.43,9,0.04596150754298873,0,0.08849126633669437
S2,RawMaterial,95.11,33,6,0.0340277462168857,0.9721369577714376,1,1.0772359752652165,4744.55,1,0.044689319712182346,0,0.6363476413850712
S3,Electronics,46.8,20,3,0.00020112643454357483,0.09665193958190432,1,1.094898697289862,1644.99,4,0.05934191962908821,1,0.07948007310807709
S3,Office,69.58,39,2,0.05547057409537272,0.5117381207029182,1,0.9917339273293727,3632.04,5,0.010743009849029045,1,0.33796975893607706
S4,Electronics,51.84,41,8,0.02379554714509509,0.5602095440377961,1,0.8375267084576742,1415.7,5,0.14139253537314586,1,0.40040724770906333
S1,RawMaterial,66.75,40,2,0.07456089284998436,0.13821070536134816,0,1.0443492759886204,2268.26,3,0.02745300602949976,1,0.11958040535751849
S4,Electronics,50.46,13,8,0.044634966438262605,0.9155937530176794,1,0.9488821008495257,1860.72,3,0.029073645349158076,0,0.6198895988849435
S1,Office,26.98,14,7,0.06786019230476671,0.47146707729249393,1,1.1798589884856185,2253.16,4,0.09705576075256164,1,0.35323830406692636
S3,Electronics,55.71,44,3,0.08523088298882903,0.1431205144603933,0,1.0052822826808165,1890.38,5,0.10863705709497169,0,0.1328701450014561
S3,Office,57.57,40,6,0.05357597995185033,0.7116124028477708,0,0.8289064275456697,2053.81,7,0.11052531893998085,0,0.48589737855136045
S3,Office,82.95,22,6,0.033595554072829235,0.6634043452426098,1,1.0544196332788718,4059.77,9,0.05626125352563466,1,0.45097841622455753
S4,Electronics,76.2,18,10,0.0769543546015249,0.9628655697814476,0,1.1117414810105994,1850.12,0,0.13099934293648882,0,0.6722342196778974
S2,RawMaterial,69.74,48,14,0.026518723977117787,0.44151632468774826,0,0.864201123762241,4166.13,7,0.08159985926220666,0,0.37286541200578427
S2,Office,20.2,29,5,0.08915188161064341,0.26779597316475934,0,0.9796229457377545,3055.65,1,0.06578813282438332,1,0.22313743409633433
S3,Electronics,74.86,43,13,0.007142764673293578,0.05999400629526208,1,1.0972787812951286,4012.0,6,0.12155796912985009,1,0.13099637603628816
S2,Office,55.03,16,8,0.08354686411085448,0.7331215250802694,1,0.8081974461555523,4635.01,3,0.03653418738357565,1,0.522079831424275
S2,RawMaterial,90.47,46,11,0.009155572727095107,0.6172776892304224,1,0.8115879184389508,1122.91,7,0.12902781651532788,1,0.4516847139278105
S4,Electronics,92.79,35,12,0.005613698040981574,0.9726108349007595,0,1.0707648267531444,2047.51,5,0.08082440918473913,0,0.6709648960670359
S1,Electronics,14.96,34,5,0.03632569373481609,0.7121649798036325,1,1.0900505993300387,750.01,4,0.13500872365097047,1,0.47391098171691
S3,Electronics,83.86,3,7,0.09565493544748281,0.9331614799382161,0,1.1383477749278885,2331.1,9,0.030241879658363873,0,0.6385933685971744
S3,RawMaterial,13.39,4,6,0.09834860541916023,0.9915787947795804,1,0.959839926317051,1568.31,9,0.14040946140036387,0,0.6673090013506392
S4,Office,43.05,5,11,0.02020705009661593,0.4284311442326858,0,0.9559106660182022,3072.55,4,0.10318151129585852,0,0.3416922301400248
S4,Electronics,58.81,10,7,0.014863755566206616,0.1502950133692771,0,1.020947189091863,4025.25,3,0.09274927902035783,1,0.14463613469142822
S2,Office,23.33,29,13,0.03529533315547776,0.1958507769032637,1,1.1029307820139724,2688.65,2,0.0633101279224511,1,0.2209562089457444
S3,Office,77.17,32,9,0.03370868408810738,0.3183752231123167,1,1.0563968787752875,2001.3,2,0.1434472499948586,1,0.2654234533795365
S1,RawMaterial,10.75,31,3,0.07595928827379746,0.5088957670662728,1,0.930929321537541,1186.5,2,0.06658794424672691,1,0.3495538181504743
S4,Electronics,25.17,2,10,0.04439990207467262,0.12241999939635617,1,0.9386189025743379,620.74,6,0.07478144286713638,1,0.15820054168878692
S1,Office,62.27,12,7,0.07798835857345134,0.3017178718552357,0,1.1052019742268424,3550.47,7,0.11722471628779688,0,0.2544272306851768
S1,Electronics,74.29,27,13,0.0748713097025046,0.3077938473829154,1,1.0138586647046413,637.46,7,0.04272636444190592,1,0.29999484419764344
S3,Electronics,92.5,5,10,0.057831043012592336,0.004085654964712804,0,0.8391904702319238,4643.77,1,0.04372429692206877,1,0.09122927731117682
S3,RawMaterial,73.49,37,3,0.08335120997416551,0.35416873966639273,0,0.861197981660916,3174.04,2,0.11629465314318299,0,0.2589351782206567
S4,Electronics,70.46,27,13,0.019564774655270713,0.11615220008467142,1,1.1404761503753262,2089.83,1,0.01928696837851619,1,0.16841789530452694
S3,Electronics,45.49,23,2,0.01618104956605133,0.42971137966238915,0,1.1995213726793967,688.61,5,0.1234446780439535,0,0.2769668569529632
S3,Office,10.12,33,12,0.07506502585026682,0.1965367374037491,1,0.9342731622965019,2360.69,2,0.09377625124647725,1,0.22615583591161523
S3,RawMaterial,20.81,4,7,0.024479706215529553,0.8221142396931961,1,0.9546806646227302,4402.85,5,0.08086256496049066,1,0.5506124556805765
S1,Electronics,58.11,21,4,0.00027943838203846604,0.08052535277382356,1,0.8617952099158346,4864.21,3,0.03436640732698223,1,0.07697047175033424
S4,Office,70.76,24,1,0.09119601686445382,0.8656604314182001,0,0.8942852336241687,882.18,9,0.11795522540166131,0,0.5538979210531134
S2,RawMaterial,47.57,44,6,0.06229370580330629,0.5805266155245983,1,0.9698519383103552,3997.12,9,0.12074296342631238,1,0.4098612239128937
S1,RawMaterial,75.76,31,11,0.04449376980079407,0.4586406631983575,1,0.913755857764305,1662.61,5,0.07244128018147768,1,0.3671039574306813
S3,Office,56.97,44,6,0.07257365100090378,0.5497423168939102,0,1.080569941836206,2207.47,2,0.058375346228581315,0,0.3944746282937601
S1,Office,16.68,48,6,0.03333317331152859,0.37610912917766925,1,1.0151397766016672,2964.53,4,0.03692427562859097,1,0.27852257235720296
S3,Office,27.28,24,2,0.09536660570954178,0.12761190499194508,1,1.1289188513172974,4976.28,7,0.11313510256337624,1,0.11946283899374388
S3,Office,85.6,49,1,0.00686202889474109,0.76587981578378,0,1.0898099670876078,1439.67,2,0.09591778846900592,0,0.4687293552815474
S1,Office,75.24,10,3,0.0640948190662361,0.9279115900964156,1,0.8512402447841922,1087.24,8,0.03099465440502866,0,0.5974039712062916
S4,Electronics,90.53,49,12,0.07772894828612736,0.9500676231198647,0,0.8493555862306875,3177.4,8,0.11917021195273511,0,0.6790735440720427
S3,Electronics,20.58,49,14,0.04691259078935094,0.6707115062227444,0,1.1582594554029828,4338.72,6,0.13233079700376893,0,0.516500680970452
S4,RawMaterial,99.12,2,2,0.07549683550660359,0.4103474265166672,0,1.127804495779081,3416.97,7,0.00888708941223688,0,0.28314322084769566
S2,Electronics,28.85,31,6,0.09269103978785694,0.47835996227649646,0,0.9871669292650835,2064.09,8,0.11586309570360619,0,0.3576804321593978
S3,Electronics,11.06,25,13,0.07439939006792845,0.6569656969893156,0,0.8521456539095891,4896.42,0,0.12792029001414787,0,0.5093563780711108
S4,Electronics,99.77,4,12,0.030936686713631114,0.8230725165083479,0,1.1594305162743221,4977.64,6,0.14872618492118203,0,0.5888388016333838
S4,Office,35.3,11,6,0.056184637471920255,0.3745671375430405,0,0.892280222950372,3967.92,9,0.035640224840605035,0,0.28445281662454325
S2,RawMaterial,70.12,17,13,0.09116035178596232,0.9167812247811112,0,0.8142139098518619,4110.87,2,0.05565048078213792,0,0.6702739832615983
S4,RawMaterial,25.9,44,5,0.04490977254824927,0.3242721549306129,0,1.1696958099949608,3923.79,5,0.14492866383013187,1,0.24375051043712825
S4,RawMaterial,62.22,2,10,0.0681698494915715,0.5308597753272042,1,1.1235742482892044,1659.47,8,0.014102332544037664,1,0.4103953914723654
S2,RawMaterial,91.36,6,10,0.04655147251288725,0.9613618000356137,1,1.0773926769273794,1176.19,9,0.07855617658721312,0,0.6622110932038058
S3,Electronics,38.82,9,5,0.012134415694036216,0.9381989154256102,1,0.8136121429408141,2994.59,7,0.07601168697568315,1,0.6022739596778627
S4,Electronics,70.32,5,9,0.00585976358762752,0.6957450895277493,0,1.0113724713570837,4793.66,1,0.09098216083217454,0,0.48349069707865205
S4,Office,26.91,20,14,0.09522739596286872,0.3245601944750087,0,1.0614544620335085,4452.32,3,0.04961889222694351,0,0.32330433547386583
S4,RawMaterial,66.23,29,5,0.06125417734210956,0.21903503318400352,0,1.1037388963128125,980.87,4,0.1388877133007687,1,0.1855115588273207
S1,Electronics,40.28,21,13,0.010381491312249158,0.08014335533354422,1,0.9884295539194095,756.46,9,0.04050918914386092,1,0.14405760345094415
S2,Electronics,29.01,9,10,0.08574385584698381,0.7086544047393853,1,1.1813397200326228,4431.97,5,0.09745432763766035,1,0.5223443710262977
S1,Office,38.19,28,6,0.05226931365108133,0.5034506940020357,1,0.8979124243892699,3258.57,6,0.07438905341324042,1,0.3606083533536887
S2,Office,26.1,8,11,0.07719321122398733,0.5722876939442573,0,0.8278939669447289,1869.44,3,0.04000101787201198,0,0.44510200830517915
S3,Office,91.17,31,4,0.012675619562541507,0.47239217392573785,0,0.9331064980034599,3027.96,3,0.028328069358364048,0,0.31580941879563373
S3,Electronics,45.75,20,10,0.09069104318295862,0.4829464335734429,1,1.064721948122685,1497.51,4,0.14348431863864883,1,0.3884037445275248
S4,Electronics,32.08,27,14,0.05905354396820256,0.5712736192049652,1,1.0948628817105088,4761.28,8,0.08419371923936789,1,0.4604802347134399
S2,Office,50.36,8,14,0.0738260680749041,0.9142620061760377,0,1.0953987588459235,4222.39,8,0.09062863683366626,0,0.6707050241280937
S3,RawMaterial,38.85,21,1,0.003137968801685298,0.029366299468047696,1,0.8442695310490936,4830.07,0,0.11743431885629674,1,0.02570402746419135
S2,Office,77.0,28,4,0.03153049001990032,0.8016367795731624,1,1.154035781851308,1341.76,4,0.012183998789967477,1,0.519012643321296
S3,Office,97.41,23,2,0.02674454143954117,0.3905162605582657,0,0.9123334811691546,4296.52,4,0.1070646401695168,0,0.2566188330525361
S1,Office,49.42,6,10,0.09495949952878709,0.7449242672829998,1,0.8839644430652907,3021.29,6,0.024771020635848056,1,0.5468709816570074
S3,Office,87.49,3,3,0.018533856888033606,0.9485263292443564,0,1.0457829907750402,1962.46,7,0.11107216276146839,0,0.5961045260415954
S1,Electronics,60.93,5,7,0.07070517267140926,0.30628699352633515,0,0.8847396297735334,2658.49,2,0.02119930074410659,0,0.2549837479172239
S3,RawMaterial,24.15,9,7,0.004275353774929303,0.08955463674379893,0,1.0032153971420097,4749.73,0,0.12487405498103943,1,0.10501538817875815
S4,Office,72.16,7,1,0.019768408569423856,0.23229843631492564,1,0.9628118786181495,3611.54,1,0.10215243910905188,1,0.15245244150263967
S1,RawMaterial,56.21,4,8,0.03385973542543528,0.22209283111256262,0,0.892813705051407,2119.62,5,0.05788354332786305,0,0.20055647643802527
S3,RawMaterial,68.55,39,7,0.07945058478747417,0.741849417460254,0,0.9168238530006713,4999.55,5,0.05382516658538752,0,0.5189448259123947
S4,RawMaterial,90.07,5,1,0.07899765800618004,0.06185818172511737,0,0.9709628925443452,2055.84,4,0.022342059533387935,1,0.06795706357978158
S1,Office,49.64,11,8,0.0952601861743162,0.05093357985573377,1,0.9384641385260792,4161.74,4,0.1356080033649175,1,0.11628106090859225
S4,Electronics,91.11,15,14,0.09167675026668848,0.6936085944838359,1,0.9526303137486358,4029.7,8,0.017779390927321864,1,0.5436681817703081
S2,Office,77.56,34,14,0.008151459504501635,0.5567196848760237,1,1.0941738486280954,3753.17,6,0.07081160827936885,1,0.4364772487769647
S2,RawMaterial,53.97,13,2,0.0829867722144696,0.41776754484320344,0,0.8673519650769339,3512.46,5,0.03547776821847052,0,0.28984227285597725
S1,RawMaterial,64.29,48,8,0.04511735795400168,0.5753684069770452,1,1.0510474349329697,988.99,6,0.1494491262028539,1,0.41589910871528474
S3,Electronics,39.3,7,3,0.08658860907297335,0.735247905968639,1,1.071263110259134,4977.3,2,0.08787660772780473,1,0.4885538977316468
S1,Office,98.52,40,10,0.008928625153113058,0.10347137270677931,1,1.120834818470698,1224.69,6,0.02243767550865192,1,0.13618998259857296
S4,RawMaterial,70.06,6,7,0.08227691015073357,0.5532864159809425,1,1.1389308701238636,3182.6,2,0.10013459964327105,0,0.40665492263378555
S3,Electronics,13.95,39,13,0.01596425190007743,0.8244168329143053,0,0.8634662173868459,1621.17,7,0.1487413525833827,0,0.5922965181757494
S2,RawMaterial,39.4,30,6,0.03338416300693422,0.36242917057831237,0,0.855304304447201,1259.5,9,0.0907564920923061,0,0.27032989410621056
S3,Electronics,66.1,22,5,0.002884840029002167,0.7630179876226391,0,1.0459084052586436,3017.59,9,0.06860686418342918,0,0.49439053029656976
S2,Electronics,15.07,25,11,0.012372808818713854,0.8454208391465091,0,1.1027666202331858,4263.55,8,0.04399051824279819,0,0.5895357747049481
S3,Office,12.15,28,10,0.04457258854123827,0.8209291918201339,0,0.908930572095873,2196.26,2,0.013818512224315193,0,0.5773578630830232
S3,RawMaterial,50.5,20,14,0.08183383356344703,0.6503564019858612,0,1.0103388822292452,847.26,6,0.034236944848483136,0,0.5147639912605508
S3,Office,39.94,39,11,0.07736697713650498,0.7173445183964586,1,1.1088957722447084,3306.92,7,0.08304311693473106,1,0.5321882327502552
S4,RawMaterial,49.45,3,2,0.023529776177631325,0.7876751807147809,1,1.1070012432961818,3948.94,2,0.11306785479743733,1,0.49394975556787224
S4,Office,33.64,5,2,0.015169044906928098,0.733709309497632,1,1.0615280664454982,1832.38,5,0.13168963353444743,1,0.45906201345637193
S1,RawMaterial,24.82,1,13,0.03892634629817701,0.4516801622865787,1,0.831515078373346,3607.65,6,0.11905683755590056,1,0.37554314411854317
S1,Office,72.02,15,12,0.08832683472128848,0.15912094287195555,0,0.8202575441102896,841.06,3,0.01881978020586265,0,0.20768490185384558
S2,Electronics,56.31,26,1,0.009142507416300317,0.3097305998855272,0,0.9553781240197656,2126.43,5,0.116018982751957,1,0.19572396929906355
S4,RawMaterial,28.01,3,14,0.05429140103443503,0.20724656224205817,1,0.8106749705916876,2633.59,6,0.08724068192187083,1,0.2406353576555654
S2,RawMaterial,38.76,40,9,0.00888074794030419,0.3614441543250022,1,1.1616577327419009,4018.84,6,0.07036613362572355,1,0.28381643126280687
S1,Electronics,63.26,41,11,0.0470212121164239,0.4893310801824282,0,0.8080578659018898,2021.64,0,0.0859146177708121,0,0.38627644031581265
S2,Office,16.5,47,8,0.01267915121609823,0.959046671734246,1,0.8118451448567927,2541.65,1,0.0012112993158731266,1,0.6363746055482341
S1,RawMaterial,23.27,42,8,0.008033693499936479,0.9594627949892627,1,0.8661309513485842,3327.59,0,0.010159536445654021,1,0.6352306421863957
S4,RawMaterial,16.59,34,1,0.01908493330635848,0.7695885209168566,1,1.0508060526342242,3308.36,8,0.07887739186094718,1,0.47462144968487857
S3,Office,83.11,5,5,0.02552560193687662,0.9801402883633404,0,1.0166216562345425,2829.92,6,0.02604288742223364,0,0.6314561393133529
S4,Electronics,77.72,31,12,0.02762653791314248,0.9980158158244591,0,1.0637948546221403,1978.14,6,0.08183114282001498,0,0.6928117365829038
S2,Office,77.8,13,6,0.06452679472473329,0.8852567477986434,0,1.1574220564432005,3514.66,2,0.053132035781222275,0,0.5933692299537489
S2,Office,74.47,43,2,0.0054981875622881265,0.07950358320613804,1,0.9819782603246795,4267.19,4,0.1361118031012129,1,0.06363732047808354
S4,Office,70.24,1,10,0.008080905990536414,0.4260441034642619,0,0.8175503903521995,1192.16,1,0.14245251409566803,0,0.32947930530428954
S4,RawMaterial,52.93,22,5,0.018870616147926712,0.5341199810253421,1,1.1053986500845832,2032.08,4,0.14696761696027794,1,0.36184745917386896
S1,Electronics,67.81,15,6,0.0872063069181422,0.12408258561564744,1,1.124785785109508,3509.37,7,0.1348406993824228,1,0.14346858630197398
S2,Electronics,13.45,26,9,0.06286049260632329,0.8086306272431251,0,0.8199553439546263,3900.99,9,0.14788362767884994,0,0.5683222384134863
S2,Office,65.93,18,10,0.07303696591879556,0.1486834149487809,0,0.8971397174549895,4016.57,2,0.10592206886090426,0,0.18254971017347865
S4,RawMaterial,80.01,48,1,0.03703621555576592,0.38332877539298393,0,1.1082387197326935,3439.72,3,0.1440813419851577,0,0.24825098704537726
S3,Office,55.03,9,13,0.02132203490700009,0.06891217992788135,0,0.9504620954185248,2652.22,7,0.09626886981852406,1,0.1406010612859717
S2,RawMaterial,42.18,1,10,0.003796136096291281,0.5245930879586429,0,0.9890605593857675,3406.1,1,0.12138213103285803,0,0.3873232650326446
S3,RawMaterial,34.97,43,3,0.048853561997189224,0.597041446834684,0,1.1292702969912862,1107.7,0,0.019786498908556542,0,0.39430950812853854
S4,RawMaterial,67.85,9,12,0.05742809642273129,0.7351768501606796,0,0.837847815363657,1434.93,2,0.1023899381403837,0,0.5440488247375128
S4,RawMaterial,72.35,23,9,0.08970027943777119,0.339461488682953,1,1.0709137297861218,4673.89,1,0.13966549640028894,1,0.2948726913268175
S1,Electronics,88.39,43,14,0.0882092978748994,0.590531499603181,0,0.8859937547003996,4649.77,9,0.08100723622991439,0,0.48078168912437835
S2,RawMaterial,40.81,45,1,0.042468515847225496,0.7341473396604719,1,0.8250605724306066,3757.48,1,0.028022957029546384,1,0.4603718156933079
S3,RawMaterial,79.28,2,1,0.04235779290034622,0.762035148910024,0,1.0649991382364246,1971.71,3,0.07903328410875021,0,0.47707128435897533
S1,Office,60.52,14,1,0.01611228967158337,0.3016418464500371,1,0.848564901189249,3419.78,5,0.10604114910892325,1,0.1929616519143544
S2,Office,89.46,38,7,0.025744898784259087,0.06770393017812504,1,1.0988029035210065,3595.06,9,0.11546827486460967,1,0.09834582774215275
S1,Electronics,57.5,40,13,0.09256635763208915,0.03761947755155426,0,0.881082156502087,2818.02,9,0.07855530148979759,1,0.14319873667770217
S4,Office,56.59,18,5,0.014103601093520213,0.7680602846925837,0,0.8194048081431409,3868.37,4,0.032605203632797515,0,0.500781536857892
S2,RawMaterial,62.01,16,6,0.09686995467436516,0.3854389171812458,0,0.8397189859969942,633.61,3,0.1390033182868121,0,0.30318147956819985
S1,Office,77.44,29,13,0.050473855021519645,0.13394266280335154,1,1.1365080994983627,1652.99,7,0.11604261246800357,1,0.18836489704560966
S1,Electronics,96.82,44,14,0.04566067747668311,0.1844889355212722,0,0.9483872865361097,4075.03,4,0.0406032600926406,0,0.22439156455576825
S3,Office,16.62,11,8,0.01746383806863545,0.7661504748031235,0,0.9209066565469671,4724.15,1,0.12177193760945615,0,0.5220722934453218
S1,Office,14.81,6,14,0.06615412504824808,0.5989020006907649,1,0.9964795278850106,4442.4,3,0.052179397427708864,1,0.47918743792893337
S2,Electronics,94.38,3,13,0.04598455183622479,0.5014031661635708,1,1.0531730275400337,3724.22,6,0.04686470170025711,1,0.4074944081061528
S2,Electronics,57.69,14,2,0.037066306791322126,0.6230075856245326,1,0.8148408981252389,1244.74,3,0.1294614941020716,1,0.3992101576978305
S3,RawMaterial,65.34,2,13,0.026451621858529197,0.1374995541574241,1,1.1592754053802126,2159.24,5,0.13098528102256818,1,0.18329236190915607
S2,Office,53.42,32,2,0.006648680301487198,0.31904224291015704,1,1.1833925459281587,725.96,1,0.05977221042284687,1,0.20770566412225466
S4,RawMaterial,18.43,31,3,0.05193281165510958,0.37406351738507215,1,0.9669227264619477,3379.38,8,0.0013384207622346765,1,0.2614465253561476
S2,Office,79.13,11,13,0.03129083330586368,0.3144977693797888,1,0.9650515610061827,2524.38,3,0.02798484320999878,1,0.29094305447677526
S2,Office,77.25,22,3,0.07078652030027721,0.8644163121349362,1,1.1514239685057885,3078.55,0,0.1363944492336838,0,0.5613143147996164
S1,RawMaterial,38.05,3,13,0.07235223567491525,0.5814211446526173,0,0.971724719254979,4907.09,2,0.13481240055825866,0,0.46341550035118784
S1,Office,37.56,31,3,0.033210701153779644,0.7293214074838936,0,1.1424759739245853,2310.14,6,0.06800171221401714,0,0.46898462626504145
S2,Office,85.41,33,4,0.0669120683566761,0.23670608987569652,1,0.8113347777957552,1880.2,9,0.045617506091381786,1,0.1906687030038493
S3,Office,16.51,24,3,0.02586752402794943,0.2640740372957504,1,0.9958602435071859,1177.72,8,0.045412243815775744,1,0.1876332510144065
S1,Electronics,89.3,1,2,0.07271737262421529,0.22533598307814628,1,1.1809716179089444,1146.24,5,0.13457922039428072,1,0.17130251591986664
S3,RawMaterial,33.1,44,9,0.0016077145545221995,0.6879795776455575,1,0.9011218634922691,2833.58,3,0.048709996646327476,1,0.4775557752394054
S2,Electronics,63.37,15,6,0.015160876698531278,0.3490409956905184,1,0.9064619281809726,3871.53,1,0.07673703896101643,1,0.25683000328101324
S2,RawMaterial,94.24,37,3,0.024500866190743622,0.4050841324041631,0,1.052049195485051,3040.08,8,0.10965165758893468,0,0.2718293107282923
S4,RawMaterial,71.03,27,9,0.07729354869865064,0.709121607838861,1,1.1704763533283868,4429.82,7,0.03142215624141282,0,0.5129467435986261
S1,Office,47.3,38,4,0.006637625308440854,0.9717987018832055,1,0.8794968965158573,1921.43,6,0.03807586223788404,1,0.6136419372938842
S2,RawMaterial,72.06,48,4,0.018805714371553095,0.16187531373331798,0,1.1686604103403122,3177.71,1,0.05370928396426902,0,0.1313383311228853
S4,Electronics,40.96,27,8,0.03586241055051941,0.06267626823480343,1,1.0652014976459523,3475.59,1,0.0981335084021085,1,0.10550734124889502
S1,Electronics,34.95,44,7,0.0009174994152910898,0.19484593196746092,1,1.1972189257044215,1763.11,7,0.12262359767194918,1,0.16718280900506388
S2,Electronics,99.7,12,7,0.07621209753744086,0.7349606849632783,0,1.0945835385810523,2283.37,8,0.08200586449964993,0,0.5138400402391993
S2,RawMaterial,77.57,3,10,0.05601051496721346,0.19462729104901633,1,1.0671202162869222,3159.23,8,0.01993931049744355,1,0.20500810054814528
S1,Electronics,68.02,30,7,0.09006793870200173,0.5843524026248863,1,1.1259612687839864,594.19,7,0.06693682846045816,0,0.4276318231855323
S1,RawMaterial,41.98,32,10,0.0031031032544945438,0.5903165364989821,1,0.8700561277161171,4489.75,0,0.019153608318479096,1,0.4265494243043091
S1,Electronics,14.42,23,11,0.027139068376632026,0.2944231002970811,0,1.1783942452133398,999.79,4,0.013244575450004297,0,0.2633670092626668
S2,Electronics,12.8,2,5,0.07312516574367021,0.06872627987662872,1,0.866238203510425,714.01,6,0.08844251547771717,1,0.098887603363364
S2,RawMaterial,59.88,7,7,0.06751494194489745,0.3992005174516047,1,0.8102681479585817,1467.66,9,0.14343181676968844,1,0.309774793054432
S4,Electronics,78.58,34,4,0.024305744060470792,0.1867854222565356,0,1.0791427364790969,2760.43,5,0.1256417750001089,0,0.14793440514349118
S3,Office,58.36,32,8,0.05956877349680622,0.18447321026652408,0,0.8738381704515334,1979.14,0,0.11617068938137394,0,0.18569741535181344
S1,RawMaterial,85.67,39,9,0.07937576531077538,0.522588871028741,1,1.103501271852754,2480.66,9,0.10905839487980006,1,0.40165176649619144
S2,RawMaterial,13.01,32,13,0.003338070333461474,0.6731211380977535,1,1.118015591192951,879.22,5,0.13456917857035464,1,0.4977312468158334
S2,RawMaterial,43.01,43,12,0.07176283968694148,0.075415052266528,1,0.8946796962621573,1548.97,3,0.11292526262141664,1,0.15249216898028495
S1,Office,31.34,43,3,0.025209706511397558,0.5783213986425009,1,0.8346881322300845,939.47,2,0.09403160179511572,1,0.3759843225674912
S3,RawMaterial,50.25,14,7,0.09478512885341324,0.24620164344846074,1,1.00032838651152,1533.68,3,0.05470201204105805,1,0.2261565247251004
S1,Electronics,16.51,3,12,0.05382202213611084,0.6732980610196827,1,1.1560874042273164,3664.89,7,0.015141583478968912,1,0.5058397289669285
S3,Electronics,95.87,46,10,0.003338618263128113,0.8102158362023667,1,1.1389164404117516,3088.81,5,0.06915500457660155,0,0.5585596586289299
S2,Electronics,30.09,32,9,0.04034306187825553,0.8070136356658838,0,0.8468329826001075,2002.87,8,0.1387176354218051,0,0.5605968142487212
S3,RawMaterial,93.01,43,1,0.09663118582194857,0.3698613582407343,0,1.1859133058074114,1675.52,4,0.08746503980627289,0,0.2580490278338823
S4,Electronics,48.33,36,2,0.07303729932442136,0.5672696738775443,1,0.9055796781549472,4988.88,8,0.027675626984270035,1,0.3765587084095673
S2,RawMaterial,98.7,17,7,0.03004790036864622,0.7936951838373802,0,0.9397564708092162,3955.4,3,0.09735349627212658,0,0.535231480413022
S4,Electronics,59.87,48,13,0.057526729431386626,0.06081026148047719,1,0.8596200972288526,4199.2,3,0.06981933511207566,1,0.14660131857484515
S1,Office,93.77,3,2,0.05991013556195962,0.6056243361723621,1,0.9511211862170584,618.64,5,0.13970701328744495,0,0.3956333566577194
S1,Office,10.48,10,7,0.002334816078321023,0.8365219838244456,1,1.054256442527872,768.14,9,0.024140986509300386,1,0.5526136351181637
S1,Office,77.34,47,1,0.0178833361249222,0.37235699790152643,1,1.002431304047134,3706.77,6,0.10680176227601437,1,0.23592205672124966
S3,Office,91.27,40,3,0.055177693831222785,0.4554081139812868,0,1.131015794025114,1363.25,1,0.10224036972102024,0,0.3112267479667103
S2,RawMaterial,22.57,18,5,0.04027525584906891,0.6987280685593499,1,1.0565203245027286,2415.45,3,0.1475312367782257,1,0.4670337036046163
S1,Electronics,18.65,3,14,0.019003781452016078,0.06788471186569878,1,0.9054177885797218,1328.75,7,0.0847368189927658,1,0.14643196155502408
S1,Office,48.21,39,12,0.07726687348641699,0.38563596042062553,1,1.022975212646733,1296.82,8,0.130736105390046,1,0.3402759240125861
S2,RawMaterial,94.03,10,14,0.048899488067876265,0.29571077022384895,1,0.8256764503552839,990.85,4,0.0037070906297146044,1,0.2920963085546723
S1,Office,58.81,9,11,0.030997314236684916,0.016994249587130805,0,1.0323162242977844,3174.17,5,0.018433795233619894,1,0.09806717259471254
S4,Office,57.47,46,6,0.016167734641574595,0.19597266123326007,1,0.9558655318161874,3826.86,9,0.05189078592697958,1,0.16529105998957128
S2,RawMaterial,22.7,46,13,0.06111633627916309,0.3958835655888493,0,0.8393593968223311,755.8,6,0.09289910957358567,0,0.3487221830942014
S2,RawMaterial,10.07,11,9,0.06662613026613709,0.19742870840057092,0,0.9229855811963127,1739.98,6,0.0673619017451113,0,0.20273077840589798
S2,Electronics,82.91,33,9,0.06695972165770953,0.6023983181945565,1,1.159234797040394,3462.66,2,0.030404437101988327,0,0.445812621699761
S4,Electronics,17.88,36,3,0.022028736028870278,0.44865260733630896,1,1.0344151789720757,2265.42,1,0.08838056098371518,1,0.2972287566390179
S2,Office,67.05,26,14,0.059533840722235214,0.0394812947733848,1,1.1613059395772205,3671.0,9,0.08500485890120442,1,0.14154892908070144
S4,Office,92.32,27,8,0.09054064648584276,0.27504026431251694,0,0.964321594789827,3916.53,7,0.07866712177812729,0,0.24932920967612013
S2,Electronics,28.78,38,13,0.03531876007629875,0.019476770379214026,0,1.191563439756035,645.32,8,0.01358341681660472,0,0.1151388331075609
S3,Electronics,69.87,22,4,0.02107669326418441,0.35813517989447596,1,0.9440076213992762,2213.87,7,0.13905382391343463,1,0.2497755444873695
S1,RawMaterial,17.08,26,7,0.0772149516020762,0.25911001774583353,1,1.1027218460582038,3781.13,7,0.08883829555521545,1,0.22863049612812297
S3,Electronics,64.34,22,6,0.017688294015945138,0.6881867821684616,0,0.9221612333920227,2202.87,1,0.03959876207979859,0,0.4610757003630034
S1,Electronics,24.75,5,8,0.025374872039489196,0.30740692559653227,1,0.8423962193799835,526.25,3,0.1031127285591781,1,0.24919947411262325
S4,Office,76.24,35,6,0.010064439431196249,0.375158664584364,0,1.133222638694248,2013.36,5,0.0476861986303331,0,0.2709716734371201
S3,Electronics,37.11,2,4,0.026787431607466928,0.7253339318632086,0,1.105032610748064,4426.94,7,0.07587840401616387,0,0.4718080171715938
S2,Office,51.71,35,2,0.041033506621497844,0.48091767590865286,0,1.1282516135273213,4783.73,1,0.05116976565884744,1,0.31514637181735533
S1,Electronics,63.95,9,7,0.006415786194299111,0.5564543785958399,0,0.9198778126742448,3022.32,7,0.13205910398065393,1,0.38579736301579365
S1,RawMaterial,25.41,49,11,0.08717089108973006,0.8413466637474486,1,1.0814646502403882,1878.62,0,0.14909708768023952,0,0.6095306941468166
S3,Electronics,76.75,18,13,0.051367479221668566,0.20688830545736836,1,0.887969139099426,2597.29,5,0.024177309799184803,1,0.23240036989806445
S4,Electronics,37.24,43,11,0.05881036318885305,0.9891855285275903,0,0.8045246145045939,1562.92,7,0.00353684258348953,0,0.6897258546446385
S3,Electronics,69.61,12,4,0.03712857564334544,0.900105091840394,1,1.1465955102542673,1256.57,7,0.03289837604730637,0,0.5797730563686686
S4,Office,24.25,3,13,0.06698352295539119,0.286552828601061,0,1.0094101948223972,2720.91,6,0.08849279746464202,1,0.28488389690439686
S4,RawMaterial,71.93,18,9,0.04317817358510308,0.89293841762056,1,1.1934613349928354,3815.08,6,0.026092670936629956,0,0.6130022169335811
S1,Electronics,21.54,38,9,0.07613137745392451,0.7539561582968135,0,0.9540142779614987,1501.09,9,0.121722663690923,0,0.5394988224999797
S3,Office,48.28,7,7,0.08214021435154073,0.9307564719621517,1,1.182749202795788,4592.92,8,0.06130058651916636,0,0.6330959474827533
S3,RawMaterial,32.25,33,5,0.06718491118865227,0.6911351881257458,1,1.0460229053890238,1257.02,1,0.09157991110711942,1,0.47055087194632883
S4,Office,77.35,6,3,0.04913356191742305,0.6744773829841586,0,1.0048820287347453,3012.85,0,0.06834267624342884,0,0.44085506979429345
S3,Office,33.58,18,3,0.07822693506022277,0.003464409097531318,1,0.921123841271899,3993.72,1,0.13549918824284304,1,0.046975297405157046
S2,RawMaterial,89.35,45,9,0.04942853114048491,0.4746115286750564,0,1.1301105365090964,1460.25,2,0.005270300559341667,0,0.3638811908328936
S2,Electronics,90.26,22,9,0.011150990436956876,0.20026860617842301,1,1.1315178985484493,1834.0,8,0.10939528434848994,1,0.18779217512385515
S3,Office,27.68,39,12,0.01163402232441062,0.3240814591690073,0,0.9667718128814046,731.68,9,0.09782582000112999,1,0.2836533679130133
S3,Office,65.25,9,13,0.09485831396330013,0.9788156339963415,1,1.0909172567775913,4747.77,6,0.09742725464786399,0,0.7086040174439378
S4,Electronics,17.89,35,11,0.021356300845787615,0.08550195782617664,1,0.9788951743113088,2691.37,4,0.062098408955730766,1,0.13627949352087085
S2,Electronics,45.24,23,4,0.08159249910219764,0.7224864704537926,0,1.0958637177866706,789.38,4,0.002351284271384629,0,0.4865410605743634
S2,RawMaterial,74.2,12,11,0.024670540727502854,0.17294484187087322,0,1.1976760626874499,4235.57,5,0.10338610829519367,1,0.18973949591220335
S1,RawMaterial,69.35,24,1,0.04307800938568164,0.007401339496148296,1,0.9049985255056446,3062.05,1,0.124420681921238,1,0.024507063656250612
S4,RawMaterial,66.22,40,13,0.06549481120981442,0.5014187088479004,1,1.0536209828718923,748.78,0,0.012784546648102219,1,0.4133568115288274
S1,Electronics,35.43,9,10,0.015886717289590412,0.1612152987596931,0,0.9519511860426253,2529.03,0,0.06624262563659529,1,0.1729237658712644
S2,Office,44.02,13,5,0.07372464883638775,0.9654662559815771,0,1.0193486254594013,2454.81,2,0.024389228092058127,0,0.6371114339541483
S4,Office,19.27,40,14,0.06899129725565382,0.20369673710929614,0,1.1496589121186649,1157.37,0,0.09164066796444124,1,0.24291543144227384
S3,RawMaterial,74.71,42,8,0.054308288910578296,0.19203527403486786,0,0.9390303477778619,2391.68,8,0.11784073145385549,0,0.18865650823695135
S4,Electronics,55.35,17,10,0.056588975604243245,0.03216692466083815,1,0.8289553208564946,1772.63,9,0.10000598473911095,1,0.1077054189063473
S3,Office,73.79,7,4,0.010577179352159039,0.3298196386789113,1,1.1195748740971836,3649.74,4,0.04770901057288282,1,0.22963636558442305
S3,RawMaterial,32.4,17,10,0.04359491504351223,0.024111674928999127,1,1.0220099420812938,524.71,8,0.02095990542485757,1,0.09897405089902458
S4,Office,39.2,24,10,0.00865713953576246,0.49888663524312704,1,0.9797603788568268,978.69,4,0.11914022190756933,1,0.3733576944351764
S3,Office,40.08,2,4,0.030786329103351065,0.5056106428274088,1,0.8733332187583711,4633.92,0,0.04858752877390382,1,0.34117371299887916
S1,Electronics,12.32,35,13,0.09003121410906335,0.053243287063985956,1,0.8371410926818339,2450.0,6,0.0033209747616639194,1,0.15181247932825342
S2,Electronics,40.69,28,12,0.05745334005547921,0.24006227698741622,0,0.9114942238498215,1292.82,6,0.08571318215238762,1,0.2469876539233792
S3,Office,82.3,19,14,0.07427034381526816,0.8321064851443517,1,1.0875617053390207,4069.52,3,0.03700159653500675,1,0.6215449942311915
S1,RawMaterial,90.76,33,9,0.05738858673758923,0.46254477292536644,0,0.9647083714560655,4332.17,2,0.12618089975372654,0,0.3590291540622109
S3,Electronics,56.64,21,9,0.01942367580066491,0.43461004158577166,0,1.0280910349542485,1450.46,0,0.02148828065861678,0,0.33087884197737677
S2,Office,51.0,10,7,0.05948083157798915,0.6987769473617982,0,0.8328182214651924,3711.2,6,0.06522012735888755,0,0.48711041789047566
S1,Electronics,12.77,46,10,0.07553880773055249,0.7148819434892723,0,0.849297217411768,3268.11,4,0.037969530541651766,0,0.5230193798413005
S2,Electronics,89.13,45,8,0.01384050028670275,0.7619626007956865,1,0.8045223323574358,3852.76,9,0.1034402428831622,0,0.5184725677062798
S2,Electronics,11.17,9,12,0.08169067100945848,0.8304823250861944,0,1.069313780219626,4045.54,0,0.08227963640361323,0,0.6085108820688399
S1,Office,95.03,38,12,0.05553921789782959,0.23225064640236948,0,0.9057818089953681,3474.21,0,0.1186481578872894,0,0.24172643892505627
S1,RawMaterial,54.03,6,4,0.00042752021687813006,0.06638060727935102,1,1.1867706343332647,4802.98,2,0.06879188628354782,1,0.06852804900410263
S1,RawMaterial,40.77,42,8,0.0519778486337977,0.3802648786133209,0,0.9233823241308782,4389.02,2,0.0007212647316593379,0,0.300895138900989
S4,RawMaterial,93.18,35,14,0.03956714921368296,0.8550979106231523,0,0.9454472155464044,1530.37,1,0.032279472080924354,0,0.6249288911379962
S1,Electronics,12.2,18,6,0.029644651128998757,0.07802866428556798,1,0.9877959325790838,4611.05,7,0.14987356622914103,1,0.09856773676718328
S1,Office,62.33,19,13,0.07712572199178752,0.5759537988029502,0,0.9276562995168771,2118.19,7,0.06080174839642653,0,0.4615671387364492
S1,Electronics,59.4,5,3,0.0899499883658851,0.7010829491413934,1,1.126977288750865,3769.44,5,0.09303526618293383,0,0.46906333742317297
S1,RawMaterial,29.74,25,7,0.07626530893451103,0.4814072132822972,1,1.150482723999193,4316.05,4,0.13573974120881357,1,0.36172392064973163
S3,RawMaterial,48.6,11,3,0.08467725815908733,0.25517544360660804,1,0.8044144316833238,2463.67,5,0.0030786273217632662,1,0.19993701504026246
S4,Office,68.7,10,11,0.09087809432111732,0.32630948182336295,1,1.061864651424553,731.79,0,0.0989411094596093,1,0.3016205459617815
S2,Electronics,75.44,17,7,0.09126293113764777,0.07165209798358607,1,1.0744353119595929,4773.48,1,0.04325654609676551,1,0.12037013813144598
S1,RawMaterial,10.06,36,5,0.011463814299675745,0.2925835473386801,0,1.1845699506392324,826.16,6,0.04188723830286472,1,0.2147035584073965
S3,Office,94.32,26,4,0.04563854888871615,0.0443780075612743,1,0.9481596789071947,2066.49,0,0.03372771048724603,1,0.068889797774808
S3,Electronics,24.81,31,3,2.8647439291029644e-05,0.7263249981339686,1,0.8781119873390769,3184.01,7,0.12340938244367397,1,0.45723216454073984
S3,Electronics,31.02,32,8,0.05064625847036726,0.8979952785116864,1,1.0082324278168735,1028.92,2,0.05594215986697417,1,0.611133901790979
S2,RawMaterial,33.71,21,4,0.09242439343437908,0.633513128453593,1,0.979022273831356,4271.93,3,0.01006748073906386,1,0.43640662367389804
S1,RawMaterial,13.4,18,8,0.019910229039817342,0.6567032229331867,1,1.116692586241623,1415.4,6,0.014527673682474467,1,0.45713785961471437
S4,Electronics,21.07,18,10,0.06397866287665797,0.4721423371403862,0,1.161590176494216,4937.02,9,0.02229215440302031,1,0.37390757257580054
S4,Electronics,98.77,1,3,0.06443790464178938,0.15603644920510806,0,0.834683211054572,4623.95,6,0.13483913808763878,0,0.13438181234417307
S3,RawMaterial,38.37,14,10,0.016035398468777298,0.0077251412533696495,1,1.1386317914595634,3220.5,1,0.06411651397610137,1,0.08087427572122642
S2,Electronics,20.38,8,13,0.023852743931746037,0.34397599761057107,0,1.1635883512885967,3470.05,4,0.13740740093992812,1,0.3063985646030093
S2,RawMaterial,19.63,2,9,0.04620217839602411,0.7514885573709561,1,1.169654351305743,2901.23,7,0.12262192091431866,1,0.5290395022270952
S2,Electronics,74.75,15,6,0.018820937645434545,0.9604315793155815,1,1.105723943540482,2259.97,8,0.1256823931886772,0,0.6247623717401221
S4,RawMaterial,86.91,34,5,0.05849939785245091,0.43108492574189905,1,1.096833024361631,2082.69,4,0.0430247716697749,1,0.31191506051516044
S3,Office,33.13,36,5,0.04845417310222691,0.365391012333533,0,0.8059587100009692,4512.45,1,0.04069716190643036,0,0.2694851450450736
S1,RawMaterial,11.88,1,13,0.05191981785123732,0.44595850633138123,1,1.1680766489959313,3094.79,3,0.0840102569756742,1,0.3760081920113428
S4,RawMaterial,30.08,21,3,0.013446755282055523,0.42777489580419314,1,0.9406020855235107,4204.82,4,0.06268874429849261,1,0.28212753549570396
S3,Office,15.09,42,2,0.05172518254386435,0.625879832998645,0,0.816448758646957,2813.32,5,0.076359103245052,0,0.4053311688480606
S3,Electronics,19.31,1,6,0.004947819105413931,0.7341473970980933,1,0.9651917240426071,1881.61,5,0.007980630278654921,0,0.48482992684762305
S1,Office,48.84,32,11,0.08815352980116817,0.7849580232545802,0,1.0931410533082198,912.92,0,0.1457385286893792,0,0.5759923014645272
S1,RawMaterial,30.69,20,1,0.034324969080559244,0.6496048094347479,0,0.9767820806500385,1956.64,5,0.008725321176018468,0,0.4072032335278736
S1,Electronics,56.44,47,14,0.08563373248357076,0.4377239587873579,1,1.1032044357888662,4460.53,9,0.0268246946492831,0,0.388324495017486
S2,Office,32.81,36,7,0.07016563687448439,0.9501037555515385,0,1.0037637707644944,3703.83,0,0.1017300787252887,0,0.6411119443932685
S1,Electronics,94.65,39,5,0.0766172589297181,0.7110196963712663,1,0.9197708592507808,4036.23,4,0.02332523275928747,1,0.4853112812159609
S3,Electronics,91.53,30,4,0.03145444945389227,0.42665804084617753,0,0.8811649376614131,3980.45,6,0.016030489156168354,0,0.29400258791530276
S1,Office,61.01,7,9,0.022774393983405517,0.4465817770955044,0,0.9684413181414769,1039.88,7,0.02304305720563832,0,0.3390670987380386
S3,Electronics,41.9,22,10,0.040674055384111486,0.8179808499290154,0,0.8143213806855741,1214.87,4,0.009288036482461364,0,0.574419298001214
S4,Office,44.3,45,1,0.002422586241279934,0.4405408877224377,1,0.969017561999363,1927.58,1,0.037697811038751645,1,0.2721941656487037
S2,RawMaterial,47.07,10,11,0.09187556768683496,0.5162736227790912,0,0.8274480387058498,1854.63,2,0.040667890652222184,0,0.4158982725449337
S4,Electronics,75.48,8,4,0.03870142659661246,0.29155229191962406,1,1.1508018830963196,797.36,6,0.07479331313224825,1,0.21511323170218674
S4,RawMaterial,50.65,27,3,0.09885566048435651,0.8389148338852985,1,1.030192412739005,1190.62,9,0.06580837758071625,0,0.5544341699050575
S3,RawMaterial,87.11,10,6,0.0761449420807413,0.52228548030332,1,1.0584171851721038,4353.04,3,0.07105701227232676,1,0.37907191366335724
S4,Electronics,94.97,14,5,0.008051500979931047,0.5525359383894278,0,0.9155455961774441,3150.7,0,0.09240592563133539,0,0.36965129904192173
S3,Office,40.24,46,7,0.06601882778425759,0.8806754027133988,0,0.8903284305998183,2040.27,2,0.03464421468743157,0,0.5982108899633166
S1,Electronics,60.46,11,13,0.027083916483795514,0.9205172678472096,1,1.0831620996693627,2869.15,9,0.020205619663784275,0,0.6532926785106072
S1,RawMaterial,18.56,6,1,0.024371864558138015,0.82419379666652,1,1.0686261932087298,1675.91,1,0.13183174179683152,1,0.5089706945102105
S3,RawMaterial,28.04,21,13,0.025656266990321287,0.06537041297730839,1,0.8490713825415861,3127.29,8,0.09509120093534269,1,0.13977627074062426
S1,Office,47.21,33,5,0.09160750486928171,0.4435091017801145,1,0.8954565532406683,835.84,0,0.009099494090219944,1,0.32930199824313894
S2,Electronics,28.56,19,14,0.04999801760713749,0.3433309391524254,1,1.178630314588084,4561.93,8,0.14415774748512303,1,0.3209979687735965
S4,RawMaterial,88.89,39,2,0.06694708988116059,0.21351478132911872,1,0.9216709702126191,1582.01,9,0.10396027534026132,1,0.16247871004753367
S2,RawMaterial,24.25,24,2,0.02809478257997007,0.9089538758457859,0,0.8103326041277528,4185.84,4,0.022755696313051743,0,0.5680864745671768
S4,RawMaterial,51.01,18,11,0.05229544551851182,0.8900689583145038,1,0.8255128203304327,3469.99,5,0.14537016475146008,0,0.6283014372156843
S1,Office,64.51,35,11,0.03501001382111898,0.4652978832832506,1,1.1101979187799733,2853.53,5,0.05481110148744496,1,0.36825316268771463
S2,RawMaterial,72.27,43,2,0.032113904039640075,0.1345608506728635,1,1.102862273826202,4684.08,5,0.14767651197971554,1,0.10465639590132442
S1,RawMaterial,44.48,37,9,0.024696884797021226,0.013365620331787453,1,0.9527309077735459,1205.66,8,0.015491344408993274,1,0.07971415192389314
S4,Electronics,88.22,19,10,0.04090068984934006,0.43846708056481876,0,0.8612803105777759,1036.75,8,0.023995382555324355,0,0.34677902672226474
S3,Electronics,61.15,24,3,0.0660030110630023,0.0399551485735431,0,0.9992420867672989,1948.37,9,0.09861293263122663,0,0.06520256389159798
S3,RawMaterial,49.56,34,4,0.0222043776067109,0.6095559419197601,1,0.9327554620881862,4236.0,6,0.003321519774910986,1,0.4009663070052979
S2,RawMaterial,16.05,22,5,0.09654439868773501,0.608408870880069,1,0.9495873391588704,658.41,2,0.0028034461827353527,1,0.4297229278486476
S1,Electronics,51.82,4,14,0.012461167646366667,0.8989394479174483,1,0.9043941416351853,1577.33,6,0.11879742483373505,0,0.6431020190443789
S1,Office,83.87,10,4,0.04802072077214364,0.1900491282893566,0,0.8251431650837834,2411.16,4,0.02516704976097305,0,0.15700712177668563
S2,Office,65.31,2,4,0.008502821635534941,0.371394242413544,0,1.11646371073688,3708.23,8,0.1378184988881411,0,0.25395882051021546
S3,Office,84.89,8,5,0.002266532106900998,0.8595453887842788,0,1.047288329931941,1846.91,7,0.06388442432570575,0,0.5521214786169233
S4,Office,54.46,33,10,0.09226773196983634,0.474296502490115,1,1.133854049507835,2516.51,9,0.13104785314489134,1,0.38368679251359133
S2,Office,20.66,38,9,0.08103847939506342,0.05972328897194423,0,1.001280790953437,2015.83,5,0.06266453761297927,1,0.12443123148739986
S4,Office,11.23,43,12,0.06941553731255583,0.11078391159552858,1,1.1939946556420413,914.27,4,0.079534500745821,1,0.17300929386536962
S3,Office,37.29,28,9,0.08651908131499447,0.8134545715784511,1,1.185009963761842,3824.04,9,0.047477124251461916,0,0.5783141816272833
S1,Office,72.82,10,14,0.08028484229697286,0.743697430028513,1,0.9087133948386169,2576.21,1,0.09871146266339027,0,0.5703039107061996
S3,Electronics,81.12,45,14,0.06472377209863922,0.8758815171667919,1,0.9547907694138364,4156.3,2,0.04773017489145992,0,0.6449460419296669
S2,Office,36.62,1,6,0.08473423257683693,0.11886116590914375,1,1.1010837651883039,3626.12,2,0.03347551467750739,1,0.13959411217568019
S1,Office,54.61,34,11,0.03908005534601053,0.7604167437965275,0,1.1106413847911103,760.17,3,0.012157096794405114,0,0.5465454914531482
S2,Office,47.9,3,12,0.05527518332351261,0.6551043649581891,0,1.1642796544960894,2750.34,2,0.008650402174177008,0,0.49535945968625295
S2,RawMaterial,46.95,9,14,0.07763106529786457,0.23229324114104277,0,1.0610535334409015,4958.85,6,0.04589615298034334,1,0.26266526427398507
S3,Electronics,30.82,5,3,0.008479801624634664,0.9739043855556111,1,0.9900483907652828,1885.42,5,0.11047100178738832,0,0.6083151432493284
S2,Electronics,22.27,42,6,0.0858645467162484,0.5703548191512311,0,0.9510606198618611,2718.31,7,0.030843009951542443,0,0.410829398362756
S3,Electronics,27.7,10,10,0.015683045569660502,0.9068779753971353,1,0.967671420558809,3434.15,1,0.044884117520924485,1,0.6202602703377508
S1,Office,14.98,12,4,0.08645412528975392,0.8590931342069864,1,1.140162060422937,1410.2,1,0.13577571277831857,1,0.5699635466825466
S3,Office,27.83,18,3,0.0311332871632927,0.3331254605226116,1,1.1920035374429578,3661.28,0,0.0958736243716981,1,0.23064383389112622
S1,RawMaterial,10.83,21,6,0.03267828459692185,0.5359568619868132,0,0.820763673967986,3469.0,4,0.13795835841329646,1,0.37423474542830737
S3,Electronics,66.45,21,11,0.007394868986970127,0.4313682994046717,0,1.0320978652161763,2187.32,6,0.13668390510054512,0,0.3396108689103226
S4,Office,38.47,1,6,0.08858996238957495,0.7090775702600757,0,1.0080215888244033,1779.98,8,0.009511602372853489,0,0.4948806737300607
S4,Electronics,97.58,3,2,0.017451040239086956,0.5880420045434277,0,0.9504569099392202,4635.96,4,0.14325139873925472,0,0.37234622908349696
S2,RawMaterial,27.43,5,9,0.06300499020370152,0.7848535330372413,1,1.1406305772104697,1071.61,0,0.007676693859188349,1,0.5540993311691694
S3,RawMaterial,41.12,25,8,0.06439675992535224,0.011752259597984538,1,1.0302972067579683,2444.14,2,0.138842837662273,1,0.08351324087925353
S3,RawMaterial,42.21,49,6,0.02811515034146459,0.6877932614145584,1,0.9252464248934111,3951.43,7,0.08201001549850738,0,0.46396764480831726
S1,Electronics,10.76,8,1,0.09856609574568044,0.31906515521965495,1,0.9776416153348401,1166.62,2,0.07997843743160872,1,0.22815177899835423
S2,Office,85.53,17,12,0.006416621811108492,0.22422213988941797,1,0.9427214229535553,4698.17,6,0.10698960939297285,1,0.22217255619126902
S3,Office,12.88,9,2,0.06078720109915184,0.8012413663586723,0,0.9720342430864447,2868.14,9,0.1318816906142595,0,0.5132666944306632
S2,RawMaterial,94.62,32,4,0.047954392745718916,0.08922121118818538,0,0.8285063161375819,2771.67,2,0.09255068334918853,1,0.09649047310805546
S4,Office,90.29,6,7,0.024548410714727464,0.2284600450991412,1,0.8447663264867687,2409.25,1,0.06380997806719822,1,0.19444055027390295
S3,RawMaterial,58.2,49,9,0.016355171132294646,0.20373434109977817,1,1.0494766733214438,4403.53,9,0.016783401447716024,1,0.19143287028526956
S3,Electronics,58.92,40,10,0.07370843581589864,0.4198254450597019,1,1.0736273509585754,4767.99,5,0.11838139588423179,1,0.34543636920916215
S2,RawMaterial,68.84,21,5,0.09163148744811865,0.322336784557261,1,1.0546481661067857,2210.31,1,0.01924402387062077,1,0.25660580268307787
S3,Electronics,44.83,7,10,0.010754626195472239,0.7204683171096702,1,1.1052301589588822,2940.77,9,0.10895487917988644,0,0.5069359495530151
S2,RawMaterial,68.25,7,2,0.01939802121060055,0.6993698806014765,0,1.1774136085910962,1919.4,4,0.07918874186730389,0,0.4397270490097804
S3,Office,14.03,47,13,0.09862697472955655,0.325470891106039,1,1.144247322757062,2156.08,4,0.05787538871371027,1,0.3177277699396332
S1,Office,14.86,39,11,0.0015022674237874624,0.4369807761457952,0,0.9674038317484974,627.5,4,0.09194795793800514,0,0.3412105744860419
S2,RawMaterial,51.15,27,11,0.050825196965292335,0.20790818417977297,0,0.8870172547685101,4036.71,5,0.11585341291118144,0,0.21856389816888006
S3,Office,59.47,8,11,0.051611285008181434,0.6708349004962706,1,0.9247408846405005,4862.0,2,0.14117094276759315,1,0.49655575437164534
S4,Office,89.9,9,1,0.026316152514577387,0.3962227401325755,1,1.0350965951781168,3962.87,9,0.039704532425669986,1,0.25277134697677567
S3,Office,19.42,28,10,0.06630288804436608,0.13282610444221532,0,1.1424833337830267,2831.95,4,0.14206952403175474,1,0.17101510050721047
S4,Electronics,84.04,15,14,0.09449409064270137,0.12726549191151126,0,1.080689649403019,4223.79,7,0.1441422068981688,0,0.20470752233971717
S4,Office,28.9,2,13,0.04502139309565772,0.3223206784211755,0,1.017205241907627,4360.46,3,0.12204457717195202,1,0.29975596783854547
S1,Electronics,45.47,7,14,0.07494195054011905,0.7473250286361958,1,1.0407513438240137,2950.35,4,0.13221557624135236,0,0.5708776023437532
S2,RawMaterial,38.49,47,1,0.06460702592714583,0.025504336131500382,0,1.0113044854913218,4717.21,0,0.10386412705757575,0,0.041827566599901125
S3,Office,46.01,18,5,0.047294186354171486,0.25777469318288215,1,1.188651004531852,635.77,0,0.005864582989692701,1,0.20456735753026645
S1,Office,23.54,22,14,0.004981229980320467,0.16248615888875728,0,1.126436580902224,545.43,7,0.08626178170580881,1,0.1989860643273505
S3,Office,55.32,10,7,0.07417498049572753,0.9564778213056149,1,1.1125108861604596,866.57,1,0.1120806844441158,0,0.6461391869320872
S4,RawMaterial,82.15,33,9,0.0363251447121463,0.7052816039710263,1,1.0069315947454929,760.36,9,0.14125547020595025,1,0.498352220081974
S2,Electronics,49.74,7,9,0.022449468840242095,0.23323268411894615,0,0.9327237830278166,2410.75,9,0.08556777705283104,0,0.21096016540915463
S3,Electronics,54.16,3,8,0.09482686497881705,0.2074605854361946,1,0.8078056377351043,4731.44,6,0.1191301017386075,1,0.210067267898219
S3,Office,86.39,14,1,0.0773502769547162,0.8580305453872766,1,0.817372009743888,3538.51,6,0.1057558076316741,0,0.545166267461638
S4,RawMaterial,73.55,44,5,0.09622686816769366,0.1902266964164131,0,0.812095170064978,3467.54,8,0.04212043328213728,0,0.17871836401444166
S3,RawMaterial,54.14,46,6,0.025621693216559008,0.9970592001972269,1,1.1921907067110902,2231.99,0,0.023209211272703784,0,0.6487791709404467
S3,RawMaterial,33.19,36,6,0.08357933275778873,0.2823031200113997,0,0.8457929353871563,2901.95,1,0.11263579930168505,0,0.23731281469131926
S4,RawMaterial,89.64,13,4,0.06077214042619692,0.08433271486953497,0,0.8568475411903232,1868.79,0,0.03506525417692611,1,0.09740269962100863
S1,RawMaterial,61.93,16,1,0.09815036893032197,0.6909418940168581,0,0.99365999498324,2830.27,0,0.03670373319452114,0,0.4511531042320686
S4,Electronics,29.9,16,3,0.09463169456136573,0.6096427925841738,1,0.9925604667572636,3859.97,3,0.09659193580509713,1,0.41560375534748534
S1,Electronics,34.22,5,10,0.09729680449427025,0.9998221653614567,1,1.1679895069140276,3014.12,7,0.11836026960442926,0,0.7005109119937265
S2,Electronics,82.28,25,4,0.0951767618339942,0.8020857443719751,0,0.8294130926691693,2384.92,9,0.08734981392918544,0,0.5383759037448119
S1,Office,13.97,38,4,0.0007660866890438989,0.4288365331332391,1,1.1828956660626795,4302.15,7,0.1327474730818607,1,0.2861031744580852
S1,RawMaterial,99.29,38,13,0.07410854101506895,0.6766114481630836,0,0.8865560953364036,1793.49,8,0.031716490387601166,0,0.5210565740595137
S2,Office,21.73,38,4,0.027193456120964177,0.817849453603352,0,1.1880615237219332,2666.69,1,0.037862164431110935,0,0.527439137569729
S1,RawMaterial,81.65,39,14,0.07050270955525281,0.5137265254432951,0,1.0165296395210464,4901.66,6,0.09554332562361667,0,0.42938672813255285
S4,Electronics,45.53,48,5,0.09806112012539087,0.2728714507352116,1,1.060805098372412,4852.95,3,0.12440522769274454,1,0.22885549219302992
S1,Office,54.3,41,13,0.003935939069875882,0.21010564228636963,1,0.9262915090642589,528.28,2,0.08090277025173502,1,0.22010130994992738
S2,Electronics,89.26,26,11,0.05669878324393505,0.2952814366136144,1,1.044729580439838,2895.05,3,0.001557235995381928,1,0.2727499255127777
S4,RawMaterial,47.16,13,9,0.07349531581167694,0.8480687816698051,0,1.084331911959759,2016.14,3,0.10154146938104117,0,0.5951755780311004
S2,RawMaterial,58.37,44,4,0.02533587822148069,0.3804323724887353,0,0.8041480669169223,1810.51,2,0.12203736495269021,0,0.26443161553111394
S2,RawMaterial,14.44,26,9,0.022512193706714246,0.28666415856631744,1,0.8136913700726817,3183.13,8,0.04148154418439611,1,0.24303786753751905
S3,Electronics,10.21,1,9,0.0060345505401881,0.805887227795081,1,1.1945908047753195,2508.37,7,0.008129734332340115,1,0.5496284161248193
S3,RawMaterial,32.03,8,1,0.009391985716807561,0.031920341774543504,0,0.9830228419571262,3797.79,9,0.07769279671613223,0,0.02911265792262551
S2,Electronics,71.25,4,5,0.06567499108483615,0.5939582709303421,0,1.174327010174622,622.1,1,0.006323283052643014,0,0.41179174559794185
S2,Office,20.91,21,9,0.05052106190319509,0.8736318031862716,0,1.0919590467266675,4671.01,2,0.06240251158728665,0,0.6036211147684358
S2,RawMaterial,20.24,22,4,0.0030072227481945935,0.4100837490556074,0,0.9491873231869541,3054.17,9,0.002672676670544316,1,0.27552384482925135
S3,RawMaterial,46.99,37,5,0.09696617587527659,0.26931816135928444,1,0.860336801863412,3578.3,6,0.03374500843619047,1,0.22639503529243934
S3,RawMaterial,68.31,49,4,0.06560458694888051,0.4917090694359564,1,1.1912606932200847,3220.64,4,0.058323367783036484,1,0.3432782463176665
S1,Office,74.09,3,13,0.05154685690160084,0.7174771676920794,0,1.0337985028393548,4951.09,0,0.01675588346178868,0,0.5388075005428707
S1,RawMaterial,26.06,19,2,0.027272423662642334,0.5166055630351994,0,0.8769426493474,4938.34,0,0.017123385598302485,0,0.3324307792056267
S2,Electronics,17.16,1,10,0.06580988848075033,0.00763899462577311,1,1.0726611921178988,3244.51,7,0.12405926104884388,1,0.0957549347482604
S4,Electronics,94.64,29,2,0.036416786288271275,0.07832455610801592,0,0.8368194039321352,3577.83,5,0.006213580013609926,0,0.07220548383700522
S4,RawMaterial,33.46,23,2,0.07024941626624896,0.7213284230897014,0,1.1472149118960637,3283.56,3,0.10334493730104687,0,0.46815759301940973
S3,RawMaterial,86.8,33,13,0.06825719203067641,0.3999513348754986,1,0.8360549389021357,1898.06,2,0.12217230740240273,1,0.35330510139164495
S3,Office,87.71,41,1,0.009274379512412934,0.7847758312702351,1,0.8944777433164676,1366.76,8,0.01960835312034584,0,0.48079066975872203
S3,Office,79.53,23,3,0.09092607083109917,0.649489914105909,1,0.8365723221709502,2312.43,8,0.029305610177020894,0,0.43840034114144655
S2,Office,25.2,5,14,0.04869742516016813,0.5815158343218788,0,0.8415148867397864,3572.41,3,0.0962239952392544,0,0.46351872814117767
S4,RawMaterial,83.96,7,11,0.039294493896655396,0.9013751683784113,0,1.009533661463673,751.9,7,0.04734699191148284,0,0.631184877767472
S1,Office,79.23,6,10,0.09554621436287786,0.02132207348071269,1,1.0747959210237568,2814.37,3,0.07146346068523503,1,0.11288567982586241
S2,Office,63.71,49,1,0.04382092811112116,0.1550343613978017,1,1.1153927133383814,2337.79,7,0.1254004062419598,1,0.11330975241487451
S1,Electronics,40.35,22,4,0.07212209169030645,0.6243759554919758,0,1.0780221158408374,2873.68,6,0.020697475707643475,0,0.424833629373706
S1,Office,33.63,49,1,0.06551364772498362,0.06582804655009544,0,0.9453959248144284,4371.02,5,0.0929478782857059,0,0.0662937793904095
S2,Electronics,20.97,13,4,0.016514009808305665,0.6449704850606913,0,1.0229151148188214,714.25,6,0.14135965834212,0,0.4205079225503351
S1,Electronics,55.88,12,3,0.0991142773743137,0.9841210770252677,1,1.1710656297712922,3936.31,5,0.00861999445307558,0,0.6416355008560262
S4,Office,62.67,4,9,0.04636043222908867,0.8788080989945338,1,0.9550306463016223,3501.09,5,0.00900101474771418,0,0.6054787033511612
S1,Electronics,42.34,8,1,0.03947825724173085,0.5909169240254285,0,0.9009617476112495,1417.32,6,0.08321135589264557,0,0.3735364887306335
S4,RawMaterial,52.78,37,14,0.09196134927532301,0.8939766743059622,1,1.0077277422243682,3803.83,3,0.14401136941414938,0,0.6639744093661742
S4,RawMaterial,42.72,31,8,0.05292383365771101,0.11626815126626522,1,0.9189340847368392,2733.67,4,0.03307104635501832,1,0.14278089799992957
S4,Office,67.69,37,11,0.07050769619293124,0.45469416492556414,1,0.9047268207847504,2664.61,8,0.04961879545743007,1,0.37254023638464645
S3,RawMaterial,91.11,45,9,0.08462460472620109,0.42867611581207576,0,1.1115213205013053,2673.82,1,0.014797196182181048,0,0.34687876519082006
S1,Electronics,24.75,26,12,0.023549439572451838,0.33644758699299104,0,1.1563343429590143,4771.55,8,0.05433708456552747,0,0.2946476697818159
S2,RawMaterial,44.33,43,7,0.016946658519452953,0.00020139813431041542,1,1.0009266730995807,4749.64,4,0.006649872003011992,1,0.05520483643642214
S2,Office,22.68,8,1,0.006850680559100597,0.8910290186112522,0,1.1119131527869432,4611.24,9,0.05836409966171147,0,0.5438154724773386
S1,Office,66.24,40,4,0.08971332992460654,0.777706610152795,1,0.8748357704788965,4490.34,0,0.08332316624130463,1,0.5221093936404875
S3,Electronics,75.6,33,10,0.020036709474314875,0.6528575155997888,1,1.0190572052143392,669.15,6,0.1462507240026392,1,0.4691540936307391
S3,Office,93.87,45,1,0.03077540440643939,0.12896684385163404,0,1.0544799770822664,2302.68,4,0.12275819694629249,1,0.09375558477576938
S4,RawMaterial,35.1,29,4,0.02858069260789511,0.3782051336915041,1,0.9962656671267088,4526.95,2,0.12330981161630238,1,0.26406871656869957
S1,Office,95.52,5,3,0.03045879875223949,0.9243269973678312,1,0.8467520865392786,3898.07,2,0.03422164868582957,0,0.585162409474942
S1,Electronics,15.69,28,2,0.06680611268287184,0.6169296050695466,1,1.0936400927276309,2554.97,0,0.013085205325326765,1,0.40448531113230385
S2,Office,64.27,40,1,0.09541135587405383,0.603410536526025,1,1.1356312708757996,3979.64,6,0.09046120561563653,1,0.3978125858206883
S1,RawMaterial,15.14,17,6,0.03294534359575404,0.9131265747570346,1,1.0540905019925835,1436.84,1,0.07817072925836512,0,0.6006166907900897
S3,Electronics,90.44,23,12,0.04076471546586968,0.5598337248996377,1,0.867664400646731,3199.1,7,0.0774755814866447,0,0.43384393529382925
S1,RawMaterial,57.68,45,7,0.07711469841086112,0.5976232485569792,0,0.8298209759394173,2898.49,3,0.016351197930106476,0,0.4317083586574459
S2,Electronics,70.24,9,6,0.043233794418768595,0.3457156944762173,1,0.9206415632697915,3080.96,3,0.07408273413949887,1,0.2632566978685038
S4,Office,84.84,2,9,0.09260427679260474,0.3714409292323716,0,0.8147960447401679,3748.08,4,0.02255336108993525,0,0.31493155486291863
S2,Electronics,23.53,32,12,0.05032180507452166,0.6856068624141526,0,1.1356876041811734,4774.11,8,0.06331718905677573,0,0.5121749446851338
S2,Electronics,13.47,49,9,0.03477348557636154,0.320435216631312,0,1.0812241760280836,1688.05,6,0.009324394896722404,1,0.26697888993741
S4,Office,89.1,31,2,0.09715724837342697,0.5591079205878501,0,1.0254754644002517,3911.23,2,0.12853388991128534,0,0.37889764115045244
S2,RawMaterial,38.34,7,2,0.042578187606417996,0.27919669115657963,0,1.1558530013934927,3403.13,3,0.001977012945887674,0,0.19457718526158746
S2,Office,21.61,30,9,0.02311748711880426,0.16612523795444534,1,0.8440373999080285,3628.15,8,0.14089847091679947,1,0.17089610319402276
S1,Electronics,52.16,3,1,0.017770081478953294,0.45440245893870146,1,1.0857838999504132,2430.14,0,0.12943377340934084,1,0.285115356949764
S1,Office,63.85,9,5,0.09951813258283257,0.21744601241410721,0,0.85865288277327,4750.6,7,0.11289121088539544,0,0.19603733293759984
S4,Electronics,12.79,10,1,0.07529876931288493,0.8984943050815408,1,0.824370170707474,2658.45,7,0.1473825873428587,1,0.5688290709856471
S1,Office,34.74,46,7,0.04086597974551808,0.3036129658270329,0,0.8531618029485463,1047.16,6,0.008072999569137467,0,0.24442757341987514
S1,Office,12.95,47,9,0.082636334285219,0.5974020955393211,1,1.1803760362834472,3563.12,5,0.096239565907852,1,0.44751787189487263
S2,RawMaterial,47.83,26,6,0.05468061295144851,0.2634418405452039,0,0.9761733538632156,1079.91,6,0.1273953135707574,0,0.21732643106969973
S3,Electronics,90.56,1,14,0.03173895736332725,0.2580192627247665,0,0.8195982784891341,1952.04,9,0.018992564479615403,1,0.2643332448438581
S1,RawMaterial,98.44,30,2,0.07433858087359595,0.35063608147840786,0,1.0334538593019336,1526.03,3,0.0877162467999791,0,0.2469689374348378
S3,Electronics,67.33,38,6,0.07458947388831519,0.9158745673209491,1,0.8798856264530258,2925.2,3,0.059088286304200766,0,0.6147587254162068
S1,Office,24.55,15,9,0.0500169229184135,0.39149773828526657,1,0.8027345641039068,2063.77,4,0.065374067002064,1,0.31418943413239825
S1,Electronics,91.53,25,3,0.004515834035549638,0.8212664694241444,0,1.1033543177776037,1219.34,3,0.13687861280778393,0,0.5155432032937229
S4,RawMaterial,56.46,6,9,0.007702248657366762,0.19729807453843295,0,0.8619452315679457,4058.66,3,0.08079771754120986,1,0.18497523360598409
S4,RawMaterial,23.84,18,8,0.07887494790012713,0.04816954313643107,1,1.1769945889439504,2608.21,8,0.013989306726948625,1,0.10970706739475392
S4,RawMaterial,92.96,1,13,0.08234763759882133,0.7816779213014415,1,1.037119947514629,2545.02,5,0.14058242607666432,1,0.5865681869176542
S3,Electronics,78.17,3,12,0.06782897485771823,0.5418748974571014,0,0.8347983290162562,4488.63,2,0.027781675584434323,0,0.431187916645862
S2,RawMaterial,75.85,17,7,0.0839068575417683,0.5037258130269214,0,0.8871297714688652,2924.71,2,0.13389552247080957,0,0.3774075450786833
S1,RawMaterial,73.83,48,8,0.0719487470357612,0.2722058492494136,0,1.0443378549039375,3694.53,9,0.14563810816280398,0,0.24205099080323367
S1,RawMaterial,28.03,8,10,0.08969346205089161,0.07231701485935182,1,0.9352450912193908,1976.29,7,0.13167561947410433,1,0.14172681895945
S1,Office,28.99,49,6,0.015039827261328033,0.482860036332846,0,1.012857220419637,3025.8,2,0.10157006667133807,0,0.3370851128352489
S3,Office,71.95,40,3,0.03877415283268735,0.8672263587993717,1,1.119804818638548,3768.87,3,0.11153277297346353,0,0.5533966325580006
S4,Electronics,29.78,17,7,0.04641107938908193,0.12002201370348586,1,1.1170406032950213,1834.12,5,0.10498008656471328,1,0.13593653203881612
S2,Electronics,49.48,25,4,0.02976637947582136,0.9291708793471722,0,1.079194721593225,3598.4,8,0.0690786581782594,0,0.5950038700224783
S3,RawMaterial,80.38,41,11,0.07253664481494441,0.2747290802416147,1,1.1544217224519944,3059.43,5,0.04116295781177807,1,0.26516987016088067
S4,Office,80.56,12,10,0.09124388126891403,0.5321862928286623,0,0.8797442766311585,2453.87,2,0.042750409492654455,0,0.418113511506443
S3,RawMaterial,50.79,29,14,0.041248219926927635,0.06650839546658183,0,0.8708965954204058,3708.36,5,0.10967517919292062,1,0.1522795032580274
S2,RawMaterial,81.3,25,5,0.09415419645979667,0.42504659380264576,1,1.1197398065013722,1926.07,3,0.09390546724808252,0,0.31898850093381215
S4,Office,85.48,36,8,0.05167689071440567,0.12589788640716348,0,0.9283557384911263,3715.26,4,0.08773260509537202,0,0.14818465620147692
S3,Office,68.93,25,7,0.052251562681605114,0.04797378607720748,1,1.0048729652449793,2980.01,4,0.09789132568865964,1,0.09445974045080602
S2,Office,30.56,29,7,0.060021954067775656,0.9665576934276497,1,1.0975808594878183,1605.22,2,0.11621793531463333,0,0.6479412022769225
S1,Electronics,34.66,11,8,0.026833106511932537,0.7300945354641326,0,0.9583729437177391,3507.24,4,0.11225113719683003,0,0.5032495103749165
S2,Electronics,38.34,4,10,0.0383360519135037,0.7190577210136607,1,0.8520649200776854,4481.44,4,0.015809460868860276,1,0.5143640196108189
S1,RawMaterial,20.51,14,3,0.05532374528854947,0.09054968948375208,1,1.0717828807149166,1895.06,6,0.05445525745600716,1,0.09235550870538753
S3,Electronics,34.58,46,3,0.09419828855732618,0.9293505244877419,0,1.1268637547391829,4155.49,8,0.03959507051761285,0,0.6072983726884145
S4,Office,28.86,38,2,0.06426925784552184,0.4694685150098856,1,0.8051189134323478,2012.59,4,0.08073579933362178,1,0.3152476006453022
S4,Office,50.98,17,1,0.03331165578887096,0.8522840680574311,0,1.025020846479098,4195.05,8,0.00921241235573682,0,0.528506794713977
S3,Electronics,91.76,2,10,0.0010468573316502639,0.012601101113770774,0,0.9877620369590254,730.18,4,0.11436960712387603,1,0.07930328929632899
S4,RawMaterial,19.4,8,6,0.09816656499299058,0.29820648133750693,1,0.9038384026109164,532.47,3,0.015979100064408575,1,0.25123100115754415
S4,RawMaterial,74.82,36,6,0.04929845578183955,0.9960471221264656,1,0.8644114268479713,1009.68,5,0.040710303886592684,0,0.655274952867574
S1,Electronics,71.86,10,13,0.0938495158330771,0.42783804269539916,0,0.8752149245164441,4432.74,7,0.11741122578315713,0,0.3777148232243055
S3,RawMaterial,18.62,7,10,0.05493452338350529,0.8884935388643547,1,1.0899892736898844,2901.75,3,0.007733997437806266,1,0.6210050517622357
S2,RawMaterial,93.03,36,12,0.060546486022228875,0.3279983483710397,0,1.0144780536574478,3173.46,4,0.09903016028339874,0,0.3006772405435782
S1,RawMaterial,61.16,16,8,0.07119122559039721,0.5253291322682063,1,1.1924617525339782,4289.92,9,0.13867174076915795,1,0.3936977041809001
S3,Office,42.74,14,14,0.032097573366440556,0.8542190659259605,0,0.8972923193008614,727.91,0,0.09264567257816818,0,0.6221607115655085
S1,Office,78.09,16,6,0.06989839606750346,0.6058205602039354,0,1.1827616707150987,2241.98,9,0.10689862311021163,0,0.42731899779975513
S2,Electronics,33.16,25,6,0.052679190985138374,0.7251923426447117,1,1.0060438237353495,3393.91,0,0.11884003087838203,1,0.49377630573951137
S2,Office,72.42,41,1,0.06724799495825066,0.2288332042195641,1,0.8584105510595991,2321.06,7,0.03333694832792272,1,0.1646171781620708
S3,RawMaterial,13.57,4,12,0.08358332609098401,0.15589043745513942,1,0.8592716170797173,644.59,6,0.08714458770188448,1,0.20432354601466457
S2,Office,85.55,29,7,0.018422913027198395,0.230306443409656,0,1.043427196196063,3429.25,4,0.04635850740452837,0,0.1937107399539531
S1,Electronics,50.34,6,7,0.061355091033575976,0.4930486462870568,0,1.132569098652757,2261.31,8,0.03742430688379579,0,0.36423571508230684
S2,Office,67.3,1,10,0.005211132860983659,0.8009647647678183,1,1.0990846101014058,586.44,0,0.028868462262833166,1,0.5535707701475575
S1,RawMaterial,29.91,39,9,0.010211508894903687,0.3539938504762663,1,1.06225093705424,1267.33,2,0.08781459229540661,1,0.2797454772399452
S1,RawMaterial,70.94,1,14,0.0674594235735587,0.5648157819919711,0,0.8688432249952955,1479.12,5,0.11917978898307076,0,0.45912729626725024
S2,Electronics,79.5,40,12,0.007093765180831946,0.8048124609782379,1,0.8433360023083756,2797.77,0,0.13138335962826683,1,0.570729891855478
S3,Office,52.59,3,7,0.05953577798139739,0.23877646609264191,1,0.8000992094833911,1338.69,5,0.06428789192127891,1,0.21112661305000435
S4,Office,65.6,1,8,0.022001259865138546,0.8829757349198094,0,0.8407175444935745,2125.97,1,0.05593485002969083,0,0.5935286760542844
S2,Office,51.07,1,4,0.0304084828511748,0.9530823122223833,1,1.1065466429933535,3878.0,9,0.10309603531508864,1,0.609543360760211
S1,RawMaterial,90.47,39,9,0.01296365021474264,0.038970135799321626,0,1.158099366395615,4134.74,4,0.11705388627785258,1,0.09155689082973006
S1,Electronics,54.81,21,14,0.02486674861728393,0.0591111100847872,0,0.8961401835421674,4079.36,9,0.03799790050085949,1,0.1429266906360575
S2,Office,85.76,45,1,0.0821291784819328,0.09095971874621689,1,1.1179576961800344,3627.87,1,0.0445936326316555,1,0.08635744193516712
S3,RawMaterial,82.12,30,8,0.06388784056065276,0.7767684085096447,1,0.8795395062431924,2938.16,0,0.08000899787264255,1,0.5423702544168397
S3,RawMaterial,46.95,32,3,0.09497597947128548,0.1893369451789777,1,0.8997086733432806,2977.84,3,0.06665785317599156,1,0.1635235323773437
S1,RawMaterial,30.71,33,14,0.004874485535375528,0.725695986465907,0,0.889663237756881,4790.24,1,0.10586815995895833,0,0.5368799375401568
S1,Office,46.55,48,1,0.07924119971840687,0.4412760698718864,0,0.8206919636196686,4450.41,8,0.07567274864816188,0,0.29568085898151103
S3,Office,84.36,22,2,0.06990771832794246,0.8362550093714026,0,0.8776245072400659,3424.03,2,0.016739865858387402,0,0.5370110354069385
S4,Office,30.49,30,6,0.026089230519753606,0.8085554128042612,1,0.9494173378429237,2608.23,8,0.02489297921821568,0,0.5358171596956256
S2,Office,57.2,46,5,0.07291667028105846,0.959662561382447,0,0.962187886155316,3780.82,3,0.13528632657309594,0,0.6333868236280714
S1,Office,82.55,4,14,0.07165485499146203,0.25103785047641103,0,0.923786565557265,782.22,9,0.034109754724489336,0,0.27211916678328524
S1,Office,41.81,23,3,0.04593452030587439,0.22923916277203216,0,1.0058901142575467,4750.74,6,0.007512913712685032,0,0.17275242518355305
S3,Office,67.8,44,9,0.0688639618853709,0.03150797528859928,1,0.9511992929999293,2964.11,6,0.10971818374308379,1,0.10384968802448513
S2,Office,32.11,25,8,0.04445809030150653,0.4104160954265289,0,1.188145858469634,2762.56,5,0.10260167157669611,0,0.31672994148922645
S3,Office,19.84,12,13,0.03355455960578722,0.4590631687554171,1,1.122940181732506,1808.76,7,0.09001140279822298,1,0.37836141199212925
S2,RawMaterial,81.49,17,3,0.04664909603369162,0.9645138334294381,1,1.1723909383771687,515.25,5,0.07533842316971408,0,0.6141316002963417
S2,Office,18.91,15,2,0.08951294814927913,0.8307852941719731,0,1.0229707784850812,775.59,8,0.14543705310702293,0,0.5396107752336818
S2,Electronics,34.42,10,8,0.03845837928602182,0.16679171804992354,0,1.071335851488523,1683.54,4,0.017974844387768002,1,0.1687554017586178
S1,RawMaterial,86.96,35,14,0.04036881774566639,0.7984893626082008,0,0.8666705500404778,2936.96,2,0.07652441738672251,0,0.5912042628886204
S4,Office,41.18,29,5,0.060840322762205024,0.17829928083575586,1,1.1011143028948531,876.11,4,0.08460674152050654,1,0.16094595104440074
S3,Electronics,97.57,12,9,0.07529994754336214,0.07776506985777709,1,0.8943884444661093,4874.23,3,0.0033739377571258998,1,0.1335347404633892
S4,Office,98.18,1,1,0.07346208603111565,0.8370827514567365,1,0.8583331710936706,2349.32,2,0.06179886372065077,0,0.5314311338262336
S3,Electronics,34.14,1,10,0.001979873011815725,0.9759595818569281,1,0.8167437394956646,1923.43,0,0.11742031880829616,0,0.657598282446273
S2,Electronics,13.69,10,3,0.06874153330188532,0.0881185445278041,0,0.9888920998407862,2863.38,7,0.07066481328643986,0,0.09492215813581947
S1,Electronics,73.46,18,5,0.04505540480989269,0.8139248762184821,0,0.9147157038517402,792.44,3,0.13129176746863752,0,0.5375858328883427
S4,Electronics,50.59,47,2,0.05240899675544575,0.8592126486431675,1,1.1946908690544755,4327.03,2,0.09671983978341889,0,0.5455360024982484
S1,RawMaterial,19.07,2,3,0.056166333694297924,0.11875558426644217,1,0.8999337208063253,2571.25,3,0.11491280460748111,1,0.1095318220967261
S3,RawMaterial,73.68,49,4,0.07317196171082654,0.28325347177194604,1,1.1466173121274617,1302.51,0,0.12067202027885399,1,0.22047510014784416
S1,Electronics,12.81,8,4,0.0831332983608313,0.7336606390130649,1,0.926575507652531,1227.8,5,0.10342503591602,1,0.49370780148751686
S1,Office,88.32,22,11,0.06462609446322361,0.8077302795825284,1,1.099650740924965,2124.29,2,0.11240709900395265,0,0.5825974246599126
S4,Electronics,22.48,22,9,0.05639072208060012,0.35397412204966516,1,1.063936524027882,3080.13,7,0.10429658097318716,1,0.2935874041396934
S2,RawMaterial,21.46,26,1,0.03737692548127019,0.1599293996795209,1,1.024713421864673,2376.08,9,0.08256956226804348,1,0.11431357459495074
S1,Office,25.81,26,12,0.013787821923194755,0.648344476009238,1,0.9667299773816406,3185.59,4,0.08497994483931494,0,0.47885731789678687
S2,RawMaterial,96.42,9,9,0.0958577681644864,0.7019686032434781,0,1.0684420051378372,3674.65,8,0.028482717395520194,0,0.5142242066811471
S3,RawMaterial,72.39,21,9,0.046184229232530766,0.5036078538950279,0,0.9629113400867434,3868.2,8,0.12411588500685852,0,0.38030569539249026
S1,Office,82.12,31,11,0.05662122444973933,0.14494106764001558,1,1.0192400937309278,2304.3,1,0.04682059706578482,1,0.1825224364903597
S4,Electronics,45.79,43,6,0.07510731394364173,0.8444867443226121,0,1.0359206947343875,3726.51,4,0.08036053236979966,0,0.5720813836338026
S3,Electronics,40.27,6,11,0.006841048497982916,0.6452659590665166,0,0.9069420880148497,1136.77,6,0.0374318336913774,0,0.4677833185607334
S3,Electronics,31.1,14,1,0.08550110090037316,0.8691642488308352,0,0.9358945909221559,2808.93,6,0.10437974686593411,0,0.5542917367114703
S4,Electronics,53.26,33,11,0.07970257433424074,0.9329690744900826,1,0.8072200254231213,826.32,9,0.14627534282759033,0,0.6622636455657505
S1,Office,59.66,7,13,0.07744285819098412,0.8056978554380688,1,1.1408635973579138,1598.48,2,0.1202910351971111,0,0.5995087135772793
S1,Office,66.86,24,12,0.0021982706734408387,0.9586574145163348,1,1.1023932577202538,3124.34,6,0.09286432228313503,1,0.6615682156261189
S3,Office,33.14,9,6,0.052651885141041424,0.9542577457458638,0,0.873412181321169,3831.89,6,0.08512598006131514,0,0.6312073558469735
S1,RawMaterial,95.38,11,8,0.005426837073243685,0.6193445553903361,1,0.9448193800034235,928.89,3,0.07346568860293935,1,0.4303776414990319
S2,Office,25.28,23,5,0.055087257884729124,0.7281741018955056,0,0.9684277932036114,1431.81,6,0.030745714764540032,0,0.4891449242170078
S4,Electronics,96.91,48,5,0.07184483262555225,0.6994085353068685,1,0.9337514768000352,4963.54,7,0.052201507776636825,0,0.4769128566860725
S2,RawMaterial,11.34,2,1,0.012185025025842289,0.6211361950221567,1,1.1192971226424357,2019.46,2,0.06095911112569508,1,0.3834800816639038
S1,Electronics,53.3,15,1,0.06948831054772886,0.019355175830852223,0,1.090168282446194,1778.18,1,0.14168536122615155,0,0.03960245580568714
S3,Electronics,40.0,35,8,0.04495328459853072,0.35590668208563614,1,1.1068634920564782,883.66,8,0.06383742810540186,1,0.28417285177379803
S4,Office,50.42,36,13,0.081155293067782,0.10007831371148035,0,1.1616520203737413,3626.79,6,0.08792855321938889,1,0.17725071900436568
S1,Office,61.36,28,5,0.05335889393803011,0.30025911013217765,1,1.0380605023601517,2787.14,0,0.1383636810917638,1,0.23187741997500133
S1,Electronics,49.2,39,8,0.03361215358346488,0.06856480692609745,1,1.0458137316112217,1208.98,9,0.07776396117170147,1,0.10836538737355508
S3,Electronics,47.34,44,10,0.03319915634237086,0.9200314966513318,1,1.088773647858893,3348.04,9,0.03771746697960516,1,0.6334072163220817
S3,RawMaterial,75.95,4,2,0.0897486520007584,0.4513299156559526,0,1.0724930378602708,2865.92,8,0.05715091598971163,0,0.31200825927951337
S2,Office,71.73,10,4,0.045287158458513235,0.1893644476753854,1,1.1479252073595847,3042.25,4,0.05633088006791743,1,0.15577624471421378
S4,RawMaterial,84.99,6,13,0.0405753897176421,0.5847792310639519,0,1.1080792823378178,4976.85,1,0.10720763470532317,0,0.4558972984108066
S4,RawMaterial,32.5,30,11,0.003987362229791558,0.1964509333726201,0,0.8481834465915234,628.76,6,0.044418109569003876,0,0.19763819726393808
S3,RawMaterial,64.86,46,14,0.036432460511540164,0.8044403217904262,0,1.1713434461791148,4617.37,8,0.10954328666405913,0,0.5935939312277178
S2,Electronics,62.67,35,10,0.08496270549444249,0.30591910974025105,1,1.073239716120481,4288.51,2,0.13338640678300884,1,0.28046884892105484
S4,RawMaterial,43.28,49,9,0.07609876565326092,0.31490063286493075,1,0.8508583703305416,2369.04,3,0.050410951757056774,1,0.276055723700651
S3,RawMaterial,53.75,43,13,0.022091320279659977,0.8699509439164191,1,1.108789494286373,4464.26,8,0.020301165036865357,0,0.6214551052908923
S1,Electronics,38.24,10,3,0.04130566232135033,0.5592028846502348,1,0.9433650118956818,3418.53,1,0.09578315264529641,1,0.3693420009151174
S4,Office,22.77,32,6,0.019657967608174887,0.8873021057555099,1,1.1223911648146012,4502.1,3,0.05412817012859913,1,0.5811357965929013
S2,Office,29.24,42,11,0.09542168168347069,0.4128880298653581,0,1.1821623771960867,3176.29,4,0.08009792507168668,1,0.35493075099568466
S2,RawMaterial,19.5,42,7,0.059811787853553566,0.3439276965520779,0,0.9020968144435719,1472.67,3,0.0951248447759416,0,0.2743001542873128
S2,Electronics,71.48,3,3,0.07543547925485487,0.5062029972661082,0,1.1429644184339636,3093.0,6,0.061161441609136724,0,0.34778101356469276
S1,Office,69.47,26,1,0.07138086496767791,0.06149167120290955,0,1.1094245480575755,1305.78,5,0.1387041677685112,0,0.06545211935490625
S4,RawMaterial,95.55,15,2,0.08736893633900836,0.15420077120932119,0,1.068473960080187,1133.73,8,0.05994219812557082,0,0.1330168579130095
S4,RawMaterial,75.67,17,11,0.09493277785454594,0.21952163572631733,0,0.9539682178243655,3443.28,3,0.046106149086004335,0,0.23876424336358273
S1,Electronics,14.68,27,14,0.0032446173775724455,0.8166772826864619,1,0.843944838177784,4763.64,8,0.13285128316483313,1,0.5909797548251489
S4,RawMaterial,89.58,18,10,0.09753011798999524,0.7337987569107608,0,0.9935587311679708,3148.23,0,0.020445258513871457,0,0.5409668609720265
S1,Office,87.64,19,7,0.08705424631058796,0.1933072787839436,0,0.8422666519109963,4081.04,5,0.018631339317838513,0,0.19210064116354253
S1,Electronics,49.9,12,7,0.038294740869809635,0.2767475643735259,0,1.0000588907513301,1257.64,6,0.14035473114084387,0,0.22753696088505843
S1,Office,62.73,24,12,0.08370692425570705,0.9442618634671276,0,1.1281173083102278,3443.95,8,0.03134526211641735,0,0.6773834810712744
S2,Office,97.85,5,1,0.07365579823309495,0.08580296222602413,1,1.1990552537603851,3798.4,0,0.02226561054369608,1,0.08072137394840011
S4,Office,57.91,24,10,0.07931143766896918,0.5474550981480601,0,0.8792034845972436,687.27,0,0.08027524560293227,0,0.4236950616180983
S1,RawMaterial,91.48,27,7,0.022069103283905534,0.522006992014499,1,0.883143216938809,937.24,1,0.007018269931544629,1,0.36982492619387103
S4,RawMaterial,17.47,48,10,0.06485637019356653,0.7257078171576892,1,1.1243533327676276,4017.11,5,0.09300225010913402,1,0.5263101727812549
S2,Office,27.19,30,11,0.002592589429929082,0.26143537635350256,0,0.987623452918884,2479.78,2,0.0679396197508597,1,0.23621043121250881
S1,Office,49.67,15,6,0.08482291325528489,0.934772650797905,0,1.1663218384127527,2325.11,5,0.09606179466221001,0,0.6291676073124712
S3,Electronics,62.63,47,11,0.0951042972475789,0.41058288162869494,1,1.1075984950324858,4641.66,1,0.04259053552991257,1,0.3534524467229192
S2,Electronics,83.46,38,6,0.0662123440635288,0.28571960723420486,0,1.0945711058920768,4963.85,9,0.13582083215234125,0,0.23415261041672442
S3,RawMaterial,98.94,44,7,0.051266965317600215,0.3368694168458648,0,0.8407814834618628,3939.73,5,0.04058710690880185,0,0.26750173970279895
S4,RawMaterial,45.0,34,7,0.07257310893630713,0.3487223488002855,0,0.814350226069636,4066.67,6,0.0956347028314291,0,0.28100534196106347
S4,Electronics,14.27,27,1,0.032636128822461696,0.1989284136652799,1,0.9267051278639445,1437.44,5,0.1417637775941437,1,0.1362907439887636
S2,Office,82.11,20,10,0.0626387795812538,0.9280539198077606,0,0.8869193443395814,1365.01,1,0.06012139325119239,0,0.6470525571876039
S4,RawMaterial,64.39,41,5,0.07189729393064442,0.17487518460933416,1,1.0849235543714053,4913.07,4,0.024213979243926747,1,0.16220858465907953
S3,Office,27.87,32,14,0.014268078148118757,0.8828326343393692,1,0.9802934896664202,3627.91,9,0.010257371386775066,1,0.6339800040480571
S1,Electronics,54.53,4,14,0.014006800549659238,0.4049292199404274,1,1.0092585498515676,3590.19,5,0.14445269952114093,1,0.3471595721291542
S1,RawMaterial,76.81,5,8,0.0716138177714307,0.2692764835107516,0,1.1254965931487595,1787.85,7,0.11455522289909084,1,0.2401928925807373
S1,RawMaterial,79.34,8,8,0.0431782494165496,0.19850895283866132,1,0.9914018727062838,4489.16,8,0.13784280901061763,1,0.18920170367101882
S2,Electronics,54.97,22,3,0.08892014984609001,0.5043423299082701,0,1.0179705283221596,699.98,4,0.10482495797397172,0,0.3507100143273605
S4,RawMaterial,37.47,42,3,0.031193888215683765,0.6692585429895663,1,1.1369281065632089,1735.66,6,0.051367275628403535,1,0.4323418636870163
S3,Electronics,97.64,7,7,0.004243073724864455,0.8982210304604813,0,0.9725343237230051,1310.64,3,0.018452487897507024,0,0.5902055403937482
S4,RawMaterial,69.7,22,4,0.06498760292315196,0.6524465837101344,0,0.8332506831654396,3699.93,9,0.1393960288912501,0,0.43953565967445485
S4,Electronics,46.74,46,6,0.06842392266025807,0.4836624902727701,1,1.008682083837193,3719.07,4,0.07344285661964117,1,0.3535818138188823
S4,RawMaterial,35.24,30,9,0.05535916089787103,0.03347606457822616,1,1.031744673693139,2906.29,0,0.05947634944164342,1,0.10097910130201129
S1,Office,75.8,37,10,0.0683332645694598,0.9154269056756196,1,1.0047187217251972,523.67,2,0.08666880918586847,0,0.6411846942047811
S3,Office,31.8,16,2,0.0523754344474395,0.9023692429824397,0,0.903219806887247,4431.9,1,0.01598389821466036,0,0.5714198904094099
S3,Office,25.45,15,2,0.06926328160990457,0.37871696732082494,0,0.8894760273008512,4800.14,5,0.04638057290617259,0,0.2622948791611806
S4,RawMaterial,57.69,5,6,0.004393740655519451,0.0290346626756125,0,0.9479025487727366,1410.41,8,0.09568141606472505,1,0.06159606265916619
S1,RawMaterial,36.1,3,3,0.03683973702210215,0.7333695515076037,1,0.866491495401472,4290.05,9,0.015018441953573285,1,0.47250222343976434
S1,Office,66.6,23,1,0.021081691795368465,0.7916808768571322,0,1.0664094717095338,4879.79,2,0.020286413844732586,0,0.48847589079574694
S3,Office,20.61,10,2,0.009932613861162731,0.5424658295553471,0,1.0458699605118578,1971.38,1,0.07658817961365832,0,0.34274499617727133
S1,Electronics,68.94,5,14,0.023409263616607192,0.40287498526282073,0,1.0529582462715135,1332.76,1,0.09351856869016366,0,0.34874777024267456
S1,Electronics,35.5,23,13,0.01913106180317882,0.851132837802999,1,0.8899189972559766,4898.93,5,0.02805025586906861,1,0.6092761640798959
S1,Electronics,10.02,15,7,0.09731313883615972,0.19251641668675679,1,0.8986116056815536,768.84,9,0.004962695168323772,1,0.19470379166290197
S2,Office,21.42,18,4,0.028654591771846274,0.4395581892158208,0,1.1149561036475,1741.82,5,0.1437550339150134,0,0.30090271963247495
S4,Office,94.03,25,12,0.02309589701471595,0.024486110718690668,1,1.0760447090234062,3839.13,4,0.0041238986823835255,1,0.1073347212499149
S3,Office,88.06,8,2,0.08348745062689929,0.16401052797748616,1,1.1500719396670165,3278.09,8,0.00030780622809618017,1,0.13773826626027577
S3,Electronics,31.02,31,11,0.041911621726883896,0.9408312346780108,1,0.9614022871107182,3580.3,6,0.048501085324229955,1,0.6556436558963001
S2,RawMaterial,80.05,21,12,0.04214654484493091,0.5780832503647575,1,1.018931132839101,3686.41,6,0.03336797531633523,1,0.4452081993866195
S4,Office,64.77,2,12,0.04435904663801518,0.8055923295278185,1,1.0955110823721654,3587.65,0,0.08603795431473163,0,0.5823773974223814
S3,RawMaterial,97.38,22,8,0.041653450612061466,0.4865004141027135,1,1.1896619876130226,2040.09,9,0.13413133152616202,1,0.3615391407881037
S1,RawMaterial,43.62,8,4,0.032656545495884835,0.8348270980085402,1,1.1958527251382782,1901.75,9,0.07216615086589719,1,0.5392646510253182
S3,RawMaterial,71.33,23,4,0.028633944255478983,0.5389505108413188,1,1.1996701649913122,2428.1,1,0.11599518132254559,1,0.3605319183528636
S1,Electronics,15.72,32,2,0.08819596764854412,0.004537713410985633,1,1.1562105932259226,4134.58,2,0.13638405577184248,1,0.0434671326268689
S2,RawMaterial,45.66,8,14,0.01617073461353562,0.8996990070308282,0,1.0558603276548313,4722.22,4,0.02840994804093112,0,0.6446706246025575
S1,Office,96.74,4,1,0.018106235292293927,0.1485661198359126,0,0.8027883803157811,2548.61,3,0.07324663291830089,1,0.10171439963209289
S3,Electronics,58.51,30,1,0.05717191004250424,0.45055476130777083,1,1.0798175053111025,885.95,7,0.09631049993980942,1,0.2946272869402709
S3,Office,35.91,19,3,0.034365857966273505,0.4766743288487246,1,0.8954398064547765,4722.34,3,0.049782485688051686,1,0.31774292612768823
S3,Office,20.82,23,6,0.042152936484702724,0.04723627368971384,1,0.8228668589240975,861.93,5,0.11096281664826378,1,0.08384478801638198
S2,Electronics,73.32,18,7,0.0806546607890683,0.053070385439244916,1,1.0788737715780545,1215.99,8,0.10579724628327374,1,0.10603862950026743
S2,Office,68.04,29,13,0.09036310603771054,0.7625518094447068,0,1.1024043708704774,4404.55,1,0.06316414262271293,0,0.5774971603352801
S4,Office,43.65,23,9,0.07905536795565471,0.30045079005069486,1,1.0637732480670998,2981.65,7,0.013193063013669215,1,0.2682727987028276
S3,Electronics,95.58,33,5,0.023492826329075157,0.4096281662398841,0,0.9460679135265025,2087.09,4,0.0017353175223869422,0,0.2885390333569387
S1,Office,12.0,47,9,0.09799712896090503,0.5641125154652398,0,1.0044016496316492,4689.09,9,0.055402434324127565,0,0.43215236225312964
S2,RawMaterial,37.34,18,8,0.03631765008160959,0.3733861045473418,0,1.173979050798299,4822.28,5,0.01231032676763974,0,0.2920698148957451
S3,Office,92.9,44,1,0.016906706116461303,0.775037426543194,0,1.0918443863907767,1988.43,2,0.11724366648123914,0,0.47723732490371185
S3,RawMaterial,38.88,33,11,0.049949670546804006,0.8844646536191675,0,1.0018736933997343,4407.91,7,0.05014886749034712,0,0.6242351219069702
S2,Office,32.7,7,12,0.07252857696349473,0.05971788411985823,0,1.0373796607804289,3553.38,1,0.09991474136875451,1,0.14330358927524905
S4,Electronics,58.08,28,3,0.008327088130807403,0.6354033839046087,1,1.1710734393385425,1735.21,0,0.05195684809506875,1,0.40516872821057887
S2,Electronics,84.14,1,8,0.06342869146210478,0.3176600074571484,1,0.9575130089078709,4736.45,0,0.11939076252420272,1,0.26676746905577764
S2,Office,19.28,39,9,0.08580779234265963,0.5832752784167924,0,0.8407374861944361,783.81,7,0.13326187449296717,0,0.43999321903858757
S1,Electronics,94.87,34,14,0.026178148269208768,0.4839073181322985,1,0.9303304966812286,1930.74,1,0.125627122389411,1,0.39819783536014175
S1,Office,81.56,39,4,0.06931232121767075,0.33367852101228224,0,0.9660800858945146,2283.18,4,0.07267103459697799,0,0.24957223754409916
S4,Electronics,26.31,19,14,0.03999086299604407,0.09481564633064243,1,0.9091855479441954,3607.94,1,0.012592741630473076,1,0.16888664669719866
S3,RawMaterial,74.08,31,14,0.04141351431395817,0.5594399115028976,0,1.01158896210002,672.95,3,0.05575666586901442,0,0.44808800119592607
S2,Office,44.65,13,14,0.02808140312089128,0.11279256642678037,0,0.921943150058431,4504.0,8,0.0636683992057624,1,0.1760999607923356
S4,RawMaterial,46.21,24,12,0.06243937964398954,0.1561200881766951,1,0.841271834152953,3465.96,1,0.1440381016285312,1,0.19811815251349962
S1,RawMaterial,80.5,5,6,0.03609992530301546,0.9821752549309101,0,0.8752274054424203,1737.6,3,0.08482459578106434,0,0.6429922734065935
S2,Office,96.65,23,4,0.08309030034615783,0.3167051903470788,1,1.1672624333692556,3462.54,9,0.09612693493446624,1,0.24352163288352321
S3,RawMaterial,21.4,19,13,0.0962905423049531,0.5844361896214709,0,1.0518382516403442,2916.16,4,0.11730053715031108,0,0.47240601932151133
S1,Office,47.86,1,9,0.09350876800409245,0.272231942019064,1,0.9257234851052202,2013.24,9,0.08523037008155081,1,0.2556775098983804
S1,RawMaterial,53.28,33,2,0.016312837299298857,0.8655094386061468,1,0.946767165000176,628.68,9,0.08977269137741428,1,0.538485228639192
S1,Office,43.87,33,6,0.0014190299994750522,0.2833401908733505,1,0.9973532685636101,2979.95,4,0.03679916960019079,1,0.21328696638099565
S4,Office,42.69,32,11,0.04384683411221577,0.3668851516374889,1,1.069252013425082,869.82,4,0.00882999113419134,1,0.31185656978758663
S3,Electronics,14.7,28,13,0.07288837076721867,0.608387577810033,1,1.032871955937508,4145.79,9,0.10820788186635534,1,0.47975620077332826
S2,Office,71.7,37,3,0.0977455268334961,0.8699867076445865,0,1.1730792498251765,898.37,9,0.1273027046031639,0,0.5727442540653721
S4,Office,49.26,41,10,0.07834223015721056,0.8162141545310133,0,1.0502995306289238,2429.33,1,0.061800027498765564,0,0.5846597331943425
S4,RawMaterial,27.53,12,4,0.05805493218670399,0.26385988555696327,1,1.1643167918419766,2455.48,7,0.08233716798723147,1,0.20430383956161774
S4,Office,83.44,9,2,0.002635291222954739,0.8295549574955342,0,0.8021720636658262,3002.91,4,0.04609278410035554,0,0.5128092761499212
S1,Electronics,82.23,11,11,0.08255406915073546,0.7011953153909631,0,1.1562237887687785,677.79,5,0.0675330890198602,0,0.524054838551227
S3,RawMaterial,53.78,33,8,0.017714503392921112,0.9898284904110161,1,1.0885834351864176,1417.25,7,0.03133345893996826,1,0.6563543024073432
S4,RawMaterial,36.86,19,10,0.005560651418679042,0.9354476679862513,1,0.8688773816448344,1397.76,7,0.11398302121574415,1,0.6343653676459259
S2,Electronics,67.43,42,8,0.08503588473542645,0.5331367220453773,0,0.9052152076980204,3195.37,9,0.07378676816626427,0,0.40253565579071143
S3,RawMaterial,35.93,34,1,0.0566250867872007,0.7499286191925413,1,1.0171239996655526,1686.36,6,0.08207348298166184,0,0.4740875546945421
S2,RawMaterial,31.24,7,10,0.012855159786044935,0.5701797019872283,1,0.8499752621402172,1148.88,7,0.005563211739183477,1,0.41739294055672194
S3,RawMaterial,75.75,31,6,0.03865426631740812,0.5949954421149724,1,1.1141473076448183,582.59,9,0.0933597588440021,1,0.4114506880213487
S2,RawMaterial,13.63,2,1,0.008554166722556334,0.10150082997777876,0,1.1164695464889707,4282.45,6,0.03039837180116842,1,0.0706096051462913
S1,Electronics,18.53,19,6,0.0638010806927802,0.0022457084776552616,1,0.9203795954620326,4871.97,9,0.05750919665473082,1,0.06334489215157008
S4,Electronics,10.61,38,7,0.02824272663426748,0.04818637447488727,0,0.8279268019891184,3664.68,5,0.06190735501437632,1,0.0873846426752126
S2,RawMaterial,23.76,32,2,0.08660941313653747,0.9666306678944243,1,1.1955389836934298,2357.21,4,0.0673098896232136,0,0.62024693896333
S3,RawMaterial,16.21,10,9,0.0357796028819692,0.1262682279229892,0,0.90029155169773,1049.05,4,0.03411545836721449,1,0.15078053190409857
S4,Electronics,99.62,41,8,0.04946338630199178,0.04438970417518606,1,0.8270234605269381,2637.97,7,0.12751653370734609,1,0.0986156955385663
S4,Electronics,35.99,8,9,0.006352339750597513,0.309644209707165,1,0.9319859837534223,2557.95,0,0.06417752260569337,1,0.2519779420351925
S3,Electronics,23.43,26,10,0.027559261664396983,0.5881799399545282,1,1.1876013048697172,2389.44,1,0.09182016868623918,1,0.43260431390060744
S2,RawMaterial,31.69,30,13,0.06767672716905974,0.9484606443029328,0,1.117171045100798,2202.37,0,0.09209063185406595,0,0.6822365475896204
S1,RawMaterial,94.25,11,4,0.07362627677776401,0.699887578551487,0,0.9921332319240573,2735.39,9,0.09104770116320479,0,0.47059185873564996
S1,Office,56.81,41,4,0.024282185501123366,0.2763529689001668,0,0.9221321686902721,829.31,6,0.08389770134243957,0,0.20166786556186567
S2,Electronics,42.83,20,12,0.05038200987207079,0.9390580182371483,0,0.9693224394189874,672.33,8,0.1233938622397183,0,0.664263699618196
S4,RawMaterial,88.61,20,8,0.08175311052045052,0.03604107526520084,1,0.806946243292257,787.82,6,0.12189267206207836,1,0.1032934354581128
S4,Electronics,45.55,9,1,0.03799101608895553,0.9790540072667927,1,1.0873481925765343,1399.99,8,0.06257168589072885,0,0.6059725663296194
S4,RawMaterial,40.15,8,8,0.013377126735678924,0.05864070082644901,0,0.8398577086207373,1751.32,3,0.09537690721959326,1,0.09634041565943022
S4,Electronics,28.66,15,7,0.043187038961246926,0.753849973057166,0,1.007615030749723,1262.56,6,0.01542438667900301,0,0.5152660955226737
S2,RawMaterial,44.0,34,12,0.06006286654320312,0.045297539173452916,0,1.026338021145028,1633.63,9,0.013615901740252517,1,0.1309116691813184
S4,Office,38.5,24,7,0.0007398528192379517,0.9315614423685071,0,0.8006759097209176,1336.27,9,0.07198746082818928,0,0.6091588212668756
S3,Office,70.96,33,9,0.03485675066807289,0.10866589673113913,0,1.1919514503909725,1178.34,6,0.1350306035409032,1,0.13994227752481964
S4,Electronics,36.06,41,13,0.06074358208951647,0.05047901302713509,0,0.9208556150755547,1818.42,9,0.09749995537855433,0,0.14136762530027885
S1,RawMaterial,61.95,41,10,0.09519119500446704,0.8892651548249475,1,0.8308897003968464,2288.81,9,0.10038246339713912,1,0.63354502282488
S4,RawMaterial,15.93,45,7,0.040854873247566474,0.095793883917625,0,1.141755423303796,3849.2,1,0.023650996811925194,1,0.11973279232484495
S2,Electronics,27.22,40,2,0.01629722654793263,0.7979312907800835,0,0.8607810416205381,4799.97,1,0.06799566664032583,0,0.49793365671814416
S1,RawMaterial,46.67,27,1,0.05342190979668533,0.7470346404560079,0,0.8099820544897954,4635.34,7,0.06011864174767404,0,0.47139021435546746
S2,Electronics,94.33,21,1,0.02857523610996804,0.5988780384883663,1,0.9978762718371589,2641.7,1,0.11744675201312896,0,0.3750422510688673
S2,RawMaterial,43.95,5,7,0.021477939931478396,0.37796272021930655,0,0.8519667943190294,2576.05,0,0.020673614515840204,0,0.28322101411102746
S1,Electronics,69.77,35,5,0.0590403259028062,0.9155805496329891,1,1.1929692265415524,1065.64,0,0.08087865109962065,1,0.6027747132649209
S2,RawMaterial,32.96,21,4,0.09158835343364059,0.8710812558681245,1,0.8041643946450063,4872.83,0,0.13670272538232775,0,0.5786966881223955
S2,Electronics,21.43,4,5,0.0835224204339286,0.4262471109564929,0,0.8204789376754529,3920.44,5,0.1338689834478597,0,0.31651927841836003
S4,RawMaterial,15.27,49,10,0.018229253886909248,0.23172495631464818,1,1.1333135865595876,4314.06,4,0.12785056646215806,1,0.2159323213834331
S3,Office,37.49,48,10,0.07658794583498564,0.2725716694184145,0,0.8959006784152104,1553.74,6,0.056247796940457506,1,0.2579479568301158
S2,RawMaterial,24.19,16,6,0.022986863437336927,0.22032357736255392,1,1.1646387013535777,2304.89,2,0.14116510359825868,1,0.18194734830587628
S2,Electronics,25.66,31,12,0.029070126069321925,0.5412519627605441,0,0.9244548213899839,961.9,4,0.12079507629890578,0,0.41918650119140877
S2,Office,78.47,26,10,0.09200515068834889,0.8685388285702976,0,0.8279130605441624,4733.66,1,0.12767119788613548,0,0.6201534137772546
S4,RawMaterial,11.43,35,6,0.09110501507137712,0.7736119671981704,1,0.8042367196166142,1786.23,8,0.13985306914874807,1,0.5343558276974582
S3,Office,60.2,6,1,0.016863076454516235,0.795510459945439,0,0.9130269108228704,3182.04,8,0.14055018984211212,0,0.48950805604647535
S1,RawMaterial,44.15,33,2,0.006419185592348143,0.44828849169964535,0,0.9894922301983597,1184.99,3,0.03600974448899862,0,0.28518456498320593
S4,Office,55.59,21,3,0.029311810323694877,0.3224448317983801,1,0.800406444370428,4112.58,1,0.01915315676657503,1,0.22368901360470797
S4,Electronics,60.65,16,4,0.05817750597777686,0.7573557707050526,1,1.0324428810175577,1338.55,9,0.10363124153569729,1,0.5004381427877931
S3,RawMaterial,38.2,47,6,0.08768916778163262,0.7932982758544875,0,0.9334646234698927,4142.23,7,0.08448209349557136,0,0.5451428587043251
S3,RawMaterial,36.56,39,12,0.011883738890049112,0.6953537064807057,1,0.9560614117449646,2307.93,3,0.04911397584478981,1,0.5064916312697239
S4,Electronics,76.01,34,12,0.04149585022025196,0.03210712254226844,0,0.9045643792792427,3099.91,4,0.10266742601655235,1,0.11742731430572237
S1,Office,88.41,42,11,0.027174978672052565,0.5896846880684838,1,1.0116180821764251,1713.69,3,0.00929953159738826,1,0.44053473501413465
S4,Electronics,27.33,15,13,0.0014928967236017667,0.34704582924788463,1,0.8920490487872575,4472.49,1,0.007081247474382512,1,0.3015325094229542
S3,Electronics,18.79,6,9,0.07884462607929985,0.19619274902656747,1,0.8539288344625883,3919.41,5,0.05314658763026401,1,0.2056547515254447
S1,Office,90.8,2,12,0.08132842131676772,0.6943952633422986,0,1.1562588328192178,2094.23,0,0.029076993514824127,0,0.5267499701146952
S3,Electronics,41.49,24,2,0.022122906177531643,0.26852613568607786,0,0.956221993212221,3134.14,7,0.10778340761063661,0,0.18203826755062047
S1,RawMaterial,59.62,49,8,0.015124025004036801,0.9128411589558557,0,0.8307721400883967,1080.45,0,0.1422032756862288,0,0.6093847600175816
S2,RawMaterial,42.36,28,9,0.014456085362219718,0.29807907376319487,0,0.8921291018265326,1222.13,4,0.09924411205269383,1,0.2474699841522971
S3,RawMaterial,21.32,1,2,0.046394718976428745,0.5551805996436435,0,0.9239771792803267,2901.55,8,0.09821765506913457,0,0.361312489764829
S3,Electronics,63.04,1,9,0.024649558743576983,0.8277621636516336,1,1.1078585237394163,3382.69,0,0.000989336012937475,1,0.5683378800997675
S4,RawMaterial,57.26,28,7,0.0511355642488501,0.4021183380273833,0,0.8089021978117397,3008.44,9,0.07684154575869452,0,0.306611672091085
S3,RawMaterial,28.27,36,9,0.03848517371518398,0.8286579592410269,1,0.9912997953912457,3017.34,6,0.12256519802627391,1,0.5730260419448856
S3,RawMaterial,50.67,20,6,0.021089030490099126,0.7236963974686624,1,0.9630769941426871,3840.31,6,0.09811805480070264,1,0.4834016904853701
S2,RawMaterial,81.73,48,2,0.07511917895573143,0.9208659530831547,1,1.1873601606539697,4560.83,4,0.03416735769732517,0,0.5893410398223264
S3,RawMaterial,63.14,8,8,0.015036389033582277,0.3258345625897654,0,0.8720300049186447,2244.19,3,0.1272712872640801,1,0.2571545114067911
S2,RawMaterial,18.72,1,10,0.07989023148204372,0.10502806478013227,1,1.0511482984654874,2916.2,8,0.14465650863227733,1,0.15841247974126393
S2,Electronics,59.32,26,9,0.05614463836902922,0.4303494979304274,0,0.8808787540370919,4518.61,4,0.04184892712504056,0,0.33933880455467946
S2,RawMaterial,73.25,43,12,0.08320371426764442,0.7858134691891381,0,1.0193688216687364,2589.25,0,0.031064151324871003,0,0.5821634815080619
S2,RawMaterial,81.34,49,8,0.00047590400699050185,0.45043511339005515,0,1.0220252930055156,2503.17,8,0.05077903569790138,0,0.3275466963789874
S1,Office,66.62,25,2,0.07491885190354829,0.26198793019307065,0,0.830138691943381,3949.32,4,0.009473742581650662,0,0.19395412797262115
S4,Electronics,23.74,10,8,0.005151559325111532,0.02760317757301478,1,0.9825805176788927,4447.86,8,0.13101490096303134,1,0.07525023148419947
S1,Electronics,73.92,12,3,0.09500987190378207,0.3130238029558273,0,0.9844624431839852,3819.53,7,0.13939492207987217,0,0.23774581477320242
S3,Electronics,70.96,41,3,0.07027394883905351,0.713381111163138,1,0.9276546696568586,950.56,9,0.09499545594496954,1,0.47053942277817024
S1,Electronics,12.2,7,9,0.0320172290621358,0.14761375622673656,1,0.9108634214750618,2591.47,6,0.11465022192801688,1,0.16245913674039697
S1,RawMaterial,47.06,12,13,0.03198504928457496,0.3408793803072381,0,0.889719189646482,1453.86,5,0.1002976016152734,0,0.3069802858268582
S3,RawMaterial,39.97,47,9,0.08614923797186252,0.020231461705112253,1,0.8023764287498679,1928.07,8,0.05660313439348036,1,0.1022693627003404
S3,Office,70.25,40,9,0.09028401284526588,0.7217550032259912,1,0.8007265137955893,2609.39,3,0.09480635430813987,1,0.5244239200748888
S3,Office,29.45,17,4,0.08915732810387439,0.8806830470511753,1,1.0359148843162378,1496.88,4,0.12544802563126692,1,0.5837284552332961
S1,Electronics,63.18,5,12,0.08087402925663276,0.5685283176880342,0,0.916585564456275,2821.7,0,0.12148611153536505,0,0.4510934851040961
S1,Office,92.19,14,14,0.0819032020836373,0.025872105892631003,1,0.8671554623132802,3394.74,6,0.012158628962501177,1,0.1400942241606698
S3,Office,81.8,34,7,0.05727679028775595,0.2176253125495331,0,1.0738940822049199,4437.04,5,0.06939014408146756,0,0.19775822461604664
S4,Electronics,92.93,48,13,0.0028231052949068136,0.43846913529492815,0,1.0115618277917782,1451.57,6,0.05959821959358749,0,0.3567855556225718
S4,Electronics,98.07,17,8,0.008677328205899493,0.5875812205614855,0,1.1659833107525004,1897.54,0,0.1128013118669797,0,0.41229478794151836
S2,Office,10.96,35,13,0.06495532494062001,0.49627634247047114,0,1.1324067748288011,2326.1,6,0.0752063909318675,0,0.4101095458216115
S3,RawMaterial,66.05,1,13,0.0401165160327027,0.9158660464112715,1,1.0906916764399868,1510.46,6,0.05245516628541294,0,0.6544117255137165
S2,Office,47.16,36,5,0.05673096308415862,0.9386363164015054,1,0.8506327828740058,1994.18,7,0.10595246408898022,0,0.6159153644804365
S4,Office,87.39,15,13,0.023107762262212873,0.10715246253916555,1,1.066435495583505,4475.08,1,0.07103677805038482,1,0.16408094905930604
S2,RawMaterial,32.66,19,1,0.0649417173643192,0.13839087820733864,0,1.077570577175052,1123.95,0,0.03849360416294625,1,0.10965989927655607
S3,RawMaterial,98.29,42,9,0.02428295441933407,0.35805491223239805,1,1.1053330359898843,2496.86,0,0.13356253839153384,1,0.28640354795095335
S3,Electronics,65.23,5,6,0.0460812797975354,0.42123488190059455,0,0.9052530895029637,1899.35,7,0.016957177222957753,0,0.3094224559367602
S3,Electronics,81.42,19,3,0.047871989959118205,0.5860666926611255,1,1.0561190014655004,847.24,6,0.002713156032822983,1,0.3874301840129822
S1,Office,17.7,43,3,0.01776682298391592,0.7731597497876567,0,1.0473113833130159,932.56,8,0.021586654897205907,0,0.4906544681963402
S2,RawMaterial,26.51,39,14,0.08762077263876397,0.13576770556174256,0,0.954124019924597,4031.96,1,0.02454648802460163,1,0.20774685512867472
S4,Electronics,78.26,5,14,0.052582105627312005,0.8026396960775404,0,1.065402792147523,4335.5,3,0.08070633000713484,0,0.5973584493347178
S4,Office,11.98,12,10,0.0866783777938346,0.610028313475314,0,0.834678224526546,3836.33,7,0.09372982509555562,0,0.4634490728519102
S4,RawMaterial,83.52,19,1,0.026253569549592404,0.9808844607950016,1,1.0574020084487954,2926.53,5,0.06729167010881987,0,0.6035496044847358
S1,Office,11.26,47,13,0.017233594546814057,0.6511676780825323,0,1.0424062336850666,3976.97,1,0.030625686791846365,0,0.4887278280707064
S1,Electronics,69.14,12,8,0.0018016647620129667,0.7160915047407177,1,0.8842497629016352,1184.07,9,0.01982863481908878,1,0.48733825941589165
S3,Electronics,42.86,36,2,0.009386465972650727,0.1952088664021695,1,1.1272854478079477,4010.91,1,0.07382279536855897,1,0.1342269739188112
S4,RawMaterial,65.03,12,12,0.01474706048866119,0.7688619553590362,1,1.1497656001050813,2405.64,6,0.0848224631429718,1,0.5514555770763058
S1,Office,72.64,18,1,0.007885556237796954,0.07926617768317368,0,0.8841935789014638,3876.42,8,0.0455942057555211,1,0.057068230624100436
S3,RawMaterial,40.82,49,7,0.08968792951421875,0.6565304361881861,0,0.8303844336948815,1524.87,7,0.03306599210114612,0,0.4708246405671772
S4,Electronics,19.72,48,14,0.09114383079417639,0.05557290884870136,0,1.0414301854166197,4246.45,1,0.012088909027114085,1,0.16068689454747373
S2,Electronics,16.27,43,11,0.09373626722750439,0.1152258213095968,1,0.9919670107933192,3056.52,2,0.003936673048834904,1,0.17582780152543798
S3,Office,63.0,34,9,0.09598608365756689,0.1078662743165908,0,0.9710376917048231,533.02,7,0.015860464625426982,1,0.15780130397293884
S1,Office,56.86,48,6,0.049183500501993827,0.0524840648225563,0,1.1044033320174789,2836.7,3,0.11131191184259108,1,0.08910263190127478
S1,Office,76.8,33,8,0.05300246368249503,0.32113891694589636,1,1.187865055803566,1896.26,5,0.051602797523083416,1,0.2657269464151435
S3,RawMaterial,55.88,49,8,0.013083042857355244,0.9943524579025361,0,0.9910654877504786,758.76,1,0.004112837310285333,0,0.6576792447415853
S3,Office,48.02,18,9,0.01370520377520581,0.3482253684615363,1,0.80246203150991,2512.89,0,0.07622479077815168,1,0.2773324964951978
S1,Office,45.83,29,7,0.07727564386560676,0.7607759133385498,1,1.0385068538153512,1901.62,5,0.08041009003329379,1,0.5296482411628118
S2,Electronics,12.38,45,9,0.08557290841417409,0.13231701585710054,1,1.0615863488519357,1419.76,7,0.06430331694185902,1,0.16934779632422683
S4,Electronics,40.2,5,9,0.07847144306310921,0.4544910802654547,0,1.1312073223981305,2071.05,4,0.016602421805322887,0,0.3605217953639198
S2,Office,97.84,25,12,0.0834575864994953,0.1851158355648922,0,0.879762792438447,1308.23,0,0.11324510964089453,0,0.2218210630030696
S3,Office,88.62,24,11,0.02765703154282998,0.19209717009320404,1,1.0097310534075723,1849.15,9,0.10336223823549287,1,0.2021268400902
S2,Electronics,39.64,29,1,0.04660657843187356,0.09969003657403797,1,0.9788526001557462,1019.0,1,0.059209370740738225,1,0.08093885261684199
S1,Office,62.9,38,6,0.0459199383395387,0.4320441530279321,0,1.0657761844650522,879.41,2,0.0571223035122102,0,0.3158596161757637
S3,RawMaterial,86.26,33,12,0.09952834031417301,0.07553492074866941,0,0.8255772254812659,4595.09,1,0.02339026724189147,0,0.16089374025773928
S4,RawMaterial,49.71,10,8,0.09491780201157658,0.9098113563556609,1,1.1536051726798098,4562.45,8,0.11303240206316241,0,0.6315050115597267
S1,RawMaterial,11.62,37,10,0.05984861064260061,0.44790032157195436,1,1.0044629616953114,4226.02,9,0.08993608565096493,1,0.35812334756452424
S1,Office,16.71,33,9,0.013797313314069339,0.8385661414378813,1,1.150818177987996,1536.46,1,0.012869016826941847,1,0.5715645931426638
S4,Electronics,55.94,23,4,0.025859603863067716,0.9794644497055122,0,0.9360948527452552,3766.51,2,0.056709518765537016,0,0.6240079795536562
S4,Office,97.25,11,13,0.03637615549817358,0.6777791788202396,1,1.061408885856251,3153.7,8,0.1355341413852754,0,0.5104374967987387
S2,Office,72.39,24,2,0.08732116596934297,0.9015107571341734,0,1.1826900597237642,730.55,2,0.06785619024843394,0,0.5813885183570211
S3,Electronics,16.38,24,11,0.01706324570633776,0.13536752050300238,1,1.1773516762839118,4548.14,7,0.048739124895086576,1,0.16491091458513132
S4,Electronics,27.04,7,9,0.02197469166281051,0.8299936458624358,0,1.177641101908487,4990.92,7,0.09656761131728922,0,0.5688743093020189
S4,Electronics,79.42,21,9,0.0349384691669827,0.2712173332099759,1,0.8171787362067727,3689.25,2,0.03044585665260874,1,0.2374976549617946
S3,RawMaterial,85.73,20,12,0.09269101886533836,0.4725980388421609,0,0.9612064003898091,1541.79,9,0.07857050973107692,0,0.39708041467918376
S4,Office,65.59,10,8,0.05038120907763871,0.6465826490943323,0,0.8243125029791063,2994.84,9,0.10042841303454683,0,0.46020680932274816
S4,Electronics,68.0,25,3,0.06468360365975345,0.9035435925352138,0,0.923790805310033,992.21,2,0.12823176239626166,0,0.5829598080476257
S2,Office,12.55,47,5,0.038722330507017844,0.9109938009297419,0,0.8698312380375316,1844.51,7,0.1038756454166805,0,0.5939272654242362
S1,RawMaterial,84.57,36,2,0.018852211110846673,0.092102377141845,0,1.0480549696447583,3727.65,2,0.05766146957528465,0,0.07520280390407529
S1,RawMaterial,80.94,48,14,0.022280053740848016,0.36455548882105837,0,1.1122984605061585,1854.83,3,0.11517002600224664,0,0.32541730941488944
S1,Electronics,33.31,47,3,0.08026712203158792,0.7931752066842167,1,1.0053387861053606,1162.43,4,0.13475998921062626,1,0.5214138320485778
S1,Electronics,73.78,15,1,0.08934820383198383,0.7031568892322254,1,1.118189229319153,533.62,6,0.07166454369899093,0,0.45584145183178754
S4,Office,29.34,44,4,0.0493075655893145,0.026352445020828008,1,0.8051253186424925,3076.31,0,0.0006751178224923549,1,0.059175165260719725
S3,Electronics,13.63,40,5,0.035699452745925654,0.44988940505694974,0,1.1281905458636783,4859.02,7,0.1321377038927766,1,0.31635776457223325
S3,Office,28.1,40,12,0.08078351365272624,0.8292530951236177,0,0.8713440898755227,2678.6,2,0.02481629874131264,0,0.6075011968842742
S2,Electronics,26.08,6,2,0.06730947750809278,0.7376844373337728,1,0.9843743605619095,1456.75,6,0.018948825747055996,0,0.47708921993840575
S2,Office,40.4,37,3,0.004087397748563315,0.41184979233232266,0,0.9770342463612673,2584.76,9,0.04615178486100472,1,0.26976466615253397
S4,Office,47.66,2,12,0.03507408988828107,0.7351611223467555,0,1.1492622116659388,3209.38,2,0.05699756180861418,0,0.5373331860888233
S3,Office,55.77,12,6,0.06821729782360418,0.5512107091366065,1,1.186391658913587,4106.16,8,0.1199065047279978,1,0.394048757686188
S3,Office,52.91,4,6,0.05736798202909772,0.9126289980682865,1,0.9020483866150129,2537.05,9,0.058377507766969296,1,0.607644936306844
S1,RawMaterial,34.36,23,7,0.09780673088462227,0.5871271744005437,1,0.8269652690372804,1278.28,4,0.007323174953127498,0,0.4316183239057129
S4,Office,12.63,13,12,0.08661153782252906,0.4007341787943681,1,1.0602087129819386,1346.04,2,0.09539425199859176,1,0.3521382543376653
S4,Electronics,64.46,17,9,0.0059738405731261,0.8629206245682344,1,1.0011362347012833,4548.77,2,0.10068315351450124,1,0.5838302411985927
S1,RawMaterial,45.62,31,4,0.07257690156723606,0.049868842306640904,1,1.0262820567642779,1563.09,3,0.12213313812481554,1,0.08026580442558393
S4,RawMaterial,36.88,16,5,0.03363266123304779,0.9005106436374767,1,0.818508085108,3776.08,4,0.059829912099169755,0,0.586110470266686
S4,Office,88.02,41,11,0.06820827030859465,0.6963468144977853,0,1.1101239286471782,1710.27,4,0.01291066143115156,0,0.5168419983626782
S2,RawMaterial,77.21,26,2,0.061722458609139635,0.9406058604240779,0,0.8929413660349191,3742.53,7,0.0829593416541829,0,0.5971659681229028
S3,Office,87.2,28,6,0.05030502591468411,0.25050486912695835,0,0.9339747123645108,852.64,9,0.018149607386625986,0,0.2082515721077231
S4,Electronics,54.55,1,4,0.0852949554339555,0.6949213646398613,0,0.8913414850197495,1433.27,5,0.0025612984536464876,0,0.471112733985532
S2,Office,21.78,47,5,0.07086898601431678,0.8094632669059946,1,1.1783778242368208,2339.16,4,0.11678752077770183,1,0.5426529416621775
S3,RawMaterial,72.66,12,7,0.08895551145020066,0.7021025797858768,0,0.8674887266162341,2818.92,1,0.060511590050757603,0,0.49794820130658624
S1,Electronics,28.55,37,6,0.02816037491030493,0.21033370228926507,0,1.0929276016072678,2088.28,4,0.0787507758093654,1,0.1775054767037934
S2,Office,49.71,20,8,0.03481275245946021,0.2755895680728436,0,0.8982989175754147,3080.82,6,0.0994273804152801,1,0.23294042372440135
S2,Electronics,15.85,2,6,0.06219513498104689,0.5667423484526737,0,0.9699678476433238,1964.16,2,0.06015415000668575,0,0.40156109242306115
S3,Electronics,84.28,36,10,0.09664644373617359,0.4467506026907695,1,1.198424750868849,3552.98,6,0.00766973887160936,1,0.3684728661638852
S1,RawMaterial,21.33,15,14,0.03715820993371812,0.7351171884165283,0,0.8402306976968629,2800.43,0,0.03791154865619409,0,0.5522177760300324
S2,Electronics,91.28,38,8,0.0032293650067491187,0.37867669146632044,1,1.1525436924346295,3672.99,5,0.02915117870069182,1,0.2853176815246741
S4,RawMaterial,87.78,22,13,0.04458879554219567,0.8594805218597226,1,1.1784199585075514,2439.41,0,0.1466091031236398,0,0.6219220946356351
S4,Electronics,51.81,44,14,0.054392956252902316,0.4319204050367502,0,1.0792909179717116,4444.25,6,0.11092581810381898,0,0.37547012989792083
S4,Office,76.99,32,14,0.08009874086995433,0.040041280714792404,1,0.8039848758941295,2219.6,5,0.06773249973947888,1,0.14805439068986176
S1,Electronics,65.75,20,4,0.07286004799966389,0.017364075884945707,0,1.1283194336127123,1886.6,9,0.009505109468627149,1,0.06084788850229517
S2,Office,82.28,36,12,0.09646626807183362,0.6467425860845477,1,1.1529087710443124,3006.88,0,0.01737757837174058,1,0.5026997177865644
S4,Office,48.86,33,7,0.07826827605564662,0.5405531182818258,1,1.1923736627551735,2791.28,8,0.1219349353907122,1,0.39781235378578944
S1,Electronics,80.72,15,3,0.029862843706788267,0.5427446433562887,1,1.1357262991000383,2831.44,4,0.1418173640755501,1,0.3560342105543811
S4,Office,51.62,46,1,0.06413803109801697,0.7900090160284455,0,0.9782347869226085,4082.59,6,0.004702527671299267,0,0.5003896760893295
S3,Electronics,94.69,3,13,0.06722411933965523,0.3757202346397196,0,1.0754598706775718,3148.69,0,0.13655956840324138,0,0.3384565194428712
S2,Electronics,53.77,29,9,0.09980205148205229,0.9954469975949847,0,0.9940514047829359,4483.69,7,0.05708455700789879,0,0.6914945282873207
S2,Office,51.64,47,9,0.01387379112267776,0.9455301006098522,0,0.9412073398090852,3285.94,7,0.03204489909805109,0,0.6357659119884289
S1,Office,80.66,27,6,0.01913255026904568,0.01296176715782471,1,1.0505705972602886,597.66,8,0.015334853611978554,1,0.05637396823255139
S1,RawMaterial,83.94,5,2,0.015551364400868895,0.8957427681987562,0,1.1079329758567102,4416.77,1,0.11576234129297923,0,0.5563967845252287
S2,Office,59.9,31,8,0.058906011416596384,0.6805496503701072,1,1.0543603146712772,4279.03,5,0.07033657277727205,1,0.48314445078990037
S4,RawMaterial,26.18,22,10,0.013530107223402012,0.5020903368160349,1,1.1306313470584846,719.82,9,0.12486356729028851,1,0.3767418056852129
S4,Office,52.1,35,6,0.06560077089045356,0.5827474740940425,1,0.8705499898400294,1063.78,4,0.03392357301374432,1,0.41218585858070445
S3,Electronics,97.13,7,7,0.08037740508642188,0.8418573632643214,1,0.9494778206412637,3003.6,5,0.10178520552486368,0,0.5792276394845194
S4,Office,77.77,6,13,0.043279292420686045,0.9510373920730237,1,0.925034325093692,692.84,4,0.017718255729919207,0,0.6764633658271628
S1,Electronics,83.0,26,1,0.056068508188946424,0.5603336247364424,1,0.8776508558671194,2350.26,0,0.013462602620215458,1,0.36016358444140645
S1,Electronics,12.95,1,3,0.09127220832912908,0.18129144718858992,1,0.9772697309941404,4889.12,1,0.020009977554262724,1,0.1575851022404641
S4,Electronics,52.11,19,1,0.05695659175775012,0.6397539838222649,1,1.1791491491458665,1277.49,2,0.12133519508404607,1,0.4080822249635411
S1,RawMaterial,68.2,7,10,0.020860555203486744,0.07621896838858067,1,1.015203316682865,1427.43,6,0.09834296031489599,1,0.12341811902276587
S2,Office,84.7,36,1,0.03431937984433619,0.6351387368348678,1,0.9145619506814581,3543.57,9,0.024894583790048736,0,0.39852191319707864
S2,Electronics,14.43,12,12,0.05298458033394685,0.8086118025268735,1,0.941624247321215,697.9,8,0.05771583160277781,1,0.5867767413305939
S4,Electronics,86.72,20,12,0.015489768548958494,0.35333143648588694,0,1.045230284686851,4193.09,1,0.1145529014634685,0,0.3023600781705054
S2,RawMaterial,59.36,23,11,0.06125198353568693,0.07118442425517368,1,0.9410986967252322,1395.64,9,0.04285115841208308,1,0.13965767818523886
S2,Office,27.76,25,13,0.09992460918840257,0.6922261284129062,0,1.0153386891682676,2891.99,0,0.13818955684696435,0,0.5381702026614074
S3,Office,38.55,30,1,0.06525349649409644,0.3393287501685791,0,0.9096639573811309,1619.43,0,0.13719041870253856,1,0.23031615619223353
S3,RawMaterial,35.37,29,4,0.03724111440144412,0.24909665188055163,1,0.9383725083600744,3464.97,3,0.08293512385420852,1,0.1892017540201928
S2,RawMaterial,57.78,31,13,0.03317464916810625,0.689181758943242,1,1.082291143534544,3142.47,8,0.09479614037281722,1,0.5163185929735199
S4,Office,14.65,18,7,0.09316033226072752,0.9695864689087949,1,1.033847340657555,4758.98,3,0.09798275300817448,0,0.6596999810234951
S3,RawMaterial,24.27,41,7,0.08715142905786559,0.7453223774257375,1,0.8373947453253519,2505.2,2,0.038770268663261345,1,0.5233388551728022
S1,Office,83.14,19,12,0.04723586201987673,0.4913500405593755,0,1.1892730074024158,4436.96,9,0.05479820830859805,0,0.394695068655874
S1,Office,21.93,4,13,0.03534145645002842,0.6005107224241482,0,0.8197347691835541,3091.2,7,0.020391166573482698,0,0.46376601324664024
S1,Electronics,31.01,1,5,0.07104642835964525,0.14227890868578885,1,0.8331758289126656,4615.08,8,0.13873070124808035,1,0.1423955594336526
S4,Electronics,50.8,41,12,0.03145024755542828,0.8132132856828079,0,1.0805544194964534,1813.2,4,0.1085774158043328,0,0.5830773313905989
S2,Office,56.54,15,6,0.011940323225254047,0.6042950106114189,1,1.0832072557723293,2973.92,1,0.006953439949897133,0,0.4090162461915704
S1,Office,78.72,8,2,0.031015221230152636,0.9658303979980173,1,0.8075742132907088,2255.13,3,0.0824081175146875,0,0.6030885194535703
S4,Office,50.26,15,5,0.04342959821172019,0.979483368289948,1,1.0571015597854392,796.54,9,0.051461060210693896,0,0.6364331861517705
S3,Office,81.09,15,7,0.025541137598270813,0.3545866924404031,0,0.8133040059105826,3084.2,7,0.12229318155921137,1,0.2704143567437231
S2,Office,65.65,39,14,0.0216813725837723,0.9885459355126709,0,1.1843079975560107,4074.03,1,0.051570013175026914,0,0.6996319730827342
S3,Office,20.18,22,9,0.0006140162664697746,0.9568335281025903,0,1.0784570375331741,3002.92,8,0.09662251869013423,0,0.6385700360272094
S4,RawMaterial,24.07,18,6,0.06308427814040467,0.6398319638051361,1,0.8746312405283806,1757.04,4,0.024861050018485886,1,0.4456816045823459
S1,Office,49.33,16,12,0.061444894231611896,0.33346442845915625,0,0.8632419152641677,1687.23,6,0.08381332344735881,0,0.30422641105926307
S1,RawMaterial,45.72,2,14,0.018802523777072824,0.7533402207477691,1,1.0278649210881636,1570.27,4,0.04408285988303238,1,0.5576448895817833
S4,RawMaterial,76.92,36,10,0.09436500718111843,0.27123723135613587,1,1.0534074902546395,4908.34,2,0.024733263354376915,1,0.2624804123965885
S1,Office,62.27,20,4,0.04095709018047581,0.6298438966745806,0,1.1324950519486954,2296.49,1,0.0928888720404684,0,0.4187648936303197
S2,Office,44.93,16,3,0.0025479433576306556,0.024581613799564028,1,1.1613284596854245,1925.91,2,0.09579618000230636,1,0.03694192271559904
S4,RawMaterial,25.37,3,9,0.02197719172648436,0.6285827965441736,1,0.9570133776232826,2383.11,1,0.14750306717006798,1,0.44802854973016376
S3,RawMaterial,30.42,30,7,0.06920674842711948,0.9516082847335617,1,1.1376339369485957,1021.09,1,0.10036590894916735,0,0.6417269953682728
S4,Office,61.8,2,11,0.02016198988105953,0.23514304270621966,1,1.0169520141266934,1382.09,1,0.07735649077906923,1,0.22570585115947822
S2,Office,48.11,35,14,0.005391245887605612,0.7781794867157775,0,0.9882328562408078,2790.06,1,0.13689312646271246,0,0.5685250657957481
S2,RawMaterial,56.34,26,13,0.061770622139467296,0.2934235499156016,1,1.0795882584231151,4094.81,7,0.12424212280326836,1,0.287442459448344
S4,RawMaterial,25.36,5,6,0.0518354790594183,0.7078497487286415,1,0.8412779845378615,4443.92,4,0.0823119417660268,1,0.4831176358121532
S4,RawMaterial,69.66,2,7,0.07612658360984535,0.6999723698735254,1,0.906154602293005,4396.93,8,0.07670236166112109,1,0.49282139700706884
S1,Electronics,86.73,20,8,0.07726313885441417,0.18473774169047852,0,1.1267050741645552,4751.38,4,0.14129537785738153,1,0.19116444381346848
S2,RawMaterial,33.21,34,5,0.09599352537877288,0.5971279104210199,1,1.0016315353349636,1065.97,0,0.09256905659383961,1,0.42278908958052946
S4,Electronics,54.24,34,3,0.005701754401853876,0.8591689531131537,1,1.1632173745928376,684.37,7,0.10706687537542603,0,0.5386404696170197
S4,Office,97.8,20,3,0.0038989419818228344,0.3825330694395612,0,0.8354814935531644,975.79,2,0.013001856322080467,0,0.252118095686855
S2,Office,39.99,25,13,0.09871970480276608,0.7102769513489126,1,0.925365124392018,3203.34,9,0.10774584318738888,1,0.5486392251073202
S4,RawMaterial,63.55,20,2,0.06448478776969539,0.6744300352345465,0,0.9422199571216147,3002.54,9,0.039702276331002484,0,0.43828917175735077
S1,Office,18.12,25,8,0.07153705396675714,0.2575140018006037,1,0.9690881290892617,3520.45,1,0.01733068848094376,1,0.23311237441324648
S2,Office,64.54,14,1,0.009648201973516846,0.9186435597857033,0,1.1947280206256994,2169.91,5,0.12744991632079647,0,0.5612234536063341
S1,Office,18.07,47,12,0.006981269084833697,0.563512084116273,1,0.9242650856272807,2262.15,3,0.1036786629979119,1,0.4259159169094996
S1,Office,96.33,44,8,0.0160253593935771,0.35529265680552413,0,1.0074729811861733,2955.09,3,0.06113464683571956,0,0.27512605904424475
S1,Electronics,74.41,43,3,0.042719560279746965,0.16435837570243672,0,1.0144285295484008,855.75,8,0.06471250893120997,1,0.13285946493395753
S1,Electronics,80.93,43,9,0.01101761827329757,0.47345835241976897,1,1.1083191754429467,4099.42,9,0.029567658331472457,1,0.3516660112195649
S2,RawMaterial,73.37,39,12,0.044633374044082796,0.7301134379017,1,1.0071475976343232,4652.85,7,0.001432649319941287,1,0.5371723606685306
S1,RawMaterial,63.08,12,14,0.05615359031013367,0.623640269770988,0,1.0422949602482041,2243.05,2,0.0524038709354065,0,0.4910302389556329
S1,RawMaterial,50.49,48,12,3.3296788510794874e-05,0.7270525595527633,1,1.1013312203043646,3828.08,8,0.02226215395238783,1,0.521955810482497
S4,Office,87.25,5,11,0.011424563079197748,0.7917607523003841,1,0.8404528018719781,2969.76,0,0.06325901935309729,0,0.5570552488754184
S2,Office,96.12,2,2,0.03751951917678788,0.44100476648944,0,1.1853888494099878,1562.04,6,0.12507376318949376,0,0.2901444299324146
S2,Electronics,54.91,16,10,0.005332979269680016,0.5201661840242924,0,1.1385216704317793,805.09,6,0.017213154510407957,0,0.3851281756240509
S3,Electronics,93.84,30,9,0.01335289733121401,0.9864221115808905,1,0.9555090454492428,1606.55,1,0.013763040320421971,0,0.6601448504336128
S2,RawMaterial,62.5,47,6,0.023179639045595446,0.9680513958208655,1,1.0913670356294973,3222.08,6,0.13531533299483428,0,0.6306418720633408
S2,Electronics,58.45,43,1,0.0429601414167647,0.4148171247588591,1,1.1049300417634986,681.03,6,0.11177093436574849,1,0.26892117442320196
S3,Electronics,50.9,38,5,0.07148371979367092,0.6851795242064951,1,1.1400985797662626,4262.86,8,0.007960479842638512,1,0.468267116176284
S2,Electronics,28.84,45,10,0.013268861182584591,0.2675901783278528,0,0.8753267300536209,4866.38,5,0.011935572788637572,1,0.23596333678005849
S2,Electronics,10.33,42,9,0.07379585719093322,0.1526975456356484,0,1.081481101057521,875.76,9,0.10273863422233913,1,0.1780429988243833
S2,Electronics,31.74,24,13,0.08550607297172208,0.7684012226237336,0,0.8133362122105134,1610.14,9,0.05555163032215292,0,0.5795496983228996
S2,RawMaterial,55.88,30,6,0.06514787668852333,0.4361799694180243,0,0.8462316496215526,3540.35,8,0.10862599433166632,0,0.3241094875145144
S3,RawMaterial,44.2,37,7,0.004372569542779781,0.17705280365001896,1,1.1104267841862014,4127.36,2,0.060668110395071646,1,0.1575434530528453
S2,Electronics,50.36,39,4,0.044065368692744133,0.7588479235205471,0,1.1252012015527038,2056.97,7,0.14516800309817515,0,0.49709979329158005
S2,RawMaterial,98.26,11,1,0.06600660016334998,0.9151703597940234,0,1.0369745808498259,2818.57,3,0.10416249183909766,0,0.5760470530682762
S3,Office,41.52,14,5,0.09785131346073124,0.9332735004577369,1,1.0326743896735588,4512.92,0,0.00699236472685123,1,0.6250337800271473
S4,Electronics,50.7,23,2,0.09518083880692424,0.5963337084626196,1,1.0998045713471718,2229.79,6,0.04957526623160493,1,0.4006401910053633
S1,Office,22.02,16,8,0.03957031544399188,0.47964112897487354,0,1.1624339288354806,866.92,2,0.0845409279204044,0,0.3567986291609789
S4,RawMaterial,14.32,21,4,0.06159310722250926,0.14186658616180559,1,0.9684460683470519,4977.02,3,0.021281045730053603,1,0.1321693124352647
S3,RawMaterial,79.79,4,1,0.08908151473615851,0.7927898042561032,0,0.8459284474429394,1311.26,2,0.0003780450112943534,0,0.5095411941173666
S1,Office,61.36,33,10,0.08310462473761965,0.9453231521002897,1,1.1355997537709153,719.52,5,0.011896219848257445,0,0.6635538501100311
S3,RawMaterial,78.46,47,7,0.04794218341127498,0.8894604136173967,1,0.9366576583883012,2347.94,9,0.0786395216544252,0,0.5980589031938206
S3,Electronics,23.49,14,12,0.026124133089162338,0.7517834544376708,0,0.8535143092842362,1046.59,0,0.09483826363283564,0,0.5446215983036369
S2,Office,61.46,19,11,0.013709994679883299,0.004568862590776046,1,1.0458465600571325,4904.3,9,0.013935506354131872,1,0.08542574452985918
S1,Electronics,32.83,5,2,0.04879801550832592,0.4077508746073407,0,1.0312335700846758,2213.57,6,0.09977347858584197,0,0.2735756437026165
S2,Office,30.53,36,3,0.07228458753432891,0.4107141717018079,0,0.9896984826009555,4216.15,9,0.09256862358820138,0,0.2895424507099548
S1,RawMaterial,11.04,31,14,0.0969769713216266,0.8943682329597319,0,1.1439188976988635,1294.72,7,0.14098454730168938,0,0.6657140311723271
S3,Office,21.73,45,9,0.08618149048230889,0.06565071691904834,1,0.9088903341613471,1124.67,2,0.1261013237343405,1,0.12953059158183594
S3,Office,37.83,18,13,0.020424095524816166,0.5312225838819266,0,0.8052941061137521,3421.82,8,0.14148627956084475,0,0.4177179218437436
S4,Electronics,20.52,44,9,0.071977812682247,0.13613440392711718,0,0.92938748757688,4591.9,1,0.14491614347351492,1,0.1675597004466587
S1,RawMaterial,98.73,31,2,0.028910125385843047,0.6622939142659723,0,0.8038823841608516,1015.41,9,0.0661212803969433,0,0.42033510046105055
S2,Electronics,37.78,30,3,0.06834725944335965,0.7922554881781809,0,1.0174364843587358,3151.64,9,0.0731866021917016,0,0.5172860421684878
S4,RawMaterial,21.73,21,11,0.06658054604607726,0.6419592119716313,0,0.9512993171439392,882.23,8,0.042243295243365155,0,0.4837211195682305
S4,Electronics,27.92,47,12,0.027243060292554147,0.7945851410206258,0,1.1255770963428344,4154.73,4,0.07626486038922553,0,0.5706382884144274
S4,Office,62.89,30,9,0.023438862021728648,0.6074962977318803,1,1.119034140996327,4591.88,5,0.022607204729881786,1,0.4358151515313611
S2,Electronics,15.76,41,1,0.010393776258892585,0.18983911047487645,0,0.9738553973194655,3329.57,1,0.1007146441137297,1,0.1241644563054508
S4,RawMaterial,87.62,4,2,0.0050539636804626704,0.3826635185023747,1,0.8865941094343293,3597.54,4,0.0037398801997544306,1,0.2454000144912779
S2,RawMaterial,96.53,5,11,0.0858451058856471,0.9568688161972551,1,0.9689719463769189,749.46,5,0.03534416344283246,0,0.6784462500554758
S4,Office,32.21,41,2,0.004984939463504168,0.28817491277800666,0,1.0565270930174517,828.4,4,0.031210754728697263,1,0.18868614379156953
S2,RawMaterial,50.51,45,10,0.00887411665251141,0.06286238426335,1,0.876082392629163,1308.52,3,0.1406833607133081,1,0.11180823698233486
S3,Electronics,11.99,10,14,0.02388520353681999,0.3848299748955526,1,1.109218646228121,1732.23,7,0.02173526275617737,1,0.3380635459983775
S3,Office,67.66,27,3,0.08876583284622762,0.3663071188441145,0,0.9322240841741095,3919.35,1,0.13361631761746412,0,0.2678425925889084
S3,RawMaterial,47.25,16,10,0.03329403604221914,0.4703088157324178,1,1.1728707979669637,2459.43,0,0.018653733205224565,1,0.36360207168068787
S3,RawMaterial,34.31,30,3,0.019179955745659217,0.5603034220812125,0,1.0047482121098432,852.12,1,0.09760469794206936,0,0.3633646114009967
S3,Electronics,28.62,13,10,0.07155554957950952,0.9924232665070895,1,1.1388506136518888,4336.9,3,0.04798289522600072,1,0.6883491962066779
S4,Electronics,68.86,36,13,0.03190697548686857,0.7562339421860171,0,1.046357032118641,4972.22,0,0.04740035528204874,0,0.5561696008148137
S4,Office,47.46,21,2,0.033336663807619626,0.03589076425771032,1,1.021840737511495,2547.62,8,0.14974066501821975,1,0.045821171982626356
S4,RawMaterial,26.17,45,8,0.07389765959385361,0.7127123282065126,0,1.0728520533940449,2802.94,0,0.033906428668938615,0,0.5069395519449208
S2,Electronics,72.02,40,8,0.025165281560830588,0.8242317484117584,0,1.1245964494831042,853.29,4,0.030384010190166386,0,0.5592314906581614
S2,Office,60.86,45,8,0.08967600477056256,0.8956307388843864,1,1.0578030017638944,2223.58,7,0.08840021236469453,0,0.6214241019046577
S2,RawMaterial,87.28,15,2,0.05614216779983453,0.42400610290240126,0,1.1188962748766809,2173.12,8,0.11111285955428594,0,0.2855320263671054
S2,RawMaterial,20.57,20,13,0.0537831711172414,0.3136255681058495,0,0.8761860657838052,4846.06,8,0.14737567852851713,0,0.297167435055825
S3,Office,80.71,20,9,0.02647522350662096,0.8393247927232381,1,0.9110066161499205,3471.94,7,0.1052120661356191,0,0.5758231569716434
S3,Office,70.62,45,11,0.08350943401299257,0.7776154093585388,0,0.8918891286349228,4019.82,5,0.08428065993756143,0,0.5701935043904496
S3,Electronics,20.35,5,7,0.05727495508715014,0.5360424499658257,0,1.1193212751258304,1077.49,5,0.061369757663713144,0,0.38880795650564043
S1,RawMaterial,72.53,32,12,0.015551654790522597,0.11788278441515221,1,0.8344514235428304,2376.17,8,0.08926692134589996,1,0.1611094528005338
S4,RawMaterial,49.74,6,5,0.020629823724476262,0.6517613390681011,1,1.1183452789766912,1361.99,1,0.09012524951290375,1,0.4329600362724892
S2,RawMaterial,95.05,30,7,0.046825590882064366,0.06566756643287419,1,0.9556169199258087,4370.85,2,0.032656724079648564,1,0.10344821712434382
S2,Office,22.75,26,8,0.07796418224163887,0.10036680469016723,1,0.8318028648069582,1185.68,5,0.1006812842300705,1,0.14075219462944913
S3,Electronics,67.86,37,9,0.09392952736169602,0.3311402389252315,1,0.9697705046105849,2474.92,7,0.03066356859966061,1,0.29114871584936197
S2,RawMaterial,44.38,13,2,0.06634986303769468,0.3711754968680624,1,0.9202009202135405,741.43,6,0.07349322350930386,1,0.2568959713178601
S2,Office,96.11,29,6,0.05061432495582982,0.4619740388902801,0,1.0367808731130599,3354.32,7,0.038980426894486844,0,0.33522586367805984
S4,RawMaterial,39.7,5,9,0.02507319775120247,0.3391429592187487,1,0.9890106532375251,2668.66,4,0.046920153559462656,1,0.27529344914232423
S3,Electronics,96.6,25,13,0.06728679604557496,0.033788155434519296,1,0.9187109564353401,2740.85,8,0.09208155299940447,1,0.13331607493152692
S4,RawMaterial,91.13,13,6,0.09822397558535073,0.15741568442573362,1,1.1449063777622062,957.29,5,0.009672767210670041,1,0.16677374618818824
S1,Electronics,34.33,24,2,0.047622247553923504,0.11511196583203431,0,0.9627285699382275,2812.92,9,0.001805222298634118,1,0.09763956805111193
S1,Electronics,82.32,31,1,0.01621418788898954,0.43118359856595945,0,0.9882759967207115,3037.03,1,0.019593001432146543,0,0.27071727264912965
S1,RawMaterial,99.6,20,12,0.010334058145417858,0.21212892718166454,0,1.138651409900983,4832.78,5,0.02530604671117463,0,0.21609185946690979
S3,RawMaterial,32.74,8,3,0.026925618259898143,0.2935452928949668,1,0.8356226433376086,649.5,3,0.029680945206845086,1,0.20563343264352094
S2,Electronics,49.31,9,11,0.05694420190212435,0.4715674633647262,0,0.9559572567110979,4652.21,4,0.11608966053217197,0,0.3785951671609016
S3,Office,56.82,21,5,0.0946805301091329,0.23556185981052802,0,0.9611426746113559,2658.04,4,0.06702869505568179,1,0.20545556063334242
S3,Electronics,36.54,20,7,0.02991650830641467,0.2459291043860593,0,0.9983302620626734,1445.52,0,0.07049042007664082,0,0.20653241512355996
S2,RawMaterial,11.37,15,10,0.030539117137160444,0.8331441773865687,0,0.8424482369437621,3494.96,9,0.09665012442833151,0,0.5804768130016607
S4,RawMaterial,29.81,26,10,0.048117965911219245,0.5480868680606495,1,0.8410640484998206,2826.73,4,0.10936631526192715,1,0.41471608203832694
S1,Office,35.37,42,3,0.09185423350991889,0.8567594515799968,1,0.9665663823063664,1520.4,9,0.0005262524330154061,1,0.5630405124295452
S4,Electronics,49.92,11,9,0.04190550505890892,0.5145259152192104,1,0.8132116033386911,3320.72,8,0.12850880037077542,1,0.38557291493491325
S1,Electronics,25.4,37,10,0.022322939186093318,0.9092642324233216,1,0.9019937436238541,2629.68,7,0.14826522709111625,1,0.6236839926383922
S3,Electronics,88.59,41,12,0.016313091498177137,0.25474207149300154,1,0.8804707015086255,3600.57,7,0.01827111483576326,1,0.24345345605953977
S1,RawMaterial,73.44,11,4,0.04570153692724817,0.6166700334472011,1,0.9957545045294299,3600.85,2,0.09766208754853553,1,0.41228390971792367
S3,Electronics,17.67,27,10,0.08006774357301497,0.5032317738538788,0,0.8044638228872842,2627.67,8,0.00036206316014646963,0,0.39738795881280325
S4,Office,68.51,30,2,0.029135240472438963,0.918690926683193,1,1.0702933801055883,2258.58,8,0.007354422926187354,1,0.5742408424373617
S3,RawMaterial,68.83,19,3,0.05125226392306429,0.41847957785733114,1,1.1422349228522943,784.6,9,0.0427501530129083,1,0.28789199731988935
S4,RawMaterial,96.06,34,5,0.06030082724225491,0.8548238132665675,1,1.0826966072957216,2722.31,6,0.12696061266294512,0,0.5666988218469027
S2,Electronics,10.27,38,3,0.04504704116578974,0.563904050605864,1,1.1272312677448,1594.02,5,0.09787513521566062,1,0.37328511414182675
S2,Office,32.31,23,5,0.01916902413532894,0.7085429518604973,1,1.0573265615192746,739.61,8,0.06687313979584902,1,0.4665907640711828
S2,RawMaterial,93.5,1,4,0.09217456779348554,0.8868930931195562,0,1.0029468137556568,1986.71,5,0.06578977104035892,0,0.588359654781208
S3,RawMaterial,93.89,3,13,0.0565449235234484,0.9969064147047951,0,0.887608638923867,893.61,2,0.06990803615296899,0,0.7079644687370544
S2,Electronics,74.85,3,11,0.07291343839138856,0.7311395586477195,0,0.9118505390731456,3108.84,5,0.046654966170150566,0,0.5391291952774768
S1,Electronics,78.92,28,10,0.06360430054379329,0.31452195291778273,0,0.9270832014878071,2766.51,1,0.13165717764382714,0,0.279223033342379
S4,Office,18.23,14,13,0.09980480217275738,0.2990119932921097,0,0.8152070677865936,4065.93,1,0.0851803696799696,0,0.3022057794842359
S4,Electronics,56.25,30,3,0.0456310134438656,0.3091038248919642,1,1.16523550856476,1704.35,6,0.07259249452887792,1,0.22058017039690964
S1,Office,30.84,5,12,0.04249723732990934,0.09790832029949825,0,1.1601210810533495,2171.88,7,0.06976149047356557,1,0.15720844909295745
S3,RawMaterial,26.31,49,6,0.036013986609000626,0.05359889192886935,0,0.8431111398119822,3600.28,6,0.14037397003469138,1,0.08582067399716466
S3,Office,82.93,15,8,0.036162845934026265,0.5808428763236976,1,1.0226774262200213,4968.25,4,0.10854928923295226,1,0.41649743671728356
S4,Office,22.15,38,13,0.027577021071723676,0.8105885272216924,0,0.9870565176815344,4568.76,3,0.02172218320748785,0,0.5874833655116753
S2,Office,52.18,14,12,0.09806301251465471,0.03613453981536019,0,1.073365598816798,2843.71,7,0.06554552549148976,1,0.13681391335789825
S3,RawMaterial,94.47,14,4,0.0870782034301912,0.5666342964218405,1,1.0412070642153337,3550.76,8,0.0432558315621785,0,0.3946754674535902
S3,Electronics,26.72,49,9,0.03166730049572162,0.3717611212228292,1,0.8497287204717323,2893.65,6,0.14803029865952438,1,0.2968425771681283
S1,RawMaterial,98.02,8,6,0.03052290446498356,0.8924852025576185,1,1.0640310579847183,2456.62,0,0.06230935594697712,0,0.587505135731209
S1,Electronics,99.49,8,5,0.01035339871850548,0.14538692888088622,0,1.043548921582415,3210.34,3,0.010180515454467354,0,0.12605246265836909
S2,Office,60.01,19,3,0.08770308605094929,0.5634320050095457,0,1.0124894551895223,2239.25,3,0.06168180021942065,0,0.38579870024958357
S3,Office,25.31,32,5,0.03717660508266061,0.9709207069947925,0,0.9609625066292907,1760.85,9,0.04820254209089029,0,0.6294196914359593
S3,Office,38.45,31,5,0.05726153921451278,0.34503296646506265,1,1.1819683976212656,3675.53,2,0.08993739706173717,1,0.2599125273576771
S1,Office,48.2,29,14,0.09003777288809311,0.7417769112935055,0,1.1397758245244463,4423.88,3,0.033911726284354474,0,0.5720774786425312
S3,Office,37.84,41,12,0.04081006484742057,0.8824511550400854,0,1.034033989967968,1796.11,8,0.005396047454907249,0,0.6274279981925631
S4,Electronics,35.26,11,12,0.08068680434228419,0.18621056247172874,0,0.8025511301070466,3681.01,0,0.014382056273833703,1,0.22164666450000822
S1,Electronics,97.5,45,4,0.04302856262487571,0.9925271802620039,0,0.9728492968679092,2453.09,1,0.0424721384301548,0,0.6369963055160937
S2,Office,23.8,13,12,0.07009409390177528,0.8093866650390302,1,1.0801358914200396,1859.38,6,0.05224839472996614,1,0.5923745129082365
S1,RawMaterial,76.0,27,6,0.04311844071921811,0.13756425811253958,1,0.8469176939077969,3295.0,8,0.1251675810067099,1,0.13833122994043204
S3,RawMaterial,10.04,19,3,0.03927591345546926,0.31088470051483763,1,0.9626198466286969,4727.37,6,0.04051045260215772,1,0.2197421657741148
S2,Office,63.66,26,10,0.09907092395619081,0.6249700383573437,1,0.8766900895810553,2082.61,0,0.004723958021406921,1,0.4761318716298349
S1,Electronics,92.43,37,1,0.0612349842003575,0.8849177626043925,0,0.9352571948595271,3917.66,6,0.11711002248042812,0,0.5564640099655999
S4,RawMaterial,35.91,48,7,0.036739118162297926,0.19483552259227743,1,0.8106676816079292,1916.14,5,0.1303376355133444,1,0.1779230490040558
S4,RawMaterial,26.7,9,7,0.025781947708681786,0.7312055825454951,0,0.8506929529059598,4117.41,0,0.07384593561007917,0,0.49645793383990156
S1,RawMaterial,68.65,28,12,0.003976637022961638,0.2706480132180208,1,0.9819027400557042,3919.93,0,0.04273908461347061,1,0.2492960847519867
S4,Office,74.13,32,4,0.0706566340248727,0.8054164506276646,1,1.1592759684143121,3945.35,1,0.11582098201776239,1,0.5330182891554892
S4,RawMaterial,71.92,3,9,0.0372157428195262,0.6834420272750333,0,0.9962326486403442,4989.69,5,0.0013347610022985733,0,0.4855156534965921
S4,RawMaterial,38.74,32,12,0.08212541637787649,0.5229090346686073,0,0.9812309874831536,1132.33,3,0.1386042343661842,0,0.424097331428813
S2,RawMaterial,32.7,5,2,0.03638684606223187,0.6498659624090001,1,1.1150277571885956,2249.78,3,0.1298297467315967,1,0.41512134554978386
S4,RawMaterial,96.03,8,13,0.03733291924250303,0.8764452455338172,0,0.9071320307743823,3338.65,5,0.08172498149322537,0,0.6299241659501841
S4,Electronics,93.1,14,1,0.07791810064067561,0.3864258598464837,1,0.8380274996899425,3157.14,8,0.04163717818646829,1,0.26237380324295
S4,Office,51.16,3,3,0.04894666567526538,0.7692501801560286,0,0.8838290481346717,4012.85,0,0.004926732412349649,0,0.4976626792247682
S2,Office,86.16,24,7,0.0884894770601393,0.15890543487549647,1,1.116520334779713,711.09,1,0.14997356252952931,1,0.17189010404333965
S1,Electronics,50.71,13,9,0.059013575670455204,0.7011855654419016,1,1.0708191700374472,3672.73,7,0.11431105845580258,1,0.5027011262519918
S3,Electronics,48.2,43,2,0.024064481351437652,0.7506573624717106,1,0.8366132729016144,3819.76,7,0.050806481371223754,0,0.47189947617417194
S4,Office,24.11,29,6,0.05682718543000335,0.4429976967544552,1,1.0668372641133799,774.96,5,0.002890795745817687,1,0.32570391653881703
S1,RawMaterial,48.38,8,3,0.00040016759347020206,0.7936221052995773,0,1.17262059395375,2924.07,5,0.09589375926911566,0,0.4977218848863589
S4,RawMaterial,58.37,42,5,0.03123973747187192,0.557103365877877,0,0.8179819824005425,1602.47,7,0.1480356008627543,0,0.37934822648257344
S2,Office,12.03,31,12,0.020795234049781064,0.9362743976694657,1,1.0465672383671343,4107.32,1,0.10606090629490009,0,0.6537174945308996
S1,RawMaterial,49.97,26,9,0.06541878556029347,0.11246643596136452,1,0.9516658279131648,723.26,1,0.012557161285470792,1,0.15139121153062104
S2,Electronics,80.32,18,3,0.013603858349980503,0.13082142626518178,1,1.000412583605402,1157.74,0,0.06034175582603343,1,0.10400258469267465
S4,RawMaterial,71.2,18,1,0.02900974467614731,0.8424274420445554,0,1.011271526391475,970.04,5,0.01637751940913371,0,0.5213022457724346
S4,RawMaterial,67.16,7,5,0.03313085543233953,0.8423612745663521,1,1.1084184389869416,793.48,5,0.13682408244014213,1,0.5510703070837988
S2,RawMaterial,91.86,48,1,0.0003293228863884834,0.4712247512082587,0,1.0228050079091755,3200.33,5,0.04956217064288712,0,0.2899765047337288
S3,Office,11.62,38,8,0.0046766568252833655,0.9639622098722307,0,1.0372342512500439,4408.46,1,0.11000647940110066,0,0.6369231801137806
S2,Electronics,60.13,48,7,0.031112612797752272,0.6793893186267032,1,0.9331647375087238,2799.38,6,0.012703553701365994,1,0.4669673750153476
S4,RawMaterial,80.86,16,11,0.022235645319191224,0.982853246762062,0,0.8503781191137102,1447.62,2,0.019262204369315927,0,0.674954070224423
S2,Office,58.72,33,2,0.011690673861515555,0.5323953952013183,1,1.073092933368733,2047.08,0,0.1019231493076027,1,0.33723015356495994
S3,RawMaterial,39.15,3,14,0.015416165635395796,0.20161334424801558,1,0.8001928561913807,2121.65,0,0.12652199225432537,1,0.2255928562394281
S2,Electronics,22.26,38,11,0.08355369613800863,0.4443931270291306,0,0.9314868677961476,2532.36,8,0.030217493449691837,0,0.3702734136303095
S3,RawMaterial,89.88,4,9,0.06833195755127026,0.9804868419470144,0,0.887217581769864,2392.42,2,0.06275058689955952,0,0.6730774067193039
S3,Electronics,52.37,36,5,0.04841175310016498,0.3704139530294075,1,0.955413376302451,3520.18,7,0.092912555205469,1,0.27248618346197967
S2,RawMaterial,89.03,4,7,0.09088747762369326,0.9570164331348333,0,0.9245072108255302,2029.6,9,0.11944145088904087,0,0.6514761031680081
S2,Electronics,62.73,42,4,0.0029552790941618557,0.7970213476743165,0,1.0816868319009036,3483.34,6,0.09422949155689216,0,0.5076708209042671
S1,RawMaterial,70.68,9,12,0.03449349359438195,0.4421063277929974,0,0.9040824202345746,2960.48,1,0.014313888096386507,0,0.3613261304683987
S4,Electronics,82.38,40,13,0.08233837175040588,0.5418710319575836,1,1.024300138234985,718.29,1,0.08142289925011259,0,0.4426812735568148
S3,RawMaterial,69.32,17,1,0.06282889945853214,0.6074390772822955,1,0.9823081720231746,4638.52,3,0.1326910022214855,1,0.390454973349794
S1,RawMaterial,45.82,17,14,0.0981687434491987,0.6657660847303056,0,1.120423002134209,1300.81,1,0.1302035581535976,0,0.528910273872943
S2,Office,56.23,33,8,0.09445149232882094,0.07669921661511969,1,0.9712369951448663,2531.88,4,0.08775234116264419,1,0.13149783481057523
S4,Office,82.27,20,13,0.01699424910749837,0.9335880524162132,1,1.1455504311726252,4764.19,9,0.14935443101562584,0,0.6581082490391204
S1,Electronics,43.63,14,1,0.09719869971956717,0.5969997131006655,0,0.8000583070429013,1613.0,6,0.01576855835765331,0,0.39450229491912653
S3,RawMaterial,44.93,22,3,0.09455347859740726,0.9311492196038197,0,1.0419345420822599,599.74,1,0.07178930360874793,0,0.6084841467700853
S1,Electronics,18.61,27,6,0.03736109450736824,0.6318984712883647,0,0.8039227974136656,2705.22,8,0.11626854590291105,0,0.4332045539823722
S3,Office,92.31,43,8,0.09828802916889529,0.43101548900975106,1,1.0855737293373897,1507.69,0,0.021155717717123882,1,0.3452385592993764
S2,Electronics,18.19,3,8,0.003584415232456073,0.5669280115363322,1,0.8939689607312834,3119.12,1,0.14591246422242818,1,0.3983749886343933
S4,Electronics,68.34,24,2,0.06607505549132982,0.829503274040285,0,0.9519925007092518,4176.99,6,0.05310698177754675,0,0.5318101953572841
S4,Office,47.19,30,9,0.026614780426440877,0.32612583145167373,1,0.9521750057094015,2800.49,4,0.05252096309678863,1,0.2679456472846508
S4,RawMaterial,46.51,8,4,0.012946309659531963,0.9564600570759187,1,1.1385689673439567,3402.63,0,0.031979145171180924,0,0.6063313557148394
S2,Electronics,71.16,22,4,0.05775349249438466,0.46595519780573635,1,0.8408371043571817,3497.69,3,0.04320261960998915,1,0.3254705950031858
S3,Office,16.04,25,14,0.03063503081851944,0.9562370020973864,0,1.066758781340105,4192.41,7,0.0866383350109646,0,0.6829327105039876
S2,RawMaterial,63.43,10,2,0.0666825343811151,0.880756614743263,1,1.1925027316776815,3595.67,4,0.06440314335764317,0,0.5627444434460066
S4,Office,79.48,49,1,0.05399810521144203,0.7676619564158123,1,0.8089537716550441,4892.77,1,0.02900672674900953,0,0.4839394625557771
S2,Electronics,84.54,29,10,0.039258940090865946,0.4674377994372061,0,1.1863576795047264,2552.95,8,0.12137099104747039,0,0.36366893311815485
S2,RawMaterial,25.35,40,7,0.018182216131489792,0.5869451443143201,1,0.8073618915774159,726.16,0,0.00933589606860895,1,0.40762175142803897
S2,RawMaterial,90.77,1,11,0.06012501974721767,0.8380294123603257,1,1.136459783383625,2273.12,0,0.12519791167504077,1,0.5994265819117892
S3,Office,69.05,21,10,0.08292306294755518,0.5440558018647006,0,1.1844977678636437,4279.45,9,0.04124080869718687,0,0.4227389714316584
S1,Office,89.37,39,3,0.060000446850928126,0.738189576538491,1,1.1972109529087667,1098.8,4,0.07438549996439577,0,0.4823424514069445
S1,Office,53.68,24,4,0.061052255577368576,0.7906590510067633,0,0.9836485363882208,3811.73,8,0.057159680788258775,0,0.5212825358486971
S2,RawMaterial,58.78,9,11,0.05118373641477683,0.5130952456686847,1,1.1467830025000842,2910.48,5,0.08559031700845711,1,0.4017836968970724
S1,RawMaterial,92.71,44,9,0.03882401173282917,0.5362475183536688,1,0.8489358172118421,4553.0,4,0.1193984992710263,0,0.3976814288177643
S1,Electronics,90.99,26,6,0.04574580416335462,0.1978347172218824,0,0.9701537354457046,3790.35,5,0.14839796902120425,0,0.1752817144392787
S2,RawMaterial,50.33,9,14,0.09895417571200821,0.2447391777070842,0,0.9231899904732106,3472.36,5,0.04590887184808524,0,0.27652975933785295
S2,Electronics,34.7,20,1,0.07496685021052901,0.9049431831942119,0,0.9580708202428314,4490.95,8,0.08307066185453006,0,0.5725988221225429
S4,Office,45.39,35,9,0.04305594639799945,0.8403296126633181,1,1.080792340905757,4586.99,8,0.0699011323162496,0,0.581400265803105
S1,Office,44.9,36,9,0.04572963999545204,0.010122558540114013,1,0.8349920800171021,2232.13,4,0.1498392238969681,1,0.08407814140841831
S3,RawMaterial,35.82,42,5,0.04996320077497423,0.8693875859880623,0,1.199265584131452,4675.31,3,0.12133704457491734,0,0.5723357975396154
S2,Office,34.17,36,8,0.06593141943788129,0.02523488558680209,0,1.0540268636147678,746.14,0,0.05956257878702892,1,0.09206321432630278
S4,Office,87.5,9,7,0.046595823421551476,0.4582804029423283,0,1.1494070346289047,3931.55,5,0.07153185834114696,0,0.3389469887918624
S3,RawMaterial,16.29,22,11,0.06861791184392434,0.06743272611090267,1,1.1318782260955116,2014.39,6,0.036893489163989,1,0.13961643779114746
S1,Electronics,70.99,1,8,0.032918780664784784,0.9688231384571689,1,1.1063990176155225,2693.29,6,0.11328709796232397,0,0.648312374416594
S4,RawMaterial,25.55,5,9,0.0410639632021124,0.9723192558042162,0,0.8156894124496331,4260.87,0,0.12678176795676632,0,0.6599964567288776
S2,Electronics,41.01,9,14,0.08640531247038473,0.6108709419666172,1,1.006586830633416,3366.67,5,0.14474802354343805,1,0.49244415892108573
S3,RawMaterial,15.54,37,2,0.032890565470154266,0.3922049108235336,1,0.9312593504858027,2558.71,7,0.08487433452266956,1,0.2594758304208807
S2,RawMaterial,34.3,38,10,0.09644367331750017,0.5119927501945793,1,0.8451756463287361,1237.7,2,0.10060245033561592,1,0.4075573235405691
S1,Office,79.16,19,5,0.017250494698489296,0.7622993204819157,0,0.9371960825679613,4726.69,0,0.0669088247504189,0,0.49826902641298193
S3,RawMaterial,89.65,8,8,0.02416798157071727,0.22319295972018371,1,1.0579212149232728,1996.15,6,0.09136927655064656,1,0.19830902744618253
S1,RawMaterial,29.94,42,3,0.046367975075490786,0.4417224912169294,0,0.8922505714488577,955.23,3,0.05231235453601962,0,0.3003724586813763
S1,Electronics,51.72,43,11,0.07974087260553697,0.7372686902530848,0,0.9778381716890185,3038.66,4,0.11065336747809587,0,0.5448549045049405
S4,Office,52.33,32,11,0.07315754776283337,0.3953924778371273,0,0.9617976974514602,2328.26,1,0.003405054863156609,0,0.33775417960255494
S2,Electronics,88.62,13,6,0.017446601761438973,0.03199652209269643,0,0.8209851851225645,3157.3,6,0.004268527453797538,1,0.0672890366411924
S3,Electronics,78.65,20,6,0.023668502596783693,0.5073944190551197,0,1.0512330117531203,1550.88,0,0.1074181335279897,0,0.35439434506924977
S1,Office,56.18,36,7,0.057526298905083754,0.7374111625395466,0,1.0475387609170135,2204.28,3,0.1396024204687749,0,0.5097045871952531
S1,Office,70.37,43,13,0.029516474529870298,0.9768164091845601,1,1.186565802098802,4876.29,7,0.09483734016546695,0,0.68780193072684
S3,Office,86.26,44,11,0.04223253244796035,0.03704615319735072,0,0.9192020866525908,4714.41,6,0.10897924485055453,0,0.1134688802242271
S1,RawMaterial,10.86,37,3,0.04865941754870289,0.5399206021509771,1,0.9675804114568084,4389.72,6,0.12359014368272514,1,0.35997875798376855
S4,Office,46.26,30,8,0.059424600535040464,0.4499386621389575,1,0.9614550489397653,4006.04,6,0.05425113966953691,1,0.3449334345867438
S4,Office,91.65,10,8,0.025105132443926537,0.24244878929093994,1,1.1678975603943114,1204.52,4,0.016217048633911258,1,0.21014367045059906
S4,Office,76.63,31,9,0.016314014355495954,0.6377627200472377,1,0.9634597261557085,2601.19,9,0.13996384308751444,1,0.45183755062070563
S4,Electronics,58.86,25,8,0.039856338779402645,0.16362249285578212,0,0.9771056576823834,3775.56,2,0.140785584750366,0,0.1672732544901472
S1,Electronics,57.67,29,3,0.008202622485560007,0.2838647673148528,1,0.9009378136766987,1677.95,9,0.06627608333581185,1,0.1942082185631511
S3,RawMaterial,41.3,24,6,0.05267651710909123,0.7817573901751244,0,0.8004672585696191,648.83,6,0.03257544854919207,0,0.5277145320949448
S3,Electronics,56.85,39,9,0.08396051592349743,0.46041174002555496,0,0.844180268550147,2381.45,7,0.13385315741549836,0,0.36572091307809645
S3,RawMaterial,68.98,21,1,0.01189756594327186,0.9936706469198847,1,1.0815556605709236,2413.14,6,0.10626400456278798,0,0.6069145150777695
S3,Electronics,47.65,41,3,0.0112730532129529,0.38646074414879406,0,1.0729982373502571,792.95,5,0.0012342525820442706,0,0.2566869338817337
S2,Office,74.27,9,2,0.008021779886735214,0.46326106610021633,1,0.9290122291379485,1942.77,8,0.016157955218862374,1,0.29464888791186467
S3,Electronics,87.51,42,12,0.0847861289761902,0.30025776208853405,0,0.9892024910987902,4627.85,5,0.14747994641576168,0,0.2913047816602632
S2,RawMaterial,23.92,42,8,0.008070489492816302,0.23629360619104545,0,0.9189513573521265,1626.34,4,0.005719226821221701,1,0.20134016770532928
S2,Electronics,50.64,2,6,0.09834620353844027,0.9222814111948171,0,1.0923665554231579,3061.22,5,0.04238325155454331,0,0.6257298506355652
S4,Office,46.72,4,10,0.0358331294046118,0.748826640128731,1,1.136999740042562,2695.47,9,0.08227445170592046,0,0.5314744943271935
S2,RawMaterial,71.87,8,11,0.032876215914247685,0.33340253220141336,1,1.15964211706219,4379.57,3,0.02765334243083183,1,0.28847581266655087
S1,Office,32.49,32,11,0.009163175209704921,0.7001559896457247,0,0.8695485285684483,3440.98,5,0.034808112954443846,0,0.5014139749217748
S2,Office,67.62,14,8,0.05856412126384169,0.9657837504365606,0,1.0780066967338213,1212.93,3,0.052945122984300326,0,0.654182343783946
S4,RawMaterial,88.97,49,2,0.058588221235279174,0.07404796561391391,1,1.1852018708522358,1142.91,4,0.040433140248443036,1,0.07629096002464639
S2,Office,47.63,13,11,0.04938058272901428,0.2645044043708593,0,1.0602446816525188,3008.69,5,0.12050343418800107,0,0.25208824601264845
S1,Office,91.99,21,6,0.03110201472158838,0.2005785491950014,1,0.9403896574404437,709.1,0,0.07504117100889071,1,0.17253487679062018
S1,Electronics,99.38,24,7,0.03685808900654213,0.8697831636444101,1,1.0543785463202793,2270.89,5,0.041793022136641565,1,0.5829273248886088
S1,Office,19.55,18,8,0.0320503393673738,0.17919032955151604,1,1.0753704209283736,2295.55,5,0.04696440502420476,1,0.17427215668397888
S4,Office,30.97,45,9,0.04261464082805019,0.30807599598966406,1,0.9588189199441578,1383.5,0,0.005979743938204707,1,0.26191570412792775
S4,Office,95.53,40,5,0.0341788105481226,0.5438607733261848,0,0.8415963802191444,1854.55,6,0.007408811427131339,0,0.3722843928744333
S3,Office,96.25,26,11,0.067551731986525,0.6210943555869497,1,1.0426639470080894,1984.77,9,0.10768613495383261,1,0.4714935615195559
S4,RawMaterial,18.79,32,3,0.029578647234726974,0.8081837625326559,1,1.1208563202066908,552.91,4,0.016936625560667107,1,0.5152124231185831
S1,Electronics,11.35,44,2,0.035083823149445414,0.40732324655390373,1,1.1990305935024235,4126.51,7,0.07136951620226727,1,0.26920480916289014
S1,Office,24.5,33,8,0.04354598847891481,0.5342447226538928,1,0.8892233227851768,4808.51,4,0.1263548464283695,1,0.3907534872788673
S4,Office,99.64,31,1,0.0003961834270900244,0.9654620750442053,0,1.080155589672694,1801.7,9,0.05526802585908017,0,0.5865389571975074
S2,RawMaterial,26.2,18,10,0.0492082574220892,0.29736173664340626,1,0.8112172800664295,1003.94,4,0.05186283405160589,1,0.26460809064124197
S4,Office,55.23,35,6,0.025581980319293464,0.24809421116532482,0,1.1879301118991243,4790.98,1,0.13095724136804576,0,0.1993882636521258
S4,RawMaterial,86.36,12,2,0.005615045402451791,0.7105991913417515,1,0.8050257846097523,3832.48,3,0.12972755949745088,1,0.4423297427115007
S1,Electronics,11.84,25,3,0.09110212987647949,0.7711362712004718,1,0.9435179846554846,4510.14,3,0.13202052021904256,1,0.5114409731117984
S3,Electronics,64.4,45,8,0.0322418733886932,0.4147789031803083,0,0.830561109190493,2123.94,9,0.08578709401976382,0,0.3156827610676501
S1,Office,34.93,31,1,0.04260852636727043,0.21297891822189063,1,1.0483871846432276,2678.28,9,0.14284564103598904,1,0.14771276598617264
S3,Office,87.61,10,6,0.08273431583382418,0.7789226558113923,0,0.9357999182432094,4686.08,7,0.12284459217260658,0,0.5350310310941254
S1,Office,35.51,47,3,0.01667889707537198,0.6704928952790381,1,1.0931775725321842,2567.99,2,0.06234516404285531,1,0.4287279777186058
S4,RawMaterial,71.81,34,6,0.0850308809581341,0.8762278012802394,0,0.9945512266672208,3524.43,0,0.09443327129100575,0,0.5941030879127267
S1,Office,70.68,3,3,0.02416379480773777,0.8443264643271213,0,0.967761366540786,3671.59,6,0.018268362413746454,0,0.5352735884671656
S1,Office,29.93,46,11,0.05890378916153172,0.20519518450423335,0,0.9394065396459168,4267.01,8,0.08269982789262771,1,0.2193596760224281
S1,Electronics,13.13,39,11,0.06856783801661784,0.8323391800886804,0,0.834451666805861,4888.31,5,0.0394723625331403,0,0.598545288029622
S4,Office,46.83,8,8,0.09050139458677754,0.17517374111890371,0,0.881929941071686,2007.05,1,0.04253208397670533,0,0.18939752019023262
S4,Electronics,36.03,32,5,0.0607637994684132,0.8637039037779055,1,1.0556410019953941,1613.53,1,0.018857734939188724,1,0.5721657678215529
S4,Office,82.81,43,4,0.04532318012500003,0.7703209340326783,0,0.9987006674155049,849.68,0,0.05372988353608898,0,0.5043609430285355
S4,Electronics,82.03,29,9,0.057226935234177746,0.5698610742823985,0,0.8280357806422238,4354.42,5,0.07220854954487364,0,0.4233704394254067
S3,Office,51.13,22,5,0.020208246274020392,0.6422216758104462,1,1.0175806870559418,1817.06,7,0.09005316617802946,0,0.4271097650827595
S3,Electronics,64.59,20,12,0.06890743341498506,0.10407927087475821,0,0.8216570645796332,723.26,0,0.04573040044039643,0,0.16883407826363617
S2,RawMaterial,64.38,6,14,0.018688071205055525,0.03988518148633202,1,1.0046907790079953,4393.72,0,0.1188372351465137,1,0.12953753025331588
S4,Electronics,84.44,43,4,0.05572476120782569,0.3306467417339086,1,1.1859845787595555,2794.59,0,0.07814399424055771,1,0.24367690197412145
S3,Electronics,48.25,49,8,0.0647603661360489,0.82140581141719,0,0.9229378214921609,4272.41,9,0.0957078163433596,0,0.5694144538339858
S1,Electronics,34.79,29,8,0.08985831804077547,0.4657855731799726,0,1.0894012554568702,2995.17,4,0.041721541346779925,1,0.36357169646307336
S4,Office,33.85,42,8,0.04501898259776145,0.2233940300532069,0,1.0982208162367901,1911.78,6,0.1221203818518397,0,0.20468496995410973
S2,Office,58.26,17,4,0.07753332265892127,0.8345488999148157,0,0.9619438133644559,1084.02,3,0.09364116758489058,0,0.5525607653179945
S2,Office,50.42,31,13,0.016753048830427653,0.22862725864897293,0,1.037316860311964,2467.23,0,0.12935231241737355,0,0.23505941269565492
S2,RawMaterial,49.61,34,1,0.015619647873382504,0.8154937232409418,0,0.988818436279015,619.47,0,0.023992736840744173,0,0.501124985449437
S1,RawMaterial,18.2,38,2,0.05247980137199302,0.45297953091814824,1,0.9133452078843226,3211.07,9,0.057099490039649786,1,0.3018173732482012
S3,Electronics,74.67,37,4,0.059634076511010305,0.46349488726728183,1,1.1018968380802159,2424.49,2,0.01695242760858895,1,0.3245585838851008
S1,RawMaterial,29.24,4,10,0.06323410407329082,0.2727196098582422,1,1.0811306462593624,1136.86,4,0.03232909663565887,1,0.254030568565504
S4,Electronics,27.73,2,2,0.07456740420237783,0.9001740208993524,1,1.1602195458292923,2886.06,4,0.05918212567273049,1,0.5767603480860389
S2,Electronics,47.15,12,11,0.029493148776120994,0.08878527569413408,0,1.0472504718638411,4104.1,8,0.13418728614890613,1,0.14069053862074532
S1,Electronics,30.5,35,10,0.062260772185245554,0.1444063013035245,0,0.9554880564784783,4886.6,8,0.08355610036078559,1,0.1767505838662598
S1,RawMaterial,62.55,6,14,0.018813912080632267,0.6358847682462078,1,1.08560302324107,2873.11,8,0.04955674960713874,1,0.48717503457191436
S3,Office,43.43,46,14,0.02189977090545623,0.8501152657563482,0,1.047614491823457,1082.98,7,0.11203487443193885,0,0.6166390907254458
S3,RawMaterial,50.4,8,3,0.0067308888373881276,0.0954512501852276,0,1.046645677120254,4148.18,8,0.0029524059291452186,0,0.08071858819092442
S2,Electronics,58.35,21,9,0.07470005861387304,0.7337522494166082,1,1.1399351028112885,3631.05,7,0.05551383168640018,1,0.5269470815198412
S1,Electronics,28.32,46,9,0.050699297038558404,0.7425115331394864,1,1.1641874154987812,4792.87,7,0.09012475448900677,1,0.5250024232809736
S1,RawMaterial,24.02,35,14,0.0238185705599562,0.5815227301649282,1,0.872096665768675,2908.46,7,0.0874855955793303,1,0.45605920926694377
S3,Electronics,89.24,48,11,0.05562377257002904,0.4867280481696631,1,0.9256200896869022,2106.97,7,0.09113368236637413,1,0.3872953892442351
S1,Electronics,49.04,15,9,0.03542401986337875,0.3210877593075345,0,1.0601222803870165,4832.78,4,0.0317251147221699,0,0.2675655758292486
S1,RawMaterial,47.09,7,7,0.08372099102892684,0.3514617924326665,1,1.022888493483849,2923.0,9,0.05056187294902182,1,0.28599337276827796
S1,RawMaterial,13.21,15,4,0.05281478807953641,0.6744334724154708,0,1.0609304677997837,571.58,2,0.139734817817194,0,0.44907594844457194
S3,RawMaterial,54.82,45,1,0.0029810722853826133,0.0652872912139103,1,0.9732058397308754,2631.51,3,0.14609632969300462,1,0.04720955355681811
S2,Electronics,59.88,6,3,0.0985095286339739,0.5849349875446256,1,0.9649756054864198,510.7,8,0.04680575269978421,1,0.4019424225455389
S4,Electronics,60.3,47,14,0.0074298538235934245,0.2787321924528471,1,0.8470615621038937,3819.69,6,0.09667555551131314,1,0.2694682716187863
S2,Office,73.63,17,8,0.06959581889000697,0.4666059119439425,0,1.0494592960418123,3046.75,8,0.036194516870535876,0,0.35798514997622477
S4,Office,25.97,4,4,0.04372558392026104,0.5589796184501985,0,0.8703142610259844,994.11,6,0.05527930004605717,0,0.377076874817626
S1,RawMaterial,32.7,22,10,0.024931780652009627,0.8856593436343312,0,1.0684086382551887,4158.55,7,0.11885020452239456,0,0.6103037118047729
S2,Office,82.97,32,10,0.0676458234462903,0.5790748883323548,0,1.1868288972919925,2913.97,2,0.07517680950096235,0,0.4391672514618714
S4,Electronics,95.25,22,2,0.0125897353704987,0.227159571639019,1,0.9025651309905182,1013.27,7,0.12743849397623094,1,0.15435837788027532
S3,Office,22.23,27,14,0.08582466984564918,0.07945945317237701,1,0.856860922139842,1220.05,3,0.09431103684885854,1,0.17342307285712097
S3,Electronics,54.79,46,8,0.025061198591313217,0.6269883995909716,1,0.8096700981123734,4199.47,5,0.09433817777192229,1,0.44085425647483406
S2,RawMaterial,29.28,15,7,0.036145365838396726,0.5450483963511391,1,0.9515308745381357,2099.69,0,0.005082004222173764,1,0.38787264756220247
S2,RawMaterial,15.41,44,11,0.06326436363041964,0.671797896576062,0,0.8858444235427573,4194.93,1,0.11245055388628643,0,0.5006294756061916
S1,Electronics,39.3,22,10,0.0001029315565366673,0.459396579137337,1,0.9967437692575745,812.77,6,0.14667997919257456,1,0.34709739837793463
S2,Office,22.93,28,9,0.047274861438886706,0.825125847333028,1,1.0097224111971002,1597.37,5,0.0709542840380077,1,0.573543681117197
S1,RawMaterial,73.89,42,2,0.08942489215016713,0.9201796822386331,1,0.9397310977508406,3940.62,9,0.023787002243875827,0,0.5932209912739442
S1,RawMaterial,58.04,38,5,0.06804156412736363,0.0400044222236271,0,1.099962488911257,3387.66,4,0.1465466507070809,1,0.08012940828667106
S3,Office,22.95,9,6,0.03879003649386346,0.7440865361631209,0,1.1619226682848862,1880.71,6,0.043518881222679946,0,0.5009460755031745
S3,Office,10.83,34,13,0.0660424428144352,0.03516054474684216,0,0.8846092391173096,4712.12,1,0.06137969336057556,1,0.13376620254957872
S4,Electronics,82.73,36,2,0.09365694249033396,0.44509668687254467,1,1.1345191093624505,1449.8,9,0.01160496211522975,0,0.3094408091563413
S3,Office,25.86,9,2,0.018780531683598334,0.46160321677132,0,0.8524751599021513,4324.01,3,0.016625529853862786,0,0.29688180385358576
S3,Office,64.56,15,13,0.05318080088386673,0.6962183975250302,0,0.8914808738173989,3630.85,4,0.03248485058391095,0,0.526542421637321
S2,Office,40.32,45,14,0.02347375812130953,0.35240329820094696,1,1.0245662744935142,1045.03,7,0.08226990976353014,1,0.318484106356961
S3,Electronics,62.69,20,14,0.08542246391707045,0.8209013383182187,0,0.9226325955022442,2998.02,5,0.08366838027966121,0,0.6181675421660523
S4,Electronics,38.41,8,10,0.07210502516015632,0.3428640579458624,1,0.8166843162355384,4684.58,5,0.09093657342643229,1,0.2987785137441358
S2,RawMaterial,17.82,28,14,0.08010759202494938,0.34251788834148744,1,0.9179488566839142,3285.03,4,0.08757254355113944,1,0.32954301061237723
S4,Electronics,30.07,19,4,0.09430118524931662,0.222760667658647,0,1.161948075438761,2879.63,9,0.07428554746251216,1,0.19051818474141174
S3,RawMaterial,26.93,16,8,0.023230877638218163,0.6838689978380847,1,0.8696892647687284,2148.45,4,0.12031479819031635,1,0.47443351913717347
S4,Office,48.52,11,14,0.00487191715157479,0.07658722741705981,1,1.1055003519371103,4049.55,0,0.14008495460608086,1,0.14741391159570832
S2,RawMaterial,69.25,42,13,0.029090372016892643,0.36305508588476754,1,1.0889128024017924,4608.77,3,0.0404641999918844,1,0.31941730599307117
S1,RawMaterial,33.74,8,11,0.03991393086282702,0.26689074614956276,1,0.8424899264256969,3889.93,8,0.019529052345965237,1,0.2506800555200143
S4,Office,11.09,33,5,0.06251598066728664,0.2293356351014152,0,0.9317771858335466,3763.62,1,0.0637630940858937,0,0.19207046097532082
S4,RawMaterial,56.7,10,9,0.07977045624757105,0.06098331717394123,1,0.875742515655484,1366.21,5,0.00396335626409639,1,0.12480684146435034
S2,Electronics,64.52,18,4,0.034980328804688286,0.19038311572480715,0,0.8092600724773085,4252.94,1,0.13249783105675147,0,0.15329539664771935
S2,Electronics,96.66,35,3,0.04734969867369291,0.4462444101987014,1,0.8692162700943585,683.13,8,0.03595593903694862,1,0.3033801271499001
S4,Electronics,63.05,43,10,0.07854672659861921,0.5037414552673566,1,0.8806311766534917,3908.13,4,0.08239449446224424,1,0.3972374625685711
S3,Electronics,52.41,3,8,0.022532872632877534,0.26950467378979337,1,0.8663920989217714,1448.92,8,0.017264248484471355,1,0.2256055232065964
S4,RawMaterial,61.61,40,1,0.021713192793843185,0.6502435084665671,1,0.8364388837749281,2692.68,9,0.08298860088649264,1,0.4038029200609503
S2,RawMaterial,93.51,27,9,0.05892329898300337,0.3357933376569746,1,1.0105220528885202,3628.55,4,0.00584901793527966,1,0.2834387065748001
S1,Office,84.55,28,4,0.043605683051786706,0.3672458382496201,1,0.9290556166811226,3915.85,8,0.11532100433835878,1,0.2620006364367366
S1,RawMaterial,39.07,46,11,0.09488968030354351,0.7826243341211074,1,1.1632997445632478,4496.38,1,0.1433132193965872,1,0.576612933135156
S3,RawMaterial,31.35,6,9,0.035703054298457805,0.5519667214249021,0,0.8748853872077749,1771.66,6,0.04604640974153931,0,0.4061766634301929
S4,RawMaterial,33.64,47,8,0.0759555603506833,0.9531748511940243,0,1.0411450520385785,1509.44,7,0.03873219156814389,0,0.6518344359644768
S1,Office,55.4,14,3,0.058309274346403574,0.3593012012651382,0,1.160248153706257,4983.11,2,0.06719924573802603,0,0.2545020744915754
S4,Electronics,76.96,7,3,0.0054576091949676275,0.8278404959944035,1,0.8188758604263532,1434.01,0,0.09299604903755637,1,0.5197701517837038
S2,RawMaterial,55.29,10,14,0.008438554800944843,0.738337535807765,0,1.0065109883755894,3494.66,1,0.028344369298771196,0,0.5455340879249424
S1,Office,16.1,15,9,0.020315648818999024,0.890188927441895,1,0.9802675250124748,4787.35,9,0.12049619958943161,0,0.604493765396551
S3,Office,75.12,31,3,0.014315262284902597,0.956791372923081,0,1.1715114432309637,4534.5,4,0.029780222002561616,0,0.5997979738678908
S2,Office,82.54,29,4,0.03293714896444427,0.007676518076821015,0,1.0655059091497447,2494.69,8,0.000821132997556201,1,0.04305848410685446
S3,Electronics,36.05,42,9,0.05789889159986902,0.0882977478675161,1,0.9396645639808175,3369.12,4,0.07863758753783617,1,0.13463403048618466
S2,RawMaterial,69.77,17,12,0.060236254300738624,0.6743388212275085,1,1.0846084874032595,2880.93,0,0.017272456674886767,1,0.5083884547410125
S1,Office,48.39,29,4,0.05877677851627399,0.3901998596966062,1,1.0330616082855404,2059.95,0,0.10473580880805962,1,0.2803243779442745
S3,Electronics,90.02,49,11,0.011760863463315408,0.8191251017427466,1,0.9388679592139219,1149.9,1,0.025120499380275777,1,0.5735747486560712
S3,Office,86.07,44,3,0.06002254108604961,0.011979829666071251,1,1.1140994711341552,4115.27,0,0.12260705932800531,1,0.04662323155402906
S2,Office,57.29,15,14,0.0409746886857385,0.8069774029964304,0,1.0672679039225457,906.99,7,0.0705552199313997,0,0.5964788484035798
S3,Office,72.24,26,7,0.09030526652527271,0.13524199830365224,1,0.8021665193369879,3243.32,1,0.08494168569249937,1,0.15823677893977317
S2,Office,89.5,12,6,0.09119841961076945,0.29024904396262796,1,1.1460538424043951,3174.66,7,0.02798777479540676,0,0.2443660951179505
S2,Office,54.61,25,1,0.07681738266838395,0.9690782002607546,1,0.9588367528884522,2006.71,4,0.02200321162956943,0,0.611634992099825
S2,Electronics,38.19,41,14,0.07031071510992241,0.05159811354816812,0,1.0581790402349285,1109.34,0,0.0946938699780318,1,0.15205208266187759
S2,RawMaterial,77.83,5,10,0.011495271731747303,0.3490406124526739,1,0.9587073283887674,4098.37,3,0.03831909230125278,1,0.28430152041969997
S1,RawMaterial,29.81,4,8,0.008469421158669721,0.08452877564350647,0,1.15254481769356,2578.66,1,0.05788883524766367,1,0.11040094887656193
S2,RawMaterial,44.97,44,1,0.0840833690914086,0.8536044060133682,0,1.0603341784756064,3763.73,5,0.0719173730905479,0,0.5445305114783006
S4,RawMaterial,87.92,48,4,0.042701581645745515,0.7030161225374231,0,1.0317544836401158,574.19,4,0.03444504083714096,0,0.46319157658760607
S3,Electronics,75.2,41,6,0.04513622752009461,0.8003373878157293,0,1.192105900041019,835.26,8,0.11931357158395553,0,0.5366004438026087
S4,Electronics,46.34,31,6,0.08477930900130304,0.5272795117619727,1,0.9122562080242604,1291.31,2,0.14091366133633582,1,0.38465864261471744
S1,Electronics,29.33,3,7,0.06214309590607883,0.35772001967147127,1,0.8261017162446498,1012.27,4,0.06478397430903417,1,0.28327494057470637
S4,Office,42.04,3,14,0.01794072409021057,0.002273619605126065,1,1.0064041731624578,1362.68,9,0.13763225767331455,1,0.10674638899013882
S3,Office,35.57,26,11,0.021101322898736053,0.2779273120429142,1,0.9696071335263758,3589.2,6,0.13240242260135376,1,0.2516582126667979
S4,Office,25.85,17,12,0.0006377169034834763,0.5145535467661146,0,0.981716019630818,711.49,8,0.024907084308018867,0,0.3946377288449995
S1,RawMaterial,76.9,10,14,0.07106700939415649,0.6643620364760835,0,1.0480419353142938,670.4,2,0.02600729187343698,0,0.519937324703897
S2,Office,32.69,2,5,0.04856116584944851,0.22893742145875673,1,1.0460486546415357,642.43,3,0.07161075922055754,1,0.18764508834437432
S4,RawMaterial,50.88,24,5,0.09499639128370319,0.13890084628813426,1,0.9569057173326124,3639.42,0,0.07887857688479304,1,0.14755371087227723
S1,Office,44.73,11,4,0.0714012801248268,0.20161486202987144,1,1.1451508095850218,2912.61,1,0.05116945884785873,1,0.17096072982679947
S1,RawMaterial,98.39,24,6,0.01031526607665667,0.35407605169112,0,1.0605834037948663,2166.09,2,0.04693814697579258,0,0.2583973536948118
S3,Office,45.2,35,7,0.01615414599392695,0.14837829120147628,0,1.155964671643467,3540.24,9,0.06470509347023183,0,0.14387321851906384
S3,Office,17.2,23,10,0.0501724646783326,0.15681733442111168,0,1.1652615620409783,2991.22,6,0.10357189220988013,0,0.18057071148473824
S4,Electronics,18.08,32,10,0.09248741686627326,0.04375170000675532,1,0.8669248303443418,533.01,6,0.012659044951782161,1,0.12542581649250661
S2,Office,63.17,23,1,0.024725108988378153,0.8567251943544528,0,1.072224749556424,4273.47,0,0.10658730052685104,0,0.5285955064520422
S1,Office,63.94,34,9,0.08255802019124392,0.21975862406074242,0,0.9270047455350571,2075.83,8,0.1389360392448202,0,0.22090829477953294
S4,Electronics,47.69,41,14,0.031227242013567514,0.8219024390612871,0,1.1345716218193918,2298.03,2,0.11452600632615442,0,0.6025096360408425
S1,RawMaterial,48.87,19,8,0.026989718955577814,0.4383093861372386,1,1.0931406318622021,4020.3,2,0.028751528451923858,1,0.32822540451187365
S1,Electronics,14.85,2,7,0.09013927493304957,0.6324378147136092,0,0.8794990750103413,1341.91,1,0.013122178316571292,0,0.4565044713080803
S2,Electronics,56.49,2,9,0.004724159207265277,0.07570213615819532,1,1.1754923066012881,545.32,2,0.07355706134843083,1,0.11112424374281107
S2,RawMaterial,55.43,15,3,0.0660741038733844,0.5835804987801847,1,1.0733916027969694,4589.77,5,0.14346091337684805,1,0.39139910185869753
S4,Office,23.46,21,10,0.004316751428122312,0.28999540317330175,1,1.1794532412950325,2774.65,9,0.12285889310832313,1,0.24672083876098916
S2,RawMaterial,19.35,35,4,0.08007637865715583,0.09520995315119574,0,0.8807644688773635,2072.87,3,0.08441004585194893,1,0.10972031405929276
S2,Office,21.12,5,7,0.08294043549555066,0.9082324961678355,1,1.1478820377594536,4185.71,1,0.021447213512638917,1,0.6198216283493665
S4,Office,19.09,43,6,0.0893356574659651,0.6036280423494909,0,1.067229128166254,618.33,7,0.10707551731673932,0,0.43183466550662686
S2,RawMaterial,64.87,27,14,0.018609006159406038,0.24170762724401895,0,1.0209146375130584,1410.31,0,0.1219497357911347,0,0.2506072781942332
S3,Electronics,27.68,24,13,0.012449815592640046,0.419648010722407,1,1.1282051599444154,1198.8,9,0.1402603704638765,1,0.34838089396837907
S1,RawMaterial,32.63,7,2,0.05035350465581337,0.35690013407970533,1,1.053145554738284,3820.24,7,0.09181743512398728,1,0.2435318461302815
S1,Office,25.62,6,2,0.027163262156005598,0.7005796658578214,1,1.0678400642208419,1904.39,1,0.07716987219681128,1,0.4427824924472088
S1,RawMaterial,96.21,46,10,0.06062974722470652,0.607433176027494,0,0.9014682337024363,3978.08,8,0.09287730653515189,0,0.4540774012124798
S1,RawMaterial,86.92,33,7,0.05137472905707574,0.019782176061886814,1,1.1268214754525165,686.64,3,0.14148787569878168,1,0.07728172435425482
S4,Office,30.74,49,9,0.014485211022542677,0.1978269896046735,0,1.0601210809309258,3236.52,3,0.09421906292599262,0,0.1873274713552812
S1,Electronics,39.48,17,11,0.07392704938517712,0.47812797224086157,1,1.1377556714803205,1931.99,6,0.03863877740905614,1,0.38762632673149866
S1,RawMaterial,28.89,46,12,0.08037843785259305,0.4454857922537906,0,0.9406107862173535,1341.14,2,0.09542271119135194,0,0.377119292422338
S1,Office,54.27,42,9,0.09630430223942145,0.5166748819435305,1,0.9326840489622892,4175.44,9,0.1319616859202332,1,0.403181934123659
S1,Office,11.76,30,7,0.03955388763611394,0.7148108333063147,1,0.8095611858393857,2355.13,2,0.08505030428940254,0,0.490752666274623
S3,RawMaterial,70.42,8,11,0.03377349354815543,0.682008998498227,0,1.1074421307178062,3072.33,3,0.07540482420145611,0,0.4979088757348114
S1,Electronics,57.08,40,8,0.019226265601993843,0.3728134221419914,1,0.9321257548367007,648.88,9,0.1100053874253772,1,0.28659879010865014
S3,RawMaterial,90.88,46,10,0.018086505520919862,0.8775816279385952,1,0.9308849238823308,4062.31,2,0.09914830427172182,0,0.6034034998480043
S4,Electronics,24.8,7,3,0.03210532853799854,0.06293257044851874,1,1.0754738061899078,1790.97,9,0.008503139843053337,1,0.06881971225908223
S2,Electronics,82.37,6,1,0.09818167023542682,0.5845098951117265,1,0.9011475907091178,3620.33,7,0.10879667113461461,1,0.387303295280521
S1,Electronics,81.28,4,7,0.009225867472415628,0.9496854925695297,0,1.1636081946396544,3922.14,8,0.06113241451291268,0,0.6225790557834425
S2,Electronics,21.45,1,8,0.025936620207748354,0.5490814378253213,0,1.0152263965020867,1027.02,4,0.14113474200461054,0,0.39437270590037443
S2,RawMaterial,45.87,15,2,0.00859783968750416,0.45510630081285597,0,1.1877908944181452,1831.55,2,0.1456204482627812,0,0.2899288466796791
S4,Office,25.31,31,9,0.027363139273573756,0.13391758869642445,0,0.8306675378357817,3755.48,6,0.06731082271868252,0,0.1528452092856411
S2,Office,32.92,25,4,0.0092401432530705,0.8101890952716113,0,0.9347301470582812,1544.8,2,0.1453192269986884,0,0.5174569287103165
S3,Office,33.69,47,10,0.050830886675602815,0.37379489004091204,1,0.9525881373657583,4316.78,5,0.04662307724339944,1,0.3109547714557995
S2,Office,60.06,33,11,0.04383556535203164,0.701245909484688,0,1.0921682880322319,1903.88,3,0.10239666321779667,0,0.5124696438678509
S2,Office,47.03,35,9,0.017405033038656315,0.19754688040705704,1,0.8851849031722455,2310.49,6,0.011258206666412645,1,0.1880353524415454
S2,Office,95.3,5,13,0.017480789377518614,0.04186320293214907,0,0.9501383413530284,948.85,5,0.02174840227731708,1,0.12321930142968789
S1,RawMaterial,21.37,5,3,0.06261090737193929,0.30546745252800056,1,1.1642570175830367,1164.54,6,0.12967888535667277,1,0.22349231515695356
S1,Electronics,97.63,36,8,0.03871213389905433,0.28141386145689085,0,0.8458203534756117,1739.4,3,0.13406760589454453,0,0.23760481418670795
S3,Office,30.76,17,11,0.0056194936733256935,0.8734752535272743,1,1.0981296002634664,720.09,5,0.0798916787954617,1,0.6043424287897907
S3,RawMaterial,79.56,14,2,0.0920192599767068,0.8646737785847539,0,1.0809940446509878,1368.65,9,0.05096601404203729,0,0.5606957594295786
S1,Office,40.51,29,14,0.04049524858098004,0.5338942226013806,1,0.8522020306376437,2340.24,6,0.06765358976459257,1,0.4324851081351224
S3,Office,22.88,8,3,0.05910475548566882,0.018998945572193615,1,1.0753962749474302,2209.83,9,0.13044367337169838,1,0.050559365417588244
S1,Electronics,87.21,34,1,0.08854119499183737,0.22832466292047604,1,1.027913515723564,1394.12,7,0.031649013393137686,1,0.17070001339269397
S4,Electronics,37.8,40,5,0.04021589972736478,0.6390125942134331,1,0.9150089348576339,862.03,9,0.04423053469523946,1,0.431186612160555
S2,Electronics,69.3,1,4,0.08206600394112493,0.10140840143036756,1,0.9244564780210212,1931.67,8,0.11781644013791515,1,0.11403627061198658
S2,Office,60.98,29,13,0.09147522246029499,0.7006222647194471,0,1.133196910134305,3854.06,2,0.14029041688746235,0,0.5406730684268997
S3,Office,52.46,36,1,0.017406738366337018,0.011962262958743475,1,0.8924059945064887,2795.45,4,0.013939101002325644,1,0.01954223642800433
S1,Office,54.62,37,10,0.0892492460003309,0.6825367753692704,1,1.0051122117710698,4760.62,9,0.12056584520284436,0,0.5077254104502329
S1,Electronics,75.9,29,9,0.011983244670637817,0.8445392428593794,1,1.0724598949212787,1129.49,2,0.09676024603977365,0,0.5746042334025332
S3,RawMaterial,17.9,5,6,0.0275127409379333,0.46921771964611625,0,0.8519606777347417,1432.93,4,0.03461573166960733,1,0.3326415969261926
S1,Office,70.14,32,6,0.08082114476502367,0.8290809901100377,1,1.1729415484865258,1761.35,1,0.11337257949971519,0,0.5645520803526726
S4,Office,90.62,24,14,0.09006845482876118,0.7815277332438696,1,0.9042537260113542,558.51,2,0.10918740974989917,0,0.59593717639495
S2,Office,15.2,19,11,0.06841387883730571,0.6714191501676771,0,0.9275339692012873,4745.21,6,0.02130447173241171,0,0.5019470823232265
S3,RawMaterial,22.66,12,2,0.010482584952249276,0.4451492813978336,0,1.0664462952437028,2504.14,7,0.0753376586117083,0,0.2845200586100892
S3,Office,74.5,1,14,0.052299227690475264,0.27190404440149385,1,0.8312766588544535,2667.42,4,0.11374366242759987,1,0.2788321949480389
S1,RawMaterial,49.36,7,7,0.05726341090497714,0.8608639621688686,1,1.0510450759674466,1210.36,2,0.028731619021171877,1,0.5836974005728143
S3,Office,46.32,17,12,0.028185973000065756,0.6485903796629483,0,1.1664119840743001,4427.14,3,0.06941490335867552,0,0.4833243054120744
S4,RawMaterial,22.33,34,12,0.09912958069003978,0.7980168352505762,1,0.8996362221205699,3616.85,2,0.018111168704296708,1,0.5942632610716434
S1,Office,55.61,43,9,0.03356279568593973,0.5519669277288919,1,0.9447630907138411,2441.12,2,0.04602523860613404,1,0.4055347096288313
S1,Electronics,21.39,7,6,0.021025476929425926,0.1718664344939247,1,0.8929335830085031,4450.87,8,0.032691735135230125,1,0.15228464663232544
S1,Electronics,52.9,17,11,0.011013602865204886,0.9794379395135363,0,1.1275074995651737,4574.56,3,0.07576066900872838,0,0.6695382731391117
S1,Electronics,78.73,3,8,0.0378501260873138,0.1827387514576374,1,0.8670431294017866,722.66,5,0.021182300223112866,1,0.17814114584363372
S4,Electronics,33.24,29,12,0.06926186916460535,0.9112415010249033,1,0.9386512941743428,1036.96,2,0.05747261330887693,1,0.6532377470786093
S1,Office,53.27,22,5,0.02314170932924833,0.208138646044974,0,1.0404087285700547,624.33,7,0.04127443574784891,1,0.16753998614004462
S3,Electronics,99.28,38,2,0.07695442174635944,0.3737494417464359,0,0.9618217730663997,3117.79,3,0.1119073371310465,0,0.2616217058574836
S4,RawMaterial,71.8,43,13,0.013540126772172712,0.44008344453742665,0,0.8261877258028313,1480.75,7,0.10495046597030157,0,0.36096924761125065
S2,Electronics,85.72,29,4,0.04404679309785708,0.9213759895281451,1,1.179088267046037,4302.18,1,0.014239579449843415,0,0.5946110602176728
S2,Electronics,47.34,42,12,0.07023737401060409,0.8881985709130634,1,0.9351601767034265,2596.61,8,0.14302258318168773,0,0.639704640465305
S3,Electronics,79.11,5,1,0.01353094026876377,0.823220977952436,0,0.9782604851059111,4269.69,1,0.11170243771201331,0,0.5051347259949478
S3,Office,13.65,30,1,0.05978422099949774,0.3766751474957343,1,0.8670181340813463,3000.22,2,0.09239380436216525,1,0.251083211940147
S4,Electronics,21.06,23,6,0.07989525124169056,0.004493246828920161,0,1.1461400956183692,4082.76,2,0.0716552242177027,1,0.06952166632700212
S2,RawMaterial,28.28,21,2,0.059554889628920665,0.6815833201075193,1,0.9165715151458447,2173.35,4,0.026688363114815844,1,0.4411021732389021
S2,Electronics,46.18,26,6,0.05114639243275176,0.41095383446520384,1,0.807929217359785,4754.27,2,0.14430239654801905,1,0.30477336126609067
S2,Electronics,86.12,47,1,0.08382995532028407,0.7570581928374356,1,0.9265610330351668,3502.21,7,0.0011787565053612281,0,0.48652675944140367
S2,Electronics,41.16,21,11,0.09854203500012167,0.7948520460835502,1,1.1936238738131584,3179.71,9,0.10387217013448163,0,0.5850452667215951
S2,RawMaterial,68.92,20,10,0.018131295235517476,0.4397234029174242,1,0.8587371491259981,2085.61,6,0.07611664868074476,1,0.3407020017496812
S1,Electronics,73.84,23,3,0.06913463413275371,0.7481025653169484,1,0.8124809951954111,4717.33,0,0.1353872835036861,0,0.49103050085856653
S3,RawMaterial,62.76,4,14,0.00806575543395367,0.8399372805196774,0,1.031270236091593,2019.8,5,0.05710459190321639,0,0.6063820949419925
S1,RawMaterial,42.15,21,9,0.004284102397394718,0.9284761316015001,1,0.9486666185870032,4261.37,1,0.07779666284519261,0,0.6226566239658327
S2,Electronics,61.93,21,2,0.028081897023101012,0.5824553324893943,0,1.1179901196841806,2319.39,7,0.1113509087870079,0,0.37218348288628117
S4,RawMaterial,40.8,1,8,0.09709197885268799,0.7784787690598826,1,1.09275510554349,3952.33,9,0.007134981498378345,0,0.5533577122345931
S4,Office,17.55,15,6,0.05521956513689377,0.4945648702096471,0,0.8741676112399307,4603.45,7,0.008171286153753232,0,0.3561619345239993
S2,Electronics,99.35,17,12,0.02682713439554112,0.04166300042996207,0,1.0258529220620398,2595.23,6,0.03175091232568931,1,0.1187602262909253
S2,Electronics,21.45,14,6,0.013258609640495878,0.15522142779918335,1,0.812974402982434,2867.61,7,0.021963687529384306,1,0.13996758242880164
S4,RawMaterial,16.51,19,7,0.09201834030133361,0.1282245092396701,1,0.9757912912537908,1986.54,0,0.0009665202500839298,1,0.15454020763420215
S1,RawMaterial,89.07,34,5,0.03623665818714407,0.17176559011547887,1,1.085621288787343,746.13,7,0.0934484733159316,1,0.14964463723971627
S1,Electronics,37.17,6,12,0.030669727038699825,0.010212749612843242,0,0.9659835168351081,3436.17,0,0.11939069511840113,0,0.1010428535936016
S2,Office,68.53,45,11,0.08579634319990052,0.8587068232651526,1,0.8471816591280644,1038.39,2,0.14356724645033866,0,0.6195344254904902
S1,RawMaterial,39.61,49,4,0.060440283171087066,0.5601493199490124,1,0.8246134347957417,2093.27,3,0.06613504765078775,1,0.3827931054921621
S4,RawMaterial,45.23,6,6,0.01686361116416272,0.38315000301126767,1,1.1414637799124707,2072.72,2,0.041958098736235246,1,0.27780622801315225
S1,Office,33.59,5,8,0.042151053151917174,0.4097788715769751,1,1.1565307839796453,1179.52,1,0.1295853673167746,1,0.3156554960346174
S2,Office,40.87,7,4,0.0928231068105708,0.4633510937188695,0,0.9372369924871199,3500.2,2,0.12665934192590886,0,0.3344290168459215
S4,Electronics,46.96,33,5,0.09012035745643546,0.07388350041959257,1,0.8656689298523013,1285.7,8,0.0937264816400555,1,0.10708049320297189
S1,Office,74.84,13,7,0.007010979272431084,0.2746654115799202,0,1.1914464852496884,4002.51,1,0.040972355796290195,0,0.21690254072968146
S3,Electronics,56.04,1,6,0.02686131927526222,0.8516264370920849,0,1.0183455214404842,1621.76,4,0.13627763923589015,0,0.5618914008949725
S4,Office,94.92,13,13,0.015453939802914941,0.7436752362139845,1,0.9906620174863299,1792.79,2,0.026760200503766856,0,0.543698466526408
S4,RawMaterial,13.77,43,4,0.053381171425834484,0.5634055382539078,1,1.0966430989573115,2046.78,8,0.006546975546552841,1,0.38262910295152364
S3,Electronics,55.28,27,13,0.07499833170303184,0.480703984669963,0,0.8675477357685447,1187.39,6,0.11949274270910464,0,0.4037790331700302
S3,Electronics,62.58,7,4,0.029554321115596763,0.2589731849908994,1,1.0319958893615644,2454.19,9,0.08454885906516878,1,0.19282163590064724
S4,Electronics,92.82,3,10,0.07579960773853217,0.47125496964710545,0,1.1560649425630356,861.46,2,0.03697017256777877,0,0.37692143553839436
S3,Office,14.42,25,4,0.06687155730691681,0.5978552760668148,0,0.8092273943751435,2422.02,1,0.1006343493480319,0,0.4073460614035925
S2,RawMaterial,61.61,33,1,0.07282222094075168,0.7126379514315806,1,1.0691758827408395,2029.6,1,0.11500747857191478,1,0.45657229428403096
S2,Electronics,86.83,40,5,0.09482437133026532,0.1666401877523238,1,1.0205695823005623,2022.19,4,0.12668189270134403,1,0.16414570976475962
S2,Electronics,31.77,17,8,0.04246118607867028,0.8131102684707774,1,1.1803203137897804,3473.03,8,0.04231890239529468,1,0.5577473740489246
S4,Electronics,88.87,45,7,0.03425680246114792,0.34581127703382253,0,0.9034794039688856,3960.6,1,0.0038381176877924084,0,0.2677638069586379
S3,Electronics,11.71,14,5,0.06838472081316876,0.5032580832903554,0,1.143556656770549,2101.99,1,0.0765058230040279,1,0.3581845519324496
S3,RawMaterial,75.92,37,3,0.08075571414777903,0.6079043165963325,1,0.923594280753314,1679.07,7,0.12841178971955902,0,0.41039787563070457
S1,Office,93.98,23,11,0.019144529170927172,0.4880951562210333,1,0.9719454304251631,2724.57,2,0.031173200589290725,1,0.3771718810553267
S1,RawMaterial,69.15,24,1,0.08467996008147614,0.571956904154119,0,0.885315025905798,4044.74,2,0.06316882096778076,0,0.37572098765977135
S3,Electronics,49.51,29,13,0.00578524909990914,0.11152346468287122,0,1.1454364063142037,3400.58,5,0.03846311026273331,1,0.16150679639683835
S3,RawMaterial,14.04,38,7,0.0006393752076019555,0.4321554551086352,1,0.878163864261444,671.01,5,0.002004397713586453,1,0.30948508562746163
S3,Electronics,92.81,27,13,0.015842714940617942,0.28046747093622637,0,1.143605197305818,2659.68,5,0.13477861446650205,0,0.26589043990106404
S4,Office,52.33,38,11,0.09786671869732326,0.08602615388687018,1,0.982245353028219,4959.34,4,0.020257984006348734,1,0.15954713651274766
S3,Office,12.61,40,3,0.05235653776177765,0.19164922563199427,0,1.1340341975267283,2089.07,3,0.11501506736302602,0,0.15212506813630128
S1,Office,72.08,45,4,0.0046567411514109374,0.6024445664274584,1,0.905795423643946,2483.23,8,0.051990484768749075,1,0.39143519077332684
S4,Electronics,53.37,23,14,0.0997175684049713,0.19668640265145032,1,0.8530920565484826,1793.33,3,0.04165228633599978,1,0.2479271121123616
S3,RawMaterial,21.19,31,5,0.07449112548270224,0.18106401011909334,0,1.0219845059839607,2739.63,0,0.14115433297580526,1,0.1667000294305524
S1,Office,29.28,36,13,0.08380050759512164,0.5528304323866363,0,1.0037748268222866,1224.15,7,0.09857992301109636,0,0.44969555456766114
S4,Electronics,15.8,17,12,0.021294052648008346,0.9047025067069852,1,0.9426429512014131,1611.56,7,0.10303839928822137,0,0.6349240055328793
S3,Electronics,61.69,37,8,0.010544943423635766,0.7886928506398297,1,1.0651285674153657,3702.81,2,0.11394793776807668,0,0.5335220505538457
S3,RawMaterial,65.98,3,13,0.05150849427176344,0.9050891105198504,1,0.8380571315030046,1122.29,8,0.051140000403399624,0,0.651363157450582
S3,Office,55.52,36,7,0.07721756842822425,0.5829802022965151,1,1.0488004299660518,4667.65,6,0.08454967210436597,1,0.4229533919063764
S4,Electronics,83.54,5,9,0.06377806523184976,0.4099295604586072,0,0.8847024374000948,1885.82,6,0.04053350160703285,0,0.3293768701304335
S1,RawMaterial,87.49,46,11,0.0631059331518171,0.7296413655419434,1,0.8515818224085189,3087.61,4,0.12518122732153036,1,0.5352880278421397
S1,Office,65.41,15,3,0.07570960836883199,0.2613640281826509,0,1.1638432720501424,1948.24,2,0.08989610689479899,0,0.2009598708488116
S2,RawMaterial,11.15,49,14,0.0227020825553512,0.07805395800540371,0,0.9839183044615338,2651.14,9,0.036511023906167644,1,0.1536429995698476
S3,RawMaterial,72.57,6,11,0.06615192818109894,0.3446147927311356,1,1.1053667486352097,4567.11,4,0.13496376094826673,1,0.3051858826644396
S2,Electronics,47.62,10,10,0.039211066913535736,0.2992366974870174,0,0.8356467713794069,808.6,2,0.08712600007257776,0,0.2627339099948426
S2,Electronics,60.9,32,1,0.0069753485320339205,0.6755389278171422,0,0.8229859512024333,4353.54,2,0.07425457548861196,0,0.4145588183927526
S1,Electronics,68.42,23,1,0.020214260624338534,0.5513626788118143,1,0.9979408851684259,3009.08,0,0.0051731379647950715,1,0.34402474261724725
S4,RawMaterial,41.52,48,12,0.07940037392048926,0.13826298405578552,1,0.9262204606180523,3492.82,3,0.13647030077409186,1,0.1924921883239038
S4,Electronics,92.54,17,10,0.08959306980804571,0.9085041797704697,1,0.8019629170037931,751.49,8,0.14284108740470672,0,0.6434090002332669
S1,RawMaterial,22.06,46,13,0.028282181152837694,0.5933389405048042,1,0.8733178579595469,3926.3,5,0.08438979417567058,1,0.4573451615058767
S4,RawMaterial,70.44,20,14,0.019036093800568213,0.45768422542377685,1,0.8875102061961831,1075.0,5,0.0663770030421836,1,0.38032136339443656
S2,Electronics,10.39,44,1,0.002672450424517481,0.9371949271186536,0,0.9154025418124375,4841.7,5,0.053934759900703545,0,0.5702615485414045
S3,Office,93.22,41,2,0.09476973885868119,0.09730184879790083,1,1.1510142308173403,4096.79,4,0.04020719738040535,1,0.10109774522205914
S1,Office,20.13,15,2,0.06838549250352079,0.7895929381397178,1,0.9682410124527875,2717.91,1,0.08617940067063093,1,0.5085571249206011
S3,Office,18.54,44,7,0.09570301050431604,0.36466550572000933,0,1.0717729561908347,4658.75,4,0.019214257952184805,0,0.2975102065833004
S4,RawMaterial,39.97,46,9,0.0863849182970555,0.6953897509239716,1,0.8073584370646132,1260.83,9,0.13787604123677102,1,0.5074350403292139
S3,RawMaterial,43.62,22,8,0.03404665926904077,0.9307254276476786,1,1.125570271153147,4962.49,2,0.02639381070867312,1,0.6257921115121765
S4,RawMaterial,29.29,6,4,0.011268304575550682,0.5177130804854173,1,0.8961315776785669,3725.69,9,0.1118269893515276,1,0.3425797682353442
S4,Electronics,62.66,4,2,0.04990567948601378,0.022638823428747346,0,0.9236157315641739,942.7,1,0.04603316585529772,1,0.042840712188766825
S2,RawMaterial,49.86,23,3,0.002681379781767102,0.028848230172337952,1,0.8181025727948155,2914.66,3,0.03391066165180174,1,0.03954192346650433
S4,Electronics,13.08,44,10,0.014991662814344964,0.3305608190853765,1,0.9638771623894462,3698.94,9,0.08368037690321696,1,0.2742625617241008
S2,Electronics,38.77,45,5,0.023343262901508358,0.7816582193950619,1,1.1410307090960181,3258.6,8,0.11476874717392577,1,0.5117121962217753
S2,Office,82.94,19,9,0.06656465961444752,0.28826134307358275,1,0.9514937032481157,2407.77,6,0.10901050034104719,1,0.2572119180141982
S2,Office,72.07,45,8,0.050987747395409615,0.33446860088621766,1,1.163442108302557,1616.64,9,0.03506345263458112,1,0.27312034189321066
S1,Office,75.24,31,13,0.03024195561127978,0.7844607131975687,0,1.1469790412770728,1572.03,8,0.04957535254044014,0,0.572606157459068
S1,Electronics,72.83,44,12,0.05647683991913399,0.11618917391928085,1,0.8247843771977305,4671.28,2,0.1303248274500564,1,0.17237084204159442
S4,Electronics,37.99,3,14,0.01252026488883673,0.8468129619628856,1,0.922108777512725,1556.33,1,0.10848656167746121,0,0.6118438566443823
S2,Electronics,18.97,28,3,0.07557081268186126,0.26579251555410655,1,1.1641669230069842,4830.82,8,0.10690408580288431,1,0.20357532456559374
S1,RawMaterial,34.52,3,9,0.07120351387532843,0.05122307102890822,1,0.811923576989868,1446.02,5,0.040335761449783646,1,0.11638061106565775
S2,Electronics,84.86,14,10,0.02165026756805294,0.11734270640368927,1,1.1063233138435038,2229.28,9,0.11880064615116533,1,0.1483292755412009
S3,Office,98.24,18,3,0.06063915557763068,0.9525548867388236,0,1.1625711916605068,555.46,3,0.05376266931486567,0,0.6111532501451548
S3,Office,54.45,27,10,0.0503302604297238,0.45132395504386846,0,1.1081965593343308,4564.15,3,0.06020857802389648,1,0.3573220225838097
S3,Electronics,10.87,10,12,0.006081631184979975,0.25643810599845807,1,1.097525726802363,969.58,9,0.04313416335010891,1,0.24140163866885453
S4,Electronics,22.6,49,14,0.027815391683613445,0.5212709501791951,1,1.1373423102468598,2107.98,9,0.018208537055886292,1,0.42110718761260113
S2,Office,38.99,15,8,0.09994827040238524,0.6823466533938003,0,1.0663158244128046,4291.33,5,0.06305903444936971,0,0.49653533029985286
S3,Electronics,62.07,19,1,0.009953566111081603,0.31879840804406934,0,0.9692384755131886,4063.54,6,0.002540925288355289,0,0.2014079718026232
S1,Office,16.76,9,4,0.050641130702216076,0.725271203161024,0,0.8251022205340222,4286.75,9,0.06838653591408896,0,0.47892648967870777
S3,RawMaterial,94.9,4,4,0.08493337546145772,0.25225205090720204,1,1.1151869780057784,4613.48,4,0.10875096571547294,1,0.20540267175418714
S3,Office,42.86,15,6,0.030065187300516397,0.11233723204404056,0,1.1621014556163565,4599.82,7,0.14411175491467126,1,0.1192790382737221
S3,RawMaterial,92.13,48,12,0.026070863899375053,0.5497082203690948,1,1.00463458462128,3967.25,9,0.011791971684905011,1,0.42336047710555513
S4,Electronics,80.25,8,12,0.08907930516903238,0.1511186758941303,1,1.013004189782316,3120.91,0,0.04219360562632426,1,0.2031092828014736
S1,Electronics,77.99,49,2,0.03048299469815731,0.9404848786991399,0,0.9613147936584271,3026.97,0,0.07411965774175504,0,0.5877215399146454
S2,RawMaterial,64.6,1,7,0.0651493311252792,0.0004490281318507705,1,1.1427530443335436,558.14,3,0.025558192305287445,1,0.06981421621669423
S1,Electronics,66.41,7,5,0.07403129843309826,0.7556960999665465,1,0.8059213215854321,3751.57,7,0.0175242783114457,0,0.511341335224143
S2,RawMaterial,67.42,31,10,0.0788617749307105,0.2794732039569109,0,1.049819419846074,1520.05,7,0.06784771581758257,0,0.2627710262819311
S4,Electronics,66.58,18,6,0.09947596373069965,0.8460868617723669,1,1.162965239103495,4229.14,5,0.08710957933383101,1,0.5803520490397729
S4,Office,59.84,12,11,0.08031920697099004,0.06015088374037525,0,0.841288930212907,2992.12,4,0.12303115898195432,0,0.13875772090695074
S4,Electronics,98.78,48,14,0.06570121568875344,0.9530005982995715,0,1.1836658149591952,4942.62,9,0.1496705132691268,0,0.6915107236863689
S4,Office,75.91,30,6,0.08954635577589737,0.10139488383301343,0,1.1870712656140456,1446.23,9,0.1161406169980777,0,0.13055797988972012
S2,Office,79.93,33,14,0.09057446356389476,0.7878827550354454,1,1.1719155860624615,3755.59,1,0.03320106779494803,0,0.5999019920904356
S3,RawMaterial,88.52,47,14,0.09731664576596151,0.5173422136356044,0,0.985018438388769,2963.9,4,0.11219671031418713,0,0.43960032191115106
S2,Electronics,29.41,7,12,0.07764652644764862,0.430394791877585,0,0.9531880012129189,4693.13,4,0.08057304364786234,0,0.3672451187751312
S1,RawMaterial,17.54,28,14,0.019492733059813097,0.28015578591027157,1,1.082379094608815,1696.97,1,0.06762143635551583,1,0.27394129146410684
S4,Electronics,53.46,49,11,0.07098060889039902,0.8413695352490652,0,0.9274760871776366,767.47,7,0.14035927408609045,0,0.6046873323879873
S4,Office,56.27,3,6,0.00751284416438185,0.19975139753295013,1,0.8273376612381559,2947.4,9,0.10531388803794922,1,0.1649618346262275
S1,Office,84.63,43,10,0.03179629279153935,0.7212412749928592,1,1.1605688653448125,2847.26,4,0.10225396103159369,1,0.5137122242617488
S2,Electronics,49.94,6,12,0.011580751031558346,0.44579165102800633,0,1.0539424239727018,1902.68,4,0.0017633947091400314,0,0.35666350164055705
S3,Electronics,61.38,31,8,0.09499426068875401,0.9984950071472699,0,0.8828617993165072,4939.42,0,0.12976072370696745,0,0.6847381396378452
S3,RawMaterial,57.44,38,10,0.0338754112224362,0.6113990201697727,1,0.8073634245393138,813.7,0,0.11899507161154665,1,0.4484306068971659
S1,Electronics,13.44,15,4,0.07132156464432497,0.1041896038237684,0,1.0894063867725232,3062.84,0,0.04484128168956639,1,0.1124816602589871
S3,Electronics,65.37,7,10,0.05713184357861273,0.41952118915199954,1,1.141119969105758,1670.98,7,0.0438170118759913,1,0.340280837993355
S2,Electronics,84.52,43,8,0.010751141305713686,0.06629898038519577,0,0.9622590302593308,508.6,9,0.008021769007785007,0,0.10014758776568872
S2,RawMaterial,24.18,30,9,0.056134444788087746,0.28565563438911457,1,0.832359284341258,4945.32,1,0.007628463559301573,1,0.25251942835560937
S1,Electronics,63.49,27,13,0.06610235434248729,0.34331679488110467,0,1.05944849508014,2667.26,7,0.10028917701925219,0,0.31867792608855183
S2,Office,63.42,17,13,0.08815172573136297,0.8531766083396028,0,0.9187716208939595,4357.36,5,0.02793564193616691,0,0.6312086255803134
S4,RawMaterial,24.78,18,4,0.007008564241914317,0.8379874766075357,1,0.8575786899801108,4280.3,4,0.1385321774757826,1,0.5334664838085242
S1,RawMaterial,21.11,22,1,0.02956339850968406,0.011557219983401201,0,1.0041586220824938,4155.25,5,0.12636066420374287,1,0.02294620868580308
S2,Office,98.2,26,3,0.06923409439126126,0.5322786150050923,0,0.9927374899569031,2565.58,3,0.05233277400482756,0,0.3615659687490052
S1,Office,45.43,27,1,0.0034331635871811873,0.22354375560328243,1,1.006708163630944,4531.67,2,0.05701028277186532,1,0.14229905958098096
S3,Office,30.47,40,7,0.02035534561774709,0.32009309804555575,1,1.1295729294236796,2152.73,3,0.049091484128217094,1,0.24816246251265756
S2,Electronics,25.42,24,12,0.021867039640466813,0.02165128552553519,1,0.9938183529910742,2337.74,8,0.013859236978763895,1,0.10526516892174687
S4,Office,70.08,8,1,0.06693264127735739,0.749745865445313,0,1.160216231898345,1650.67,7,0.004714523647532692,0,0.4770701687932521
S2,Electronics,64.85,21,11,0.028596067947544747,0.9505897757524013,0,1.1367242478488664,2516.38,7,0.0678199737509846,0,0.6575041144071327
S1,RawMaterial,67.92,29,4,0.05995956622601574,0.2192670403138518,1,1.0604463797132808,4939.25,0,0.14145601717372416,1,0.17811952262754438
S1,RawMaterial,17.92,43,13,0.09653484466763074,0.3417728670478325,1,0.8227407430421224,3079.58,4,0.13758739812287027,1,0.32688131648613156
S2,Office,90.42,21,14,0.07932429820012339,0.20643399472986423,0,1.145977755785134,4239.94,5,0.12147581116820466,0,0.24765768629795556
S4,Electronics,45.03,3,1,0.03329028046445061,0.9300486636415286,1,1.1622288117786963,1685.04,8,0.09428923911645071,1,0.5751591394671094
S4,Office,38.2,31,13,0.04723999688393643,0.009355967907426765,1,0.9500188538041171,4801.64,9,0.12843336100371733,1,0.11264272266677985
S4,Office,51.61,27,13,0.02006739021010029,0.5838622812910351,1,1.0104607038626434,559.28,9,0.07726027765973462,1,0.449194728694794
S1,Electronics,45.11,46,2,0.0015720010303449828,0.8707639611221499,0,0.9124082682554109,4686.1,5,0.027024019953094756,0,0.5372156912681078
S2,Office,87.72,27,11,0.028971539812485826,0.1863071741153468,0,0.8058865336029568,4541.02,0,0.10262555216838477,0,0.1990471949843824
S3,RawMaterial,93.63,9,14,0.03694086112049382,0.5899952913620822,1,0.9917804245276524,803.1,0,0.1380969052767743,0,0.4650794331533974
S1,Office,37.31,33,1,0.056436717291847543,0.05064810486488491,0,0.8517435893510525,3221.81,6,0.002940764610862018,1,0.05446273524934235
S4,Electronics,87.75,33,13,0.09440666492637298,0.8145851335678094,0,0.8733298840906331,4033.6,2,0.03771660783118961,0,0.6099302224757404
S2,Electronics,80.34,26,5,0.09478520730718337,0.2744291227729382,1,0.9922843246489046,2317.14,6,0.039815728690690715,1,0.22880732157020364
S4,RawMaterial,93.77,28,7,0.007009829885928876,0.9887534171952607,0,1.1468153363920088,913.36,4,0.014855930792439137,0,0.645354999282935
S3,Electronics,32.12,44,3,0.061464567953117034,0.9220096204897769,1,1.137853068701713,4232.3,0,0.0338241332097824,1,0.5930737141083727
S4,Electronics,61.93,43,14,0.004235265088785612,0.732515969932714,0,1.1860273685720135,2599.24,7,0.05759731168671282,0,0.5407801614862641
S4,RawMaterial,34.71,31,8,0.06480810748157036,0.4968426413714917,1,0.9930722474093752,1684.63,8,0.1409753137272486,1,0.3746908742102233
S3,Office,84.17,1,14,0.011770306227514661,0.7665891118609018,1,1.0208035638857849,818.85,5,0.12903986536901946,0,0.5634845589847954
S2,RawMaterial,10.48,20,5,0.09464028250221004,0.13060904754276215,1,1.1288464937240035,3380.77,1,0.14190093363939252,1,0.14247179899060602
S1,Office,60.83,12,5,0.08643386825389694,0.3101996396141712,0,1.079869364159869,690.36,8,0.018085766508350882,0,0.24776422995895753
S2,RawMaterial,40.53,17,13,0.0022328830553383304,0.026896388576857055,1,0.8731288427609357,4059.92,1,0.004207269242888501,1,0.10966484091985859
S3,Office,39.04,15,5,0.07821317244578563,0.6450246416097402,0,0.9592699008359825,3968.38,5,0.01648247466166575,0,0.44619302241386544
S4,RawMaterial,68.04,34,8,0.06358971171706111,0.8055376380815145,1,1.171663716830596,1953.24,9,0.13714434522789407,1,0.5595423535068842
S2,Office,86.63,16,2,0.04953691906343791,0.9462855535131677,0,0.8584508573171131,2625.29,3,0.023623295780332593,0,0.5969181221126462
S1,RawMaterial,64.83,4,2,0.06026344867524885,0.6865071850502412,1,0.8837425496105602,3511.49,5,0.08589550598587872,1,0.4442690599184337
S3,Office,86.79,8,14,0.06782500604631375,0.7320912402227293,1,0.9602640167684232,4816.06,3,0.03413735547911429,0,0.5596022459475317
S2,RawMaterial,33.81,34,12,0.08844574755605132,0.8954557782349511,0,1.1759496531064415,2840.68,2,0.0030953137375199224,0,0.6495214769220718
S1,Electronics,56.76,46,8,0.07673576610427454,0.9363780288581262,1,0.8455272566469387,4985.06,7,0.01269320132138665,1,0.6419904042890152
S3,Office,50.55,25,9,0.057537781932999056,0.49129754986970575,1,1.0691769466772245,1962.98,4,0.10646955344496196,1,0.37632557878743744
S1,RawMaterial,11.05,15,11,0.08246156607450085,0.10978738970827429,0,0.8528490095648263,2869.21,0,0.027354967802000866,1,0.1691823322187434
S3,Office,60.11,28,12,0.09869229565036003,0.46641730987215724,0,1.0098004142335149,1020.27,7,0.03437088081502191,0,0.395172360332688
S4,Office,69.54,9,10,0.03001820208932947,0.5560738628722898,1,1.014625405296053,3003.98,2,0.05658847512355286,1,0.41407834977874414
S2,RawMaterial,63.27,2,10,0.011842069401826817,0.631544771395544,1,0.8170504426136779,2913.41,3,0.098586234020426,1,0.4539080550864459
S1,Office,76.27,17,2,0.07314482607086997,0.9892845573092734,0,1.181647116308629,4319.66,8,0.07040585894394993,0,0.6297998964925393
S3,RawMaterial,61.42,10,4,0.09785963339129833,0.9175632152907706,1,1.1226490520943406,4984.48,2,0.14169153239906546,0,0.6084672477632804
S1,Electronics,16.01,9,8,0.01167059212024676,0.3963642027457285,1,0.9211416806105024,4937.8,4,0.0651273286109495,1,0.29846255642636826
S1,Office,20.48,31,2,0.04317072580082422,0.11345368627070984,0,0.8522497167238942,1563.36,7,0.029869638029620754,1,0.09530914378838747
S2,Electronics,63.68,2,4,0.006226764218572223,0.21479159822267102,1,0.9382506852096195,2023.0,5,0.08042142591135121,1,0.15931441677060285
S4,Office,34.75,24,10,0.07765319427707898,0.17379962283342054,1,1.1577106184976933,1735.96,2,0.06763344226423006,1,0.19900430341174746
S1,Office,17.17,19,13,0.09487087157171122,0.35601272714899657,0,0.85307343873732,1398.56,7,0.11807075078025446,0,0.3349260406180542
S3,Office,48.66,17,13,0.04989941544519999,0.8764892839452321,1,0.9397268393299104,1175.61,4,0.14026818458092236,0,0.6337205378578421
S3,RawMaterial,59.89,43,1,0.04095211472601892,0.4379685061487193,1,0.9977217698659316,2802.85,5,0.1254442842054761,1,0.28220959524989436
S4,Electronics,39.59,49,2,0.09077190232505211,0.5672773713978572,1,0.8131537267146626,4426.24,2,0.05835595873889132,1,0.3818837078219442
S3,Office,74.84,10,7,0.013338838931711661,0.17916687483871485,1,0.9072134850605207,3154.4,7,0.03241741834370395,1,0.1615017765827424
S4,RawMaterial,67.94,28,1,0.08915843114750255,0.4928482809843965,1,1.0382535574270872,4426.99,3,0.1371733405520891,1,0.3295993550777458
S3,Office,39.95,38,12,0.03921260028013675,0.873627721400292,0,0.9295858324863409,4817.73,8,0.0578909477155752,0,0.6216546986385019
S2,RawMaterial,77.94,48,1,0.055940641235789734,0.7734632635180768,1,1.1482101761413037,2224.14,4,0.11553099351730652,1,0.4880030076244401
S1,Office,68.38,28,2,0.052829210512830904,0.0811907157990216,1,1.1747061674876862,4260.51,0,0.1484291011819336,1,0.07884890691897652
S2,Electronics,67.37,1,4,0.06159791744104451,0.8620722687501151,0,0.9766171461798895,735.51,8,0.08661640222729142,0,0.564294165053811
S1,Electronics,59.81,3,7,0.09421233137575041,0.27382809741992653,1,1.012808190166489,2664.83,7,0.07198207025533283,1,0.242560557864681
S1,Office,11.03,15,4,0.09511270322673777,0.6657162493399673,1,1.052323307324404,2157.33,4,0.1049806173721823,1,0.45653498914343027
S1,RawMaterial,72.69,10,5,0.08311482671636855,0.14638290514273133,1,1.065813986437916,1421.83,2,0.02908964711859613,1,0.1484784768148351
S2,Office,43.84,21,4,0.019154407703779942,0.6746443700858021,0,0.8253031777601939,2472.77,8,0.07323596081979751,0,0.4391043729340438
S1,RawMaterial,94.83,37,4,0.03335163243884594,0.03570142885716332,1,0.8214717721064638,2496.66,6,0.04684961356654886,1,0.059997775617380344
S2,Office,83.62,15,9,0.04878248502545447,0.6006447010702178,0,1.1462350696991015,4138.43,7,0.024634180601351984,0,0.4393072804354813
S4,RawMaterial,62.89,23,6,0.09054609393685174,0.6459401707613442,0,0.8879488187170755,4410.13,2,0.09152048235464293,0,0.45758507349500493
S3,Electronics,32.7,14,12,0.05208648238462119,0.24449671405906415,1,1.0336422011775233,3456.28,5,0.086355912818722,1,0.24803825886511055
S3,Office,28.33,15,3,0.0977435664668798,0.93697608971048,0,1.0498687258054433,3350.25,3,0.11418053996138097,0,0.6129372951949233
S1,Electronics,40.63,10,6,0.09838411716692158,0.04597238720047947,0,0.8657857109600964,995.82,2,0.13094551863620418,0,0.09995581032750701
S2,Electronics,52.89,9,13,0.05985842594629827,0.8917093267849389,0,1.1046386507078598,3088.68,3,0.03305639790313339,0,0.6458402667119957
S3,Office,36.65,44,7,0.08774953395478113,0.38189748764253095,0,1.1463782473190682,1735.0,1,0.11695539780807002,0,0.30546335277195286
S2,Office,56.34,39,7,0.09992227120238989,0.7139147417025059,1,0.9141510725270792,1826.43,4,0.05510777411293936,0,0.5083255263822205
S2,RawMaterial,24.88,5,8,0.08497165180212198,0.6515484273479355,1,1.1511360723693749,926.49,7,0.09432084026901372,1,0.473563409092255
S1,RawMaterial,97.99,25,13,0.06569110131862546,0.1682462160279955,1,0.8324148675058258,3361.41,4,0.12753600413937166,1,0.2135122028695278
S3,Electronics,19.71,42,4,0.0845133525520495,0.31899927558985874,1,1.1201855704828947,3127.14,1,0.03842776729287283,1,0.2453249996909587
S1,RawMaterial,93.87,26,1,0.008265506178982108,0.5296734809125339,0,1.0560444643774773,1491.23,6,0.09014419259487556,0,0.32742659754407205
S1,RawMaterial,92.22,8,6,0.06348213175298394,0.8465102703846068,1,1.033244315754127,1683.67,7,0.07204783158002714,0,0.569807944613802
S3,Office,57.28,22,8,0.02165220322350051,0.9548600759354687,1,0.8920530979299793,3978.51,3,0.11858659401760785,0,0.6365545636711885
S3,RawMaterial,75.24,25,5,0.011606365065067403,0.020586633337241755,0,0.9447367211119939,4068.2,2,0.10458619484116578,0,0.05154817523615099
S4,Electronics,49.24,48,13,0.08928712523281018,0.3525582554710086,1,1.1641217537080837,2718.88,7,0.11544477538548625,1,0.3311782337095911
S4,RawMaterial,66.7,12,3,0.06396449437580538,0.6681439245824626,0,0.9862964345703003,1170.51,9,0.04319146944048122,0,0.4415042744907906
S2,Electronics,40.65,9,4,0.02435465459219237,0.5277294332426671,1,1.037752033745118,750.17,1,0.10565344411336439,1,0.35251548489468654
S3,Office,37.1,10,8,0.03867822977401486,0.943022115856759,1,1.1743406131184086,1721.61,6,0.09087088113894279,0,0.634559595589117
S4,Electronics,62.04,48,6,0.09732765453533919,0.01696943453594779,1,0.9865953761292968,3790.34,9,0.0685020684068635,1,0.08223709993931329
S2,RawMaterial,54.83,10,13,0.08621820528796287,0.4377393986176359,0,0.9553076953573635,3203.67,7,0.056751553555222545,0,0.38136624361411325
S2,Office,62.16,9,13,0.0015581795500515972,0.6688038478046222,1,1.1572808444192484,3731.48,4,0.04974000461931463,1,0.49460690540493163
S2,RawMaterial,35.8,26,5,0.09798009951323444,0.21758371386795594,1,1.1643551818022444,2622.87,6,0.0014511541954244922,1,0.19565854388902962
S4,Office,43.03,35,13,0.03685294733464574,0.7258713861149484,0,0.9418553037207954,3896.18,8,0.025433782696018148,0,0.5394358587265056
S3,Office,17.55,27,9,0.06954181659859247,0.0812286282213085,1,1.0367958730200828,2663.63,7,0.008846731833510974,1,0.13388543619807713
S1,RawMaterial,14.7,31,10,0.07126765646091936,0.4510385294813154,1,1.1854911091332951,878.07,4,0.12725363139445037,1,0.3634319860556365
S2,RawMaterial,32.81,19,3,0.09116844357070275,0.6762349561907047,0,0.8221882780557586,859.36,3,0.1290133305622623,0,0.45452007821420504
S4,Office,16.68,43,7,0.08850608762036147,0.2667571282404816,0,0.8159209678082335,4241.76,2,0.12692900050339015,0,0.23660610323039738
S4,Office,19.34,38,9,0.028172959144966092,0.07384641767526279,1,1.0066322035475923,3333.31,5,0.12268796465306737,1,0.1170454526343618
S1,RawMaterial,83.16,6,11,0.0643535478285731,0.9570216097994428,0,0.9164960574506354,1756.07,3,0.033199568029196526,0,0.6720904587996661
S1,Electronics,13.5,15,13,0.03937054229290045,0.9138230287952627,0,1.0327399539736601,3907.29,3,0.07376792617660109,0,0.6529621228221705
S4,RawMaterial,69.3,29,11,0.05255437364597198,0.9263699116117329,0,1.0897181411734378,1110.81,6,0.13617656579525952,0,0.65015968763226
S3,Office,34.53,47,12,0.055467852543493915,0.978502383297728,1,0.827629735008389,3403.6,9,0.11396726910705963,0,0.6894560714559707
S1,RawMaterial,88.44,45,4,0.03963434458310368,0.18469805441137155,1,1.152946990320878,4952.69,4,0.0002730428931541351,1,0.1512805645931826
S4,Electronics,53.65,5,10,0.046389402044042675,0.15777599779244522,0,0.9107548004947824,1175.09,0,0.06891398646056902,1,0.18001099071725135
S1,RawMaterial,37.5,14,10,0.020834226792101118,0.034214586207677034,0,0.9525389928720777,1138.75,4,0.0016005298889481933,1,0.09820759119080799
S3,Office,56.59,2,3,0.06076463832614718,0.8918227876177824,1,0.9348147007856201,2605.25,5,0.042099157047101224,0,0.5747516354970851
S2,RawMaterial,44.38,23,1,0.07589598154427607,0.752762841135952,0,1.1359339432356794,3391.98,0,0.06536436618403275,0,0.48156935628771114
S1,Office,60.79,44,9,0.042974120412327454,0.6332624111184941,0,0.8682608800648404,619.46,2,0.13393489389754185,0,0.457135397080509
S3,Office,20.31,46,13,0.09776800882040687,0.9276761591861373,1,0.811469287324659,2748.52,5,0.09815764262209897,0,0.6787932410149473
S4,RawMaterial,99.73,19,1,0.005722640741146857,0.5750766144924971,1,1.1887206446876917,874.27,6,0.05437268482348614,1,0.3539056180606994
S1,Office,48.3,24,2,0.05891606817472145,0.12973075272554802,1,1.1922529900884415,1585.96,6,0.07359823536793815,1,0.10979898637345953
S1,Office,41.34,20,9,0.058360077344376204,0.1768644749350079,0,0.9030771319520744,3705.79,6,0.1226084232895461,1,0.1879124224500319
S4,Electronics,73.92,47,5,0.0036296278410749452,0.1321839303380965,0,0.8037410540417022,3824.89,8,0.04494833986705698,0,0.11611353226946611
S2,Electronics,42.75,27,4,0.022457017239773804,0.3076580127230325,0,1.0583668408773335,3783.8,1,0.09225521632029997,0,0.2199033413771802
S4,Electronics,84.99,24,9,0.09055425836495655,0.3794968331136138,1,1.0593853131059077,793.16,2,0.03933703258317756,1,0.3191500916633695
S1,Electronics,50.88,17,9,0.054451404460921386,0.7968390646846875,0,1.176142685786288,4040.43,6,0.07199451558354937,0,0.5587245744348032
S4,Office,74.76,25,2,0.043638587496788055,0.19125391144534343,1,0.9193882042970241,2444.93,5,0.003698775534309501,1,0.14212963740195675
S3,RawMaterial,19.67,46,3,0.04154964455368389,0.7253651528437021,1,0.875801671158595,2638.89,0,0.1278412979237538,0,0.46911255650089784
S4,Office,86.15,31,12,0.08881608320201093,0.49122850211450764,0,1.046552938873223,2388.61,9,0.007252324726826992,0,0.4070962119435936
S1,Office,76.21,28,3,0.036703117562158584,0.9996599211282728,1,1.0254684262233718,4356.6,6,0.03365407497576476,0,0.6322354593741828
S4,Office,29.05,28,5,0.08591668623262577,0.776582461044869,0,1.0870947174826464,3559.87,1,0.050026781843821574,0,0.5274387682109949
S2,RawMaterial,23.08,22,13,0.03091925993094502,0.9689529886532927,0,1.1540509613161782,2750.12,3,0.09377416751507724,0,0.683504714028402
S4,Electronics,38.47,5,3,0.053150398450284346,0.34235150163532835,1,1.0238980749919957,4254.29,6,0.10800501983625835,1,0.24278459194485372
S2,Office,97.85,44,10,0.014381976953590881,0.12305019316625787,0,0.8600301039175168,4124.14,3,0.012067656342816495,0,0.14957328041440343
S3,Office,33.11,42,6,0.08250303122434446,0.5058958051452059,1,1.0392515773446571,522.7,5,0.006519822882718557,1,0.37114553531156974
S2,Electronics,51.05,8,2,0.07359748710048279,0.124239473863474,1,0.9496406269725032,2654.96,8,0.11984848299440232,1,0.11090864473394353
S4,Office,12.7,38,6,0.05300930634747665,0.4924517048620648,1,0.9810940114436414,690.11,4,0.10682498008561894,1,0.3542309576786247
S1,RawMaterial,45.75,28,6,0.002590130747897279,0.2699410261753804,0,1.1837937563556664,1882.34,2,0.12473255313819848,1,0.20559879778674028
S2,Office,61.42,47,2,0.04812573318575541,0.4910472124280867,0,1.0219788216970151,4117.27,5,0.10148073977752745,0,0.32335176169829294
S3,Office,95.78,12,6,0.022519652822524685,0.9496362036219659,0,0.859858863551577,4748.24,3,0.1126518405534979,0,0.6193947608770797
S2,Electronics,56.51,25,6,0.041337429587501945,0.2890340642234972,1,0.9772634428498064,1589.3,8,0.056855757457071714,1,0.22867881026749176
S2,Office,83.72,38,6,0.08564264888586445,0.9934340493695611,1,0.8913722010464652,596.41,1,0.08852764805924547,0,0.6646103671446388
S2,Office,59.24,44,12,0.0769603305350733,0.2293294694040855,0,0.854192997733172,2310.51,9,0.12080885143052139,0,0.246400066517259
S3,RawMaterial,13.67,15,13,0.02419529095075972,0.20810837899703338,1,1.0848936449340132,2008.03,4,0.025817630160977566,1,0.2249807575405908
S4,Electronics,38.35,44,14,0.09849534329255505,0.5447885229991892,0,1.0514276276555599,3546.35,8,0.06342344412392874,0,0.45642171678728005
S2,Electronics,61.8,41,5,0.09032105062904679,0.8420449383160855,0,0.9991155466071047,2727.76,9,0.11107346527197919,0,0.568037563892651
S2,RawMaterial,95.55,34,7,0.05286734431337664,0.7495035191817427,0,0.9692953183163385,2294.81,6,0.07989548576477781,0,0.5155623148030587
S1,Office,87.32,45,13,0.053015032028791334,0.7235369352959651,0,0.9288870923283512,1533.0,4,0.10224861793892573,0,0.5428838136433592
S3,Electronics,30.55,13,12,0.09012659650033024,0.2826329411521309,1,0.8352034848874009,4228.16,7,0.04393037938137209,1,0.2823320293556633
S2,Electronics,29.81,8,5,0.0636144808439232,0.022516776070323763,0,0.9197078590120774,1617.75,1,0.004851367697652697,0,0.06830869560965694
S3,Office,28.11,13,11,0.053668841186277294,0.1617482901442524,1,1.1353578491847143,746.31,3,0.004371866963156423,1,0.19172105501386322
S2,Office,93.02,36,1,0.07491485236809294,0.3494733011391725,1,1.1134701578349246,3040.75,5,0.14141717647955215,1,0.23930129353678853
S4,Electronics,86.74,6,12,0.02350971152707523,0.9716837505702006,0,1.1889270895764965,1928.07,6,0.1416810065992562,0,0.6757774495145287
S4,Office,79.74,38,9,0.08783774196955996,0.9197774579738796,0,1.0624268448524155,3705.96,7,0.03169235099319291,0,0.64250351166091
S2,Electronics,45.35,32,3,0.05314152404080544,0.20064458726609924,1,1.0214559030273571,863.92,3,0.0221198486956416,1,0.1577577810004726
S4,Office,55.39,21,2,0.060349929497170086,0.7256224779846957,0,0.918417793297148,4848.38,8,0.002720975083953131,0,0.4677641799256827
S2,Office,51.79,44,10,0.00899438712548345,0.5790168569033814,1,0.8307440970054241,1340.86,6,0.03468852844728877,1,0.4215370017082454
S4,RawMaterial,32.81,44,6,0.030950895876223163,0.04984265008772626,1,1.0472073353944726,2106.76,1,0.05015271617318604,1,0.08204800167264556
S1,Office,55.45,49,8,0.042673533667209454,0.3717056112985897,1,0.9952648766703088,2664.3,8,0.03618639504568217,1,0.2929682840221738
S1,RawMaterial,12.74,7,2,0.041390952343601954,0.48607374036590256,1,1.1036298053590443,4505.53,6,0.11960762104593019,1,0.31834724420833643
S1,Office,21.86,26,4,0.07782843661784579,0.6675741233501018,0,0.9647431713662544,3751.43,4,0.1124145748913153,0,0.45246443356684335
S3,Electronics,89.79,15,2,0.028232239749000798,0.29490511601444347,0,1.194220543145748,1151.73,2,0.012152121702881097,0,0.1996984558190806
S3,Electronics,77.65,49,12,0.0182109262343066,0.9338186290544822,0,0.9590448219453735,2473.76,8,0.1045982412153139,0,0.651468741017267
S1,Office,48.06,42,12,0.058261725146225324,0.45187905670366957,1,0.9332286539646323,2943.1,6,0.07808776798318748,1,0.374320237280355
S3,Office,56.54,23,9,0.06150148583670825,0.2485296241169651,0,1.1483945507002322,3659.57,2,0.019824915956228956,0,0.23185393450690583
S4,Electronics,43.3,38,10,0.012158330708624088,0.3164280872472477,1,0.9582025692075741,3073.16,4,0.11093031457394736,1,0.26493292298950727
S2,Office,76.67,41,13,0.00024685029859959905,0.7518854286189642,1,1.148358927648272,2558.01,2,0.012906834776130388,1,0.5440624551181013
S2,RawMaterial,80.58,15,2,0.0917649080021859,0.6402853675745633,1,0.8109417142495401,3944.96,2,0.02657259987020551,1,0.4259864072311081
S2,RawMaterial,78.7,48,10,0.007963699711333405,0.74217802144578,0,1.077037324426235,2201.26,6,0.022383972232974465,0,0.5191244942094395
S1,RawMaterial,75.04,40,2,0.08978669319420002,0.2923418253208998,0,0.8287411493996389,4942.28,8,0.1408550106249726,0,0.21662681743651419
S3,RawMaterial,28.41,16,14,0.039921487438641115,0.3268486185035444,1,0.8592929852339808,4765.02,4,0.10472340048069731,1,0.308085617333719
S4,RawMaterial,40.42,32,13,0.06530559079950671,0.39671911655078507,0,1.0800300079478364,3683.21,3,0.061692889374714004,0,0.3504802900274659
S4,Office,52.29,37,5,0.018561469070639627,0.188592998495004,1,0.9158893364854099,4471.75,3,0.12333062262732031,1,0.15443852553248
S1,Office,39.77,18,12,0.08239170278274892,0.6910445449362481,0,0.8841733605117598,2269.29,2,0.032393911428339646,0,0.5250585235108592
S4,RawMaterial,77.94,20,5,0.01801933868998743,0.3293495140778486,0,1.1206104550517377,3116.62,7,0.1396639918567648,0,0.2387297957679911
S4,Office,39.64,46,12,0.03865091483149067,0.3262362241419413,0,1.1784987456694789,1726.95,9,0.10454959813186537,0,0.2930512946488977
S4,Office,22.44,2,7,0.02380257794808264,0.26936496988713987,1,0.8929522594153205,4485.38,0,0.08393709615121983,1,0.21875975531670871
S4,RawMaterial,45.91,23,1,0.08375059576869369,0.45282780470142536,0,0.9268783824942741,2619.61,2,0.1191972673054992,0,0.3039647186943204
S3,Office,98.19,30,12,0.08583358136488795,0.7719760792342106,0,1.0856293224025642,2912.65,1,0.09671714721377375,0,0.5746500076642784
S4,Office,30.33,3,2,0.03720288893702313,0.8356087054582734,1,1.1261171482223504,4390.55,6,0.13306639125157235,1,0.5268118042417852
S2,Office,65.09,46,11,0.030737847100427363,0.8045078776832267,0,1.199664920130917,4087.75,5,0.12437289901116332,0,0.5704975093114928
S1,RawMaterial,48.97,39,11,0.07735653751951653,0.621193577611887,1,0.9093482893014397,1947.84,0,0.02967457575611682,1,0.47449453639441574
S3,Office,16.39,47,6,0.08785119718112512,0.2804275350582782,0,1.0226474355014081,893.42,2,0.03594957008165526,0,0.23746902304644735
S4,Electronics,53.91,49,2,0.06240199941140639,0.7348552058083777,1,0.8536075765818817,1229.42,3,0.009764612066346523,1,0.4739194375941628
S3,Electronics,73.19,1,4,0.09274036757291033,0.0393619417421287,1,0.9323360420393989,2025.93,9,0.03302983757592037,1,0.0800107038885789
S4,RawMaterial,56.19,41,10,0.03830438128500836,0.7981524073104483,0,0.8179874284898412,1873.81,6,0.0515233297407202,0,0.5618113302003429
S2,Electronics,88.49,22,6,0.015188640201736226,0.7802275640665747,1,0.8843354171345402,672.4,2,0.00432410327587397,1,0.5155502733576085
S1,RawMaterial,36.0,29,13,0.017964298231704135,0.6700011131764779,1,1.002617990713837,2444.29,3,0.04724438193159209,0,0.5002471002325408
S4,Electronics,17.76,14,12,0.066983195229722,0.09792544998557773,0,0.8655036491388173,976.33,6,0.11573187624409506,1,0.16456451427454893
S4,Electronics,94.29,48,7,0.04075264230786166,0.9973413355282976,0,1.1557533240690436,1494.0,3,0.12604913970204226,0,0.6606305940093371
S4,Electronics,44.04,28,10,0.015631459834181773,0.7564091924009952,0,1.0841236045718592,4043.67,8,0.0013309934981134974,0,0.5299635248194231
S4,RawMaterial,61.88,21,5,0.029222685490360792,0.7348068310078929,0,0.8110944010157725,2726.96,5,0.0010720557403849028,0,0.48536518996612965
S1,RawMaterial,81.28,45,8,0.053060507203274855,0.06400785252931152,1,1.1506806222900856,2178.29,1,0.021946066237650167,1,0.1114657208214265
S1,Office,39.19,32,6,0.012144526696213643,0.3987051265728986,1,1.1909283976781875,1334.46,0,0.13088655911006844,1,0.2857235768097461
S2,RawMaterial,74.45,6,5,0.00034424989444097336,0.08617299964698144,0,1.0007446279068015,4398.26,7,0.07039170766985306,1,0.08752136047080687
S1,Electronics,22.19,1,4,0.09172980474956127,0.3610370068090407,0,0.9258442710198311,4566.6,2,0.1474353114251971,0,0.2727125740817214
S4,Electronics,36.22,21,6,0.03048611907780857,0.5704855543571834,0,0.9053857797600198,2834.05,6,0.1330997198650202,0,0.39429431119479547
S2,RawMaterial,23.02,4,6,0.02214981453429863,0.8788721883566153,0,0.8349677976874195,4645.74,3,0.13351921702095598,0,0.5768254002314016
S2,RawMaterial,83.01,3,6,0.06984808097281889,0.28293773299449687,1,0.9966437512276124,2591.55,2,0.019271464789315518,1,0.23357420694568665
S2,RawMaterial,30.04,49,1,0.08534027221808783,0.6234146524822746,1,0.8200560088410944,982.59,8,0.07128440238190627,1,0.40679373029764815
S4,Office,74.57,30,6,0.06322787673435241,0.16465192234480563,1,1.0015348765310073,576.68,5,0.1490385895977028,1,0.16061665928433194
S3,Electronics,94.9,31,1,0.02544827540985316,0.3539638569422241,1,0.9010193762900373,1077.7,5,0.022356634539062885,1,0.22715565393114753
S4,Office,57.5,34,5,0.08616366233543088,0.9472374752363327,1,0.9905727822312734,3301.95,5,0.08613501804272918,0,0.6299058695567146
S1,Office,58.6,19,7,0.051042719612721936,0.7476409155827316,0,0.9673536505377816,1944.07,2,0.05164199879296272,0,0.5138973652334555
S1,Electronics,51.49,20,1,0.03811908029602469,0.5458057641871717,0,0.9220457008017204,3417.39,5,0.05817872100305328,0,0.34606203974396754
S4,Electronics,39.33,23,13,0.060472611963297396,0.2516967991561616,1,0.9794552958066691,2785.89,3,0.13361887560607516,1,0.262017005939829
S4,RawMaterial,52.81,40,1,0.07006122236383165,0.37970522264388873,1,0.9896135556982609,1998.56,1,0.08818538537884245,1,0.25598435743833986
S2,RawMaterial,64.25,25,13,0.059382987411514224,0.1566933338525145,0,1.1334767046300955,1484.06,2,0.11381645840832079,1,0.20468803939210584
S4,Office,98.74,15,13,0.0920245445722806,0.35346719309706087,1,1.0663133373729081,864.7,3,0.10098515962428616,1,0.3325448220870636
S2,RawMaterial,94.4,38,6,0.06280178059990536,0.15063282628719232,1,0.9732626390725407,4020.76,0,0.07935235358549542,1,0.15207737280942984
S1,RawMaterial,87.59,23,7,0.08785807126255765,0.7953070330111143,1,1.1620967750302946,4185.52,6,0.11875667981555639,0,0.5535416411854359
S2,Electronics,90.02,2,6,0.05869584351538735,0.0807590899422882,1,1.1022963106013233,2936.53,4,0.1456099358865576,1,0.10892134987713198
S4,Electronics,52.11,15,5,0.032967957373012495,0.1894054798071051,0,0.8302867588433159,1206.93,8,0.14502293309336792,0,0.1592479608104525
S1,RawMaterial,69.17,44,6,0.05322968174831954,0.6911667297807539,1,0.8614983317063561,1685.88,5,0.11841780014900555,0,0.47352608525009104
S3,Electronics,90.56,35,13,0.008633668965160258,0.9025167124205788,1,0.8326671534443507,4798.15,7,0.07309946336238435,1,0.6369572709990383
S2,RawMaterial,45.37,10,14,0.02301746338957943,0.9645916097676017,1,0.9275453439115915,1516.73,8,0.02447384387868019,0,0.6856602048774347
S1,Electronics,96.56,14,3,0.07662316622037169,0.8360229167407768,1,0.9742586483212694,755.62,5,0.006670576345784163,0,0.546029271339149
S2,Electronics,47.42,27,9,0.0661475610684426,0.21147177636622494,1,1.0016983691039498,2975.22,6,0.03471674525489161,1,0.21101304842598206
S1,Electronics,64.1,14,5,0.016651871053386138,0.28571128583204974,0,1.1405648794787115,1678.61,5,0.05103869993963151,1,0.2121366185295314
S1,Electronics,73.88,35,2,0.04380151762580812,0.8707523529985529,0,0.8071825143132461,4808.46,5,0.019477442387707898,0,0.5498775813725884
S2,RawMaterial,95.55,33,14,0.014199220593024975,0.8893329647441108,0,0.9713153622980494,3086.46,1,0.03371479944186783,0,0.6378595450243739
S3,Office,32.02,1,14,0.0855817856373974,0.6406531658201124,1,0.9643993494728653,4846.17,4,0.012531819684132611,1,0.5100664351832868
S1,Electronics,77.15,34,12,0.010916970175428886,0.31364109918687,1,1.1789903746637207,4035.09,5,0.07855154580944682,1,0.27717403627903636
S1,RawMaterial,56.87,19,10,0.06542349967603346,0.2240566630459767,0,0.8964147670496772,3753.88,9,0.018947728676032054,0,0.22548961915896748
S1,RawMaterial,34.17,24,10,0.060700000097816925,0.8522826992627464,0,0.8489623247621876,4236.64,4,0.1114152944884432,0,0.6010081910155642
S3,Electronics,79.89,42,7,0.04727766456468499,0.2052549984497558,1,0.8569040848735905,3221.98,3,0.0498974667216124,1,0.18733629843925897
S3,Office,59.7,4,3,0.02782346226641418,0.661804350682417,1,1.0080570895711316,550.05,5,0.10080940713168468,1,0.42685822051794586
S4,Electronics,69.49,36,1,0.040395649999302945,0.9679533427341321,0,0.9563615214021866,2266.09,5,0.13237791526205767,0,0.6000335577831273
S2,RawMaterial,39.06,13,3,0.0806391300461047,0.7052913924997943,1,1.1016568113455958,1485.58,7,0.012902481380551561,1,0.46879514594227945
S3,Office,53.31,32,9,0.07615508155461026,0.25767031316459754,1,0.9292729488614171,2454.41,7,0.14835011811190657,1,0.24173442665085587
S2,RawMaterial,65.56,9,5,0.07388091151611365,0.28250590127444486,0,0.851184700800942,2617.47,9,0.09678650135501031,0,0.22738209993378675
S4,Electronics,46.44,39,7,0.07498235843610578,0.0928947754209054,1,0.9547503158884136,1075.24,0,0.008004890315498387,1,0.128231572783375
S2,Office,27.85,16,3,0.014388637435533914,0.6862374899608121,1,1.153214246929022,605.44,1,0.04710033478892504,1,0.43748765663571887
S3,RawMaterial,96.55,3,4,0.009909645036243165,0.5184356814637994,1,0.9622106213684251,1121.9,0,0.13293677234121845,0,0.3426057309605811
S2,RawMaterial,56.03,20,1,0.08614986228540222,0.20647169953616706,0,1.133451088990059,4358.42,9,0.08943504065593468,0,0.15687083555017806
S3,RawMaterial,76.05,10,3,0.08371745703444439,0.2276683005494301,1,0.9486120343414324,3901.34,6,0.04308335508673727,1,0.1831447888685628
S2,Electronics,46.99,22,7,0.06813183040463634,0.009024554767183113,1,0.9125542495665819,4095.02,7,0.1410741876597771,1,0.07585428198170077
S3,Office,41.96,48,4,0.06059057453155382,0.9784193991066461,0,1.1099450919621383,1743.38,2,0.11808788556117328,0,0.6338002403948824
S3,Electronics,46.64,3,2,0.03668717064823884,0.8280181855409314,1,0.8836938110685507,1562.45,2,0.11033077442249217,0,0.5221027768047447
S2,Electronics,46.83,11,14,0.022408259157800328,0.3941699505282231,1,0.8927322824679246,668.18,6,0.1332640680010054,1,0.343224448064274
S4,Electronics,58.98,25,5,0.06676564377298365,0.9460898507940917,1,0.8199251352303866,2625.21,7,0.11546699170629236,1,0.6233978893226357
S1,Office,58.91,42,5,0.09130346380824769,0.6771199391544015,0,0.8751382845127978,2220.84,5,0.04301075297982943,0,0.4693772883494009
S4,Electronics,54.74,48,2,0.043699657573815,0.7514625356278136,0,0.9515261574439194,4261.49,7,0.08758291132884118,0,0.47827313293454693
S2,Electronics,22.13,8,11,0.030321247022290356,0.6799554998737404,1,0.9598290794859615,3568.4,1,0.1263429251642945,1,0.4956411026023599
S4,Electronics,54.65,9,6,0.027074181348949112,0.7568488319542906,0,0.9682512347726293,1149.29,6,0.027127216008425235,0,0.5050886964344019
S3,Electronics,25.22,15,10,0.0023705242899748624,0.17093892813557665,0,0.9918771784941498,4942.2,4,0.02445349192518048,1,0.1747030855969099
S1,RawMaterial,21.35,32,4,0.05203167221940655,0.562397997534798,0,1.0287642463036604,3967.88,5,0.023846437135631986,0,0.3816197287581294
S2,Electronics,93.94,3,14,0.09882360298548315,0.8493762753884575,0,0.8757716098381829,3741.07,6,0.02913829119937812,0,0.6392728461287194
S2,RawMaterial,64.45,4,1,0.08152377161393225,0.01954258397005837,0,1.0455776732304263,1474.77,8,0.01548462234198265,1,0.04332553900907184
S2,Electronics,69.35,30,3,0.08974747181652583,0.12344295338854105,0,0.9346218349877154,4573.2,6,0.12564435299462492,0,0.12241858500665381
S1,Office,46.16,13,14,0.062116409627550606,0.24563980966108911,0,1.0936042940556514,2632.64,0,0.12274773305962258,1,0.2660188086849187
S3,RawMaterial,91.81,44,9,0.04814464104827509,0.29472669672767693,0,1.022881780074527,1839.45,4,0.022705348778864255,0,0.255565124636803
S2,RawMaterial,67.41,21,10,0.09904570074037515,0.182703866590735,0,1.0217074507352424,3446.75,3,0.1058305765065519,1,0.210764601605125
S4,RawMaterial,79.23,41,7,0.044716211063884695,0.6243303899310662,1,1.0741947954371494,1452.88,7,0.09404633388149244,0,0.4380130972778051
S2,RawMaterial,43.17,46,13,0.09168305757134468,0.2940190711937435,0,0.9332075963814269,4584.05,6,0.04142913984185421,1,0.29677350284479237
S2,Office,96.4,19,6,0.0761844808783735,0.15809984371359154,0,0.9716931762245902,4344.55,3,0.03410526505399792,0,0.16057239334880982
S2,Electronics,83.84,39,14,0.033097842523805265,0.9058261821868003,1,1.0331591473731527,2592.1,2,0.037587878291313215,0,0.6534250620692217
S2,RawMaterial,86.86,48,1,0.0503062183252985,0.6950345315473295,1,0.9686222482062903,1357.96,5,0.10959459121603014,1,0.4392554415688444
S3,Office,25.5,22,9,0.038432922176370135,0.24605874657512472,1,0.9777029897735013,2734.27,7,0.04789755995106763,1,0.22345083888370015
S4,RawMaterial,34.39,20,13,0.013622327416596492,0.3609536333111718,1,0.9089948291156172,1171.12,2,0.04169389164262101,1,0.3135160210688249
S3,Electronics,35.71,37,9,0.0356766581562193,0.7407855628886986,0,0.9149540105026304,1714.32,4,0.003372164980297332,0,0.5194600494657993
S4,RawMaterial,34.38,31,1,0.08889728842800945,0.7909100735704789,0,1.0795829628019145,2672.3,9,0.13623547406647823,0,0.5083580878135473
S2,Office,86.99,10,14,0.0752635685349068,0.1764361654202291,0,0.8017124568107223,595.13,0,0.11290562167184459,1,0.22844076981260952
S1,Electronics,12.87,18,13,0.027758107430166202,0.9365760840737317,1,0.8381161688833354,3945.75,9,0.07091755137100807,1,0.6631302255304318
S3,Office,16.85,43,13,0.03679133130975384,0.7852719389900122,0,1.1795239558018022,1386.12,9,0.14143903805258584,0,0.5750577056440763
S1,Electronics,34.65,39,6,0.06164339230065218,0.8568144371338537,0,0.8748072327452028,4399.75,7,0.04402983176631333,0,0.5754388228276507
S3,Electronics,27.99,46,7,0.041613981500848746,0.14385880696329933,1,0.9672483567499496,600.17,6,0.10120575647747222,1,0.14879947862823423
S2,Electronics,30.87,20,2,0.0503044116364563,0.14336715221338303,1,1.1398740544492008,2894.59,7,0.04577255665180865,1,0.11539732910468099
S3,RawMaterial,81.81,18,10,0.06981684110959824,0.3053688442253675,1,0.8000409490103388,3994.93,1,0.04718586382784222,1,0.27559493029667137
S2,Office,60.68,11,8,0.046725084814402074,0.06464641962497297,1,1.1700716757883398,1570.77,6,0.12670637500729048,1,0.10994823436216156
S3,Office,10.52,22,8,0.01909697896671958,0.0910673268557709,1,0.8213954495585475,3683.99,3,0.1180532930183746,1,0.11751234694633556
S2,Office,48.64,44,6,0.05205739373148293,0.14320715551993723,0,0.8683476198096043,3743.91,1,0.04411611459860232,1,0.1443986542885501
S2,Electronics,46.71,18,9,0.035611823021709246,0.7124297326849471,1,0.8116414173329638,3370.3,8,0.01220842734998907,1,0.5024271008031954
S4,RawMaterial,20.26,34,3,0.029073422845862264,0.03023029164119917,1,1.0078080184938394,2139.14,4,0.05363762093867978,1,0.04828877326704961
S2,Electronics,70.85,23,2,0.03281085611065191,0.08324478136860058,0,1.177237724034201,4032.79,6,0.11400863032279729,0,0.0740758399400702
S4,Office,73.19,1,2,0.04390022174900057,0.9441835361856814,0,1.1356146446376145,3327.95,3,0.01508165417775098,0,0.5939659025218232
S2,RawMaterial,74.88,10,6,0.08866131428716212,0.08365668167234408,0,1.0558994185058714,3156.75,9,0.10081512970848787,0,0.11964954614669794
S1,RawMaterial,75.56,1,7,0.07340571043302002,0.5374623702690018,1,0.8741954550294389,4186.23,3,0.1334644889870857,0,0.3944991352913071
S2,RawMaterial,10.0,38,6,0.0667881938501362,0.6425731922627426,1,1.1478388394107937,1600.87,2,0.026884073340757063,1,0.44843751636982926
S1,Office,95.85,39,11,0.04712602108817335,0.9585935137152951,0,1.1019101564546876,1546.2,0,0.12933064864293056,0,0.6678653431270576
S1,RawMaterial,83.28,49,3,0.0001829947149683431,0.8998027179116439,0,0.9067391054189933,2239.01,1,0.007704582368533657,0,0.5613651005900483
S2,RawMaterial,91.36,9,5,0.034055071143909134,0.44068276718660204,1,1.1220356653583425,829.1,8,0.1000320387135845,1,0.31034046736941967
S1,Electronics,11.41,31,8,0.08131920399794736,0.9421640613165049,0,1.1508605352127395,2018.27,0,0.11865583805638091,0,0.6468370551321443
S4,Electronics,94.05,7,6,0.03881709095177397,0.4322658747979181,0,1.0792904049718686,2328.22,4,0.06671491764889984,0,0.3138617950214259
S3,RawMaterial,82.88,17,2,0.056381912506764054,0.6699187154706322,0,0.8401536603882114,2727.76,1,0.030559304222027028,0,0.4331515173201228
S2,RawMaterial,85.35,35,7,0.020473981634709683,0.2596080707181935,0,1.19369873733192,1643.06,3,0.13870942483552584,0,0.21190703692132895
S1,Electronics,18.4,48,8,0.09158577418457908,0.6366445258895432,1,0.8304003955863946,4580.79,6,0.002995330290475323,0,0.46660530493195684
S2,Electronics,76.49,37,4,0.09231704357370667,0.5381889446086655,1,1.0617895952600935,1782.85,4,0.08326068438442986,1,0.37917990840873983
S4,Electronics,96.39,18,12,0.014607038395835381,0.6068310427542453,1,0.8442101020823185,4331.98,0,0.055927411305754834,1,0.45419502288558344
S2,Office,71.07,33,1,0.07241589492063322,0.6826512013336615,0,1.1621653434483288,2502.29,2,0.06915857932215685,0,0.438458346419244
S2,Office,61.35,4,2,0.007523850775191299,0.1734553001021375,1,0.9399910733689515,3731.71,9,0.08048475844183438,1,0.12061604957955417
S1,Electronics,95.11,23,4,0.05985476179800978,0.30126280097566194,1,1.0046012089551224,999.06,8,0.08021229333997631,1,0.22728553769622867
S4,RawMaterial,49.86,11,7,0.01786536508259964,0.7362413869255281,0,0.8715046337456043,2950.87,0,0.030543549563464806,0,0.4971044416800967
S3,Electronics,63.94,9,2,0.014570525248920385,0.1638239862706824,0,1.018624875913255,4823.72,9,0.10195534843500649,1,0.11695126362279984
S3,Office,52.87,30,6,0.00041198173926698667,0.34424013871895087,1,1.1755359620955956,3498.13,3,0.0028722436788219175,1,0.24952482061029346
S1,RawMaterial,93.96,8,2,0.09408571368674035,0.6664786910930929,0,1.1606532282532627,4191.3,4,0.0031776141319285077,0,0.4423986430475921
S2,Office,16.85,40,12,0.0829252491520458,0.9376509851916737,0,0.8255583680808944,1674.82,9,0.07177310119174649,0,0.6731824515749036
S1,RawMaterial,55.1,5,7,0.0077475557257959075,0.07530020679956406,1,0.9513034025897349,4100.76,2,0.08128543204054138,1,0.0975043907974772
S1,Office,71.83,12,2,0.05993756100670233,0.5165607990906703,1,0.9069725452168665,2080.64,2,0.04123342225503906,1,0.34220346204212715
S1,RawMaterial,81.27,1,3,0.02328982347992329,0.0819053392377539,1,0.9925445908452355,2682.85,0,0.08275133004402503,1,0.07755872201520075
S2,RawMaterial,62.47,15,9,0.026401588213960672,0.3791319509515406,0,1.1334916649340279,1345.81,5,0.0774163849478385,0,0.29968536132082685
S4,RawMaterial,91.8,25,13,0.08741703216759926,0.17538650408734535,0,1.0955407142597722,2685.64,3,0.05238308321589672,0,0.22431415495982984
S1,RawMaterial,94.78,18,4,0.011432574560120224,0.6494384225785134,0,0.937591276865539,2820.66,7,0.09776619548176749,0,0.42166425448657263
S2,Office,15.79,38,14,0.06014901356630436,0.7578325519546938,0,0.9530663318248788,3300.47,5,0.14369058248201538,0,0.5727442352427076
S4,Office,46.21,42,5,0.040125553497900916,0.24734320655888364,0,1.0617019968032961,4408.85,2,0.07362040416377032,1,0.19615787569898616
S1,RawMaterial,12.11,46,9,0.019080059963028962,0.712887149052746,0,0.8776900675330592,1871.83,6,0.11790761389124703,0,0.4977420217062706
S3,RawMaterial,39.65,26,7,0.04519180752626625,0.4468189378566797,1,0.8410912080577966,4928.62,2,0.037139484535948446,0,0.33164890497188765
S4,Office,58.32,40,8,0.09404892871061282,0.2835800303890701,1,0.8970353856843689,4314.6,8,0.11429258902612219,1,0.25550555398948305
S1,RawMaterial,91.97,3,11,0.07816100492305522,0.5234016686867345,0,0.849612972540972,2313.15,7,0.09733589317529914,0,0.41606073126038584
S4,RawMaterial,86.19,22,3,0.013211140136366695,0.3796501438209656,1,0.9407936972989306,1519.99,2,0.09595466698924557,1,0.2531819997620608
S4,RawMaterial,21.47,26,11,0.08494297397176473,0.22999625455524675,1,1.1750263136237704,821.73,1,0.13395530106633413,1,0.24205207349610602
S4,Electronics,18.37,19,11,0.09374405289874432,0.7568447961299842,1,0.8481197904100671,1554.64,2,0.03500253824283776,1,0.5608015221190423
S4,RawMaterial,63.03,44,4,0.027696428084220726,0.7975241489353029,0,1.1273288574436267,4480.35,3,0.055267517563641316,0,0.5153948463578765
S4,Electronics,57.89,44,7,0.03334196955153477,0.8003122407550035,1,1.013859212575261,1814.14,2,0.012460118551647859,0,0.5401899353184625
S4,RawMaterial,33.97,47,4,0.0126309926622055,0.38214279603569457,1,1.0531612306003189,1120.91,8,0.10891799651538182,1,0.26164640399150696
S1,Office,90.95,39,2,0.03449401044217422,0.1695284514093729,0,0.8680329472072328,602.04,9,0.12658009279494176,0,0.12635098826399027
S3,Electronics,93.46,36,14,0.06731407971396124,0.8404112815074785,0,0.8605493245887579,1839.56,1,0.06087502554477045,0,0.6244409928186754
S2,Electronics,46.24,21,10,0.027215501509626774,0.32926387648621336,0,0.8650974707247243,1472.69,7,0.05352402277023892,1,0.27715154777318746
S4,RawMaterial,90.13,41,6,0.0006825010766919993,0.7480668022520195,1,1.0668251505566992,959.91,6,0.09879777837847913,0,0.49190197453136214
S2,RawMaterial,44.56,48,9,0.03385446476334715,0.8174505610441147,1,1.0991153066966917,4779.89,0,0.011338569118400543,1,0.5649123903411872
S1,Electronics,76.31,26,2,0.04531740289687326,0.7681524976027578,1,1.1680979777998075,1704.3,5,0.04407628442044706,1,0.4887724337164309
S4,Office,52.83,13,1,0.05663560374207093,0.38980603069080766,0,0.9592769410668542,527.8,5,0.05493191978027756,0,0.25801715667996294
S3,Office,21.03,36,8,0.06838251043580197,0.9380167265892704,0,0.984787753640056,4749.24,8,0.0777885426046128,0,0.6404676462271599
S2,RawMaterial,93.51,24,1,0.006178434422877011,0.6601624168030491,0,0.987838006398325,3103.31,9,0.0714853829203514,0,0.40509383755154965
S4,Office,50.87,41,1,0.046975194529944114,0.5757462843213232,1,0.9079591611146268,872.66,7,0.03130206341619402,1,0.36668318609463424
S1,Office,76.1,26,3,0.026636246268401845,0.6979091020750138,1,0.9312930618575986,641.4,6,0.08111818107949988,0,0.44816490655410024
S3,RawMaterial,43.05,21,5,0.09479695655444975,0.04472712326539008,1,1.1387280944307023,985.32,6,0.13888030363301546,1,0.09098964663985469
S2,Office,11.7,18,13,0.03598985097939226,0.390514972778638,0,0.9374888738343686,3161.71,4,0.004063183544569482,0,0.33796308181814333
S2,RawMaterial,19.05,15,12,0.010012369871987038,0.8812171538462108,0,1.147638440769394,778.42,1,0.10204598586070088,0,0.6174482889836084
S4,Electronics,54.66,15,9,0.004149149077157111,0.16107970149571416,1,0.9221070845932212,3056.63,9,0.09370635408934631,1,0.1621782799062899
S3,RawMaterial,72.1,6,11,0.026540588759490648,0.4144006477363297,1,0.9359532650170601,3436.43,4,0.13866404320674933,1,0.33517399384107355
S3,Electronics,40.13,43,10,0.017887873888264263,0.40524799117197086,1,1.0241123487115644,1164.1,0,0.09680174106106226,1,0.31994372829823325
S3,Electronics,72.59,31,2,0.06497996268787427,0.3560417107030245,0,0.8412507388572904,2697.95,9,0.09372640687215651,0,0.24740472951389125
S3,Office,72.88,28,12,0.08469665417076333,0.56235132885898,1,1.1688249068664835,4837.46,5,0.11547084901473602,1,0.4485340792809027
S1,Office,73.35,8,12,0.03125587034702625,0.9961980495856946,0,1.1281599354554077,4264.2,1,0.040170892322949035,0,0.6928098765698104
S3,Office,54.33,29,1,0.057779145496049046,0.2558488487866297,1,1.0682015310030308,3755.14,0,0.08935983936483556,1,0.1779859100636497
S2,RawMaterial,92.34,21,1,0.07303052769810532,0.7049571225749915,1,1.1952500054792508,2829.81,0,0.07791316640427688,1,0.4520262889972836
S2,Office,54.03,17,8,0.0398487689139335,0.7579949977756707,1,0.8063997445387608,2274.24,0,0.06577087599824602,1,0.5238944864824396
S1,Electronics,50.52,49,10,0.006632561133806759,0.5844984796796623,1,0.9644241265729292,2531.46,3,0.011923075105419123,1,0.42411742757651083
S2,Office,27.94,24,10,0.022918491092778527,0.097475687901181,1,1.1433372233326697,3940.75,4,0.0438943287019262,1,0.1367895314971136
S2,Office,37.69,36,10,0.08830658080886833,0.5723734973452973,1,0.9732069119095965,2994.34,4,0.04199725709852542,1,0.4413446440784103
S3,RawMaterial,13.81,31,2,0.0824480266254895,0.9534644756724873,1,0.8020965347237083,3940.94,0,0.10863764357460015,0,0.6110988076768534
S2,RawMaterial,67.02,47,13,0.008653252882391705,0.3420601443886735,1,0.8631016462383816,4864.43,5,0.13809842028156522,1,0.3006892053550645
S1,Electronics,32.37,34,9,0.022394872336724082,0.6396881263794283,1,0.973628964954701,3382.31,2,0.03461808343152729,1,0.4548170518143884
S3,RawMaterial,37.37,2,9,0.07691652821233201,0.9593977324252483,1,1.0671791443810894,3213.97,3,0.011193590833698886,0,0.6629993122045628
S4,Office,79.37,42,2,0.048589823198882,0.7979902812347469,0,0.8650617073539291,2327.73,4,0.14999354315531552,0,0.507656829986227
S3,RawMaterial,39.45,3,3,0.07599670316957244,0.6883077296970429,0,0.979217224119348,1385.39,3,0.10368079952010822,0,0.4572122201976689
S1,Electronics,31.8,30,2,0.02110924716621465,0.9711488787683141,1,0.8051154150942177,2183.9,3,0.13297062704853863,0,0.6033078156965671
S3,Office,25.22,8,6,0.09526981391702749,0.1705829552988002,1,0.9910002088937189,2840.44,9,0.02158191237956944,1,0.1737878602115312
S3,Electronics,79.74,7,7,0.07836074487998994,0.7727487884998386,0,1.1583697904956702,656.85,0,0.1201152061676053,0,0.5371574965639002
S1,RawMaterial,21.67,12,12,0.019745232482600808,0.4068357673227734,0,1.0387072126094359,2641.12,1,0.12199856189821502,0,0.33573931585273
S3,RawMaterial,50.84,19,6,0.0558449200679989,0.36043168768050426,0,0.9762622524908676,4379.67,1,0.02272333889859137,0,0.2758696314858451
S1,Electronics,55.62,26,3,0.011309712809625783,0.5206725144019604,1,0.8649037342777298,4894.81,1,0.02421062701411436,1,0.3372249939126354
S1,Office,71.87,28,12,0.036143481512650254,0.03375105877745821,1,0.8809674254066047,4349.97,9,0.04431768241827015,1,0.11680796543455571
S4,RawMaterial,67.0,15,3,0.06596213684755207,0.3125296209283628,1,0.8306039800280317,1273.92,0,0.032518117145360965,1,0.2287349850398547
S2,RawMaterial,82.96,14,12,0.03301276879287717,0.1662154945234119,1,1.09696441742424,1197.56,9,0.14631148620848908,1,0.19534741306619602
S2,Office,14.03,48,2,0.0656758395757968,0.13869089941730472,0,0.830854111029923,2269.9,7,0.054441575045465165,1,0.11720300580883616
S3,RawMaterial,36.68,14,2,0.024477946466076195,0.3373405100200981,0,0.9535795314936807,1514.44,0,0.11419596176508104,0,0.22403340423759602
S3,Electronics,35.21,3,11,0.0721206780533067,0.8022643580107093,0,1.0999378774051018,3541.98,7,0.12075762052240088,0,0.581566246793846
S4,RawMaterial,23.14,29,12,0.03595895739199291,0.20111106785506871,0,1.085129079765398,880.51,0,0.05789113307320118,1,0.21716861364492482
S4,RawMaterial,36.03,6,5,0.07904812709114373,0.5314157844324097,1,1.03101286663411,2496.74,9,0.10238783314235032,1,0.37827819450107464
S4,Office,37.88,49,11,0.013668991471781355,0.7486561940351549,0,1.0285230936504273,1761.6,2,0.016170021134359062,0,0.5318658424340559
S1,Electronics,56.97,23,11,0.036197794935228525,0.24097153490511858,0,0.8361312321167624,3179.31,8,0.05954430772229039,0,0.23401368799506828
S4,Office,69.73,28,8,0.04639324537746842,0.9242032957557719,1,0.869966108701796,4086.79,7,0.14509659901423497,0,0.6255828082095608
S4,RawMaterial,44.3,14,6,0.04238455245005767,0.8664979033316035,1,1.0138977828428843,4656.03,1,0.02527959808704055,1,0.5754712505911221
S3,RawMaterial,74.75,14,9,0.04330945045203401,0.2511782117338426,1,0.9392321313022319,4837.34,3,0.05785669570509469,1,0.22798547646163003
S4,Office,40.25,20,11,0.044480333334507266,0.9896380673657938,0,0.8075748404373356,2080.38,7,0.11857822648380487,0,0.685698368991257
S1,Office,36.13,13,5,0.09888035252326513,0.6691710941150163,0,1.1192666931516655,4351.32,8,0.09981348823656902,0,0.466881047940275
S1,Office,58.71,27,10,0.019315710326965475,0.28610003742040035,1,1.0615253068429986,3163.83,6,0.09472779023615978,1,0.24888330697890132
S3,Electronics,12.13,35,4,0.07686638305086044,0.681037455305568,1,0.9303141866676387,3615.15,0,0.12798861890136334,1,0.4602538166700275
S4,RawMaterial,17.18,45,9,0.0551788781106658,0.6662482704032915,1,0.8392820789169496,4330.09,7,0.004364076453554633,1,0.4805883399608889
S4,Office,47.62,2,12,0.04136284181098541,0.606193624734329,1,1.036480304256814,1085.51,0,0.11567465522729882,1,0.4618393130981787
S1,RawMaterial,94.86,41,10,0.06335287171752645,0.7116961110784749,0,0.9394198274266581,4763.33,8,0.13238235588237274,0,0.5174520995909142
S4,Electronics,74.94,45,11,0.0853531443099804,0.26831569037524006,1,0.9021557348032571,2963.29,7,0.0024261716244295237,1,0.26516678608956673
S4,Electronics,17.93,40,14,0.046663836395308605,0.9789854855895346,0,1.0885877012064635,2012.01,3,0.08384444266609582,0,0.7013904422723133
S4,Electronics,86.17,48,5,0.08648013689610677,0.8578957572751581,1,0.9312600244197743,2024.29,9,0.052288272781594584,0,0.5763957811482127
S2,Electronics,75.91,24,1,0.009379833495904988,0.745741352629321,1,0.8544193966387652,3879.5,3,0.007614406322031408,0,0.4574016187692212
S3,RawMaterial,64.99,29,5,0.06530842219930989,0.026304993603249116,0,0.9926614991318374,3553.97,3,0.0626622178977215,0,0.07108980853602814
S2,Electronics,83.83,3,5,0.03331800613208632,0.590385373250624,1,1.1313863152998027,3782.66,5,0.09660452117578289,0,0.39994091150428596
S3,Electronics,46.37,45,5,0.03867153272721641,0.7064839881423806,1,1.139863513679851,1638.48,1,0.13785204473840887,1,0.47120613841787895
S1,Office,29.94,4,13,0.05710197509043037,0.8540998271078831,1,1.1397372659201395,1265.88,3,0.0930795729744107,1,0.6224476316490019
S4,Electronics,56.08,2,2,0.04799167982975723,0.9461571217889425,0,0.9683679357605927,3748.37,3,0.12851146223339807,0,0.5963774913080069
S3,Office,59.4,20,13,0.03817794385098544,0.9158530999417525,0,1.116373684495774,1843.16,7,0.018235726001184758,0,0.65382238597749
S2,Electronics,58.45,15,6,0.03083234218197314,0.40604493248268825,1,1.140092307186184,1500.96,1,0.03157817512847013,1,0.29573380500134777
S4,Electronics,60.86,49,5,0.06183153022315322,0.8965011879739528,1,0.9838152840770586,1465.74,7,0.14554392963218518,0,0.5921644575656033
S1,Office,95.38,32,2,0.05055796518296253,0.0007488092148711933,0,0.9274957555681518,1167.8,9,0.13311010353846658,0,0.02990238936952576
S3,Electronics,91.2,42,12,0.03233091255108805,0.3514752115077865,0,1.0807858187242374,2420.67,1,0.03528404295300382,0,0.30629868638428404
S3,RawMaterial,88.81,1,10,0.020496101887755882,0.11388106923039365,0,1.161787708942398,1674.27,8,0.09314608226963693,0,0.1459060435331344
S3,RawMaterial,82.13,38,14,0.07744681959637523,0.8830677000502024,1,1.1888609940498047,4522.39,8,0.05439491377927987,0,0.653074665909034
S4,Electronics,94.91,35,8,0.07997149245278878,0.9279819054335854,1,0.9160899222708622,3601.13,5,0.0702897763093253,0,0.6379234481388449
S2,RawMaterial,18.86,7,6,0.021378812698020267,0.2560084181502237,1,1.182468422452687,3847.38,9,0.12913172236384352,1,0.20287583755668315
S2,Office,33.86,45,11,0.026164901324460033,0.3673104481254633,1,0.9997128986829973,2316.25,4,0.11035689151995494,1,0.3068071678440446
S3,Electronics,54.56,13,10,0.023914302250148692,0.9838776194170924,0,0.9224138817203922,3200.94,6,0.0357663842580143,0,0.6689294337538714
S1,Electronics,86.19,49,12,0.08845697455765415,0.5660634637293964,0,1.1953592440894116,2753.59,7,0.04739896120453236,0,0.45188945631921984
S1,Office,55.46,1,11,0.07741303810618505,0.49705584342163955,0,1.1511231900495376,1253.53,7,0.04345656897284967,0,0.4000288460562678
S2,Office,77.32,14,3,0.007457352324998068,0.5004354250165772,1,1.0769666357101162,715.34,2,0.11709941675111166,1,0.32392703213601715
S1,Office,22.51,29,9,0.08326659498270858,0.6961881792727826,0,1.157976892048656,3575.83,2,0.07351326317052469,0,0.5069786003441965
S2,Electronics,32.72,3,13,0.003685182072579163,0.9545430347720139,1,1.0725951490819667,1045.28,4,0.1426086460536579,0,0.666688518342125
S3,Office,75.86,46,11,0.025319979098301273,0.3666224297523728,0,0.9761615193768379,758.07,4,0.12250307658435763,0,0.30614088015234264
S2,Office,24.83,24,11,0.0918991384096615,0.17265794614904295,1,1.179219822821602,2488.4,1,0.0316791646281872,1,0.2097359377837528
S2,RawMaterial,41.62,1,14,0.08643312947662095,0.18501289215299044,1,1.1852990710864373,3821.12,4,0.11789141930318245,1,0.23693767413478056
S3,RawMaterial,33.84,48,4,0.07814345147246149,0.02035903808490669,0,0.9256700389158954,3959.91,0,0.07591190208208903,1,0.06422988686411103
S1,Electronics,41.49,10,3,0.045754722910924965,0.5554104961192942,0,0.9417581338253322,4430.61,6,0.038056518927105744,0,0.36840128597342536
S2,RawMaterial,73.75,13,7,0.03214141010200078,0.9291172188704507,0,0.9530881763061618,1396.46,6,0.05449976142268351,0,0.6171127543528707
S2,RawMaterial,43.11,36,12,0.08815458375404567,0.7130768953789479,0,1.1288583806868966,4935.31,0,0.14581891751150042,0,0.5400067980678682
S3,Office,59.97,9,13,0.06570740902692122,0.9929645265724708,0,1.1164582603372408,3934.44,2,0.07259421638761873,0,0.7083480815087017
S1,Office,18.99,14,14,0.029550885504779346,0.9095274074254557,0,1.193246041902451,1207.46,7,0.10794087744159944,0,0.6545817101067071
S2,RawMaterial,82.45,36,8,0.046319587796544825,0.4918576733904242,1,0.9860854708129441,4283.25,8,0.07156279427441581,1,0.3661533375160751
S3,RawMaterial,43.29,10,7,0.08815002222616192,0.4865493805911981,0,1.094706837627038,2745.32,2,0.05573359107691789,0,0.36837463502256745
S2,RawMaterial,68.37,40,1,0.09034554360782215,0.6283572298285682,1,1.1426881879381898,799.46,5,0.11946300273890377,1,0.4112608581223447
S4,Electronics,75.29,23,1,0.06593020939717295,0.11093559740231107,1,0.8884921752535907,1094.19,5,0.12724865276625943,1,0.09348327840339567
S3,Electronics,28.87,35,13,0.07325558607170339,0.6076842404512697,1,1.0482221710046529,2452.52,5,0.01078337484988055,1,0.47944436294941567
S1,Electronics,89.62,7,5,0.003929783322880354,0.4640740198118182,0,1.0190830705588796,2887.28,4,0.04184663836974994,0,0.3153376325982407
S1,RawMaterial,65.46,42,14,0.06046005076371881,0.6427404266726113,0,1.09713080200016,4763.72,5,0.0761806571446321,0,0.5037822712326824
S1,RawMaterial,48.59,35,8,0.0688992568370977,0.5652099682851924,0,1.0781711930470677,1470.71,5,0.04747466211666497,0,0.41693861516510194
S1,Electronics,26.41,2,14,0.002037714708023164,0.3103958602845186,0,1.1251170443406548,2633.47,9,0.11753745074411301,0,0.2868488305831181
S2,Electronics,94.81,15,10,0.08438589879562557,0.6077619830184068,0,0.9244580761405856,1516.5,5,0.017210004112330295,0,0.46140153087830316
S2,RawMaterial,77.96,9,11,0.09282850116507411,0.36601435286967976,0,0.8865425566694377,3012.8,7,0.11966974294298598,0,0.3260285906427587
S1,Office,28.72,47,3,0.023793645241878804,0.19462114064781788,1,1.12207949236297,4591.93,5,0.09268296257923105,1,0.1453393493898258
S1,Electronics,40.39,17,8,0.08457959326969645,0.6750708477580316,1,0.944225372410892,3054.88,2,0.04340515778062245,0,0.48755924377858506
S1,RawMaterial,82.87,39,3,0.06655125827091643,0.3063470930185802,1,0.9150294231706314,2795.32,6,0.05166820326617686,1,0.22520220472099448
S2,RawMaterial,72.61,18,4,0.05806958197501985,0.8890247798660361,1,0.9347274102107478,3875.58,5,0.027434873263980215,1,0.5794071710835562
S1,Office,78.92,15,10,0.08431259736891486,0.19933245971421365,1,0.826541596420411,1164.26,8,0.03788601004472067,1,0.2163218264677741
S1,RawMaterial,49.71,18,7,0.028561053574520368,0.600144038432514,0,1.109257738462907,4575.27,3,0.10759033034737446,0,0.41865473913186446
S4,RawMaterial,74.48,24,3,0.0790856177686854,0.5715487748492533,0,1.086063863416032,3099.35,0,0.056382621081178946,0,0.38808352166872895
S4,Electronics,44.78,23,4,0.031452076766820325,0.19774180080115156,1,1.021076981531496,3588.39,5,0.10312262080305734,1,0.1566521320821656
S1,Electronics,29.01,12,8,0.07874565429080738,0.43988683886453983,1,1.0864339919628838,4185.32,8,0.07711613116526221,1,0.3446986567488233
S3,Office,66.94,23,4,0.04510540057564575,0.6755387715427943,1,0.9492532666993181,3357.67,7,0.02179466244658886,0,0.44742631166979885
S1,Office,97.84,21,9,0.011694547149308045,0.3185272044899742,0,0.9181476304441518,3385.42,1,0.07486059716995382,0,0.2589104011244912
S4,RawMaterial,37.95,26,4,0.03815198603059905,0.11383065740746501,0,1.1449203957392582,3783.3,2,0.11347047687639493,0,0.10831541882508729
S3,Electronics,51.49,8,13,0.023349327830975066,0.6152407149578807,0,0.9689818281156825,735.06,7,0.04465132570864865,0,0.46900637018116376
S3,Office,70.66,30,14,0.010053155078621912,0.2241219022605161,0,0.8783648687138761,2219.95,8,0.09721224970303921,1,0.23748908787989623
S1,Office,58.74,34,4,0.011028706842366499,0.6814749796695877,0,1.0996175662449366,4833.22,7,0.029854898181256254,0,0.4407650284258911
S4,Office,85.91,2,13,0.07800713985040499,0.8394670965841674,0,0.934348741714477,1660.71,9,0.020354843687512652,0,0.6199395427627648
S4,RawMaterial,78.56,5,5,0.08813978525224676,0.12335537144979558,0,0.8847405203598909,2940.15,0,0.0540339195935935,0,0.1361694441598371
S3,Electronics,15.25,31,1,0.09271291194325039,0.4376091022213009,1,0.8108857110863569,1289.42,2,0.05838053905495054,1,0.29752219205861274
S1,Office,99.86,33,7,0.08539461723304548,0.44492226934880275,1,1.188240703312583,1954.73,7,0.11415144455506535,1,0.3425717467791953
S2,Electronics,77.72,4,9,0.08302240972854419,0.6325359186542941,0,0.9869157535791069,3726.86,0,0.06901181269017378,0,0.468713988396854
S2,Office,87.75,6,12,0.006883585151660598,0.334407928797568,1,0.8647031492111759,3393.92,6,0.01218523429962296,1,0.28842411853832467
S4,Office,68.61,23,9,0.07901235947217104,0.41856915558878016,0,1.1031244638202917,2364.42,3,0.0950999247533093,0,0.3391309154806337
S2,Electronics,87.07,45,1,0.07832826596564511,0.011991244028255243,1,1.1550604512185185,4721.34,6,0.07038798897990708,1,0.03783608334950382
S4,Electronics,20.11,19,6,0.01312903941046132,0.1224259111832593,0,1.0111871970395445,3987.71,3,0.04974648008479742,1,0.12025140139023684
S4,Electronics,41.3,43,3,0.06620092319346324,0.5698620995550041,0,0.8113437835138169,1705.66,7,0.12033282129164792,0,0.38320610811961286
S4,RawMaterial,88.88,45,4,0.04525073364592816,0.21589580029502808,1,0.9460571845604983,2594.51,5,0.023157718534137665,1,0.1716841288422239
S2,Office,28.15,8,8,0.09000135234720708,0.14457688979637506,0,0.8972406542527042,4451.16,9,0.1369818515966945,1,0.1708893967248443
S4,RawMaterial,17.04,39,4,0.06954083623956674,0.3244127679641632,1,1.0545589879423858,601.09,9,0.05010922354756666,1,0.2440813402217965
S3,Electronics,80.93,13,8,0.09509875363742522,0.16353569493312348,0,1.007543120700681,3116.6,7,0.06914121672639414,0,0.18379390019395878
S1,Office,85.19,1,4,0.010492264527464368,0.05962243647810295,1,0.9422947374930681,1543.82,0,0.13938494933402873,1,0.06749256981652965
S1,RawMaterial,24.64,6,9,0.004060731445239318,0.28385824914417535,0,1.059402055228615,787.19,8,0.11418597476065613,1,0.23581888320579125
S4,Office,86.89,7,6,0.09735793577605462,0.1643584413655511,1,1.0337717128393606,4607.87,8,0.01114536507072294,1,0.17067958840928993
S1,RawMaterial,71.81,48,1,0.008019216144490438,0.7993957423348363,0,1.1625960497841048,4173.27,5,0.08674452881330559,0,0.48918606738710607
S2,Electronics,56.81,27,13,0.03861958209102295,0.06265696693066314,1,1.0387211809120331,1333.82,8,0.046554430750979245,1,0.1420371976428476
S2,RawMaterial,84.72,15,10,0.06499706222505548,0.7474432367666921,1,1.0030847538846528,4266.26,5,0.07627323747610801,1,0.5393936321561034
S1,Office,47.73,34,2,0.08800566733340838,0.3827963474832018,1,1.129468033661625,1158.92,5,0.1114453562451242,1,0.27036522297565785
S2,Office,27.46,23,7,0.025457731821392604,0.675321309349395,1,0.8809678677042574,2642.73,3,0.0744259370877975,1,0.46283010515605477
S1,Office,35.64,48,10,0.0029058211885023334,0.052689436333389184,0,0.897425847135625,3765.98,2,0.01065328154175677,1,0.10391397958515564
S1,Office,55.46,49,7,0.05212867904991895,0.9207039947895709,1,1.1134292540431963,2902.13,2,0.07949707779145256,1,0.6180610005887183
S1,Electronics,57.82,24,3,0.04711120202722413,0.7673756972516094,0,0.9769400908129354,4328.51,1,0.0036194499840215555,0,0.49598735038770425
S4,RawMaterial,82.5,15,1,0.030689318218907958,0.14014307187422614,0,0.9636943448369996,3275.95,3,0.05226140360399119,0,0.1004354957330652
S1,Electronics,81.22,35,8,0.08738993675014492,0.21878437102736037,0,1.1548311817911219,2443.78,8,0.07170457843851476,0,0.21463046078431683
S4,Electronics,62.32,4,13,0.07493221715832347,0.6439962326394858,0,1.0440436137172273,4663.23,6,0.09670103450649413,0,0.5017345475883314
S1,Electronics,80.27,44,13,0.08581163831992467,0.9215626042943503,0,1.1211636561599274,663.33,2,0.07593101814325204,0,0.6715381969297305
S1,Office,27.26,37,10,0.01618089594771992,0.4458323910062335,0,1.1239355482438746,2697.79,7,0.022792021582075328,0,0.34378227481662754
S1,Office,14.51,17,14,0.0692411958940341,0.4856327950218057,0,0.8480106633247075,3473.52,8,0.13983263459415626,0,0.41215203578129356
S2,Office,88.63,31,11,0.09751017354188574,0.23780026138902965,0,1.0614809585878815,4262.26,0,0.09754495091267129,0,0.2505046374674121
S4,RawMaterial,16.8,38,11,0.06119138918086923,0.38301087562113223,1,1.1810065354824324,2935.2,0,0.04754516776873613,1,0.32673537069836867
S4,Office,32.2,10,10,0.017136436529548615,0.2860177028303057,1,0.9920108358512308,4484.83,8,0.14489095426965623,1,0.24818012408561946
S1,RawMaterial,72.58,27,7,0.09957803944681345,0.3505711496378131,0,1.092872970208934,2418.25,8,0.13238664136634845,1,0.2902161016167319
S1,Office,46.85,42,10,0.052832358155837825,0.02059762475534721,1,1.026693159977805,1927.08,6,0.021523513301724587,1,0.09963685372853111
S2,Office,88.87,6,8,0.08400590182762473,0.04106074467223775,1,0.8819383896963886,4882.15,2,0.09831436426598453,1,0.10698107449448721
S2,Electronics,36.82,6,1,0.014936144743043134,0.6806865339089029,0,0.8780774582875636,3502.31,3,0.08401041781298228,0,0.4200356209111118
S2,Electronics,11.07,15,14,0.06660962177579215,0.6817951889226287,1,0.973533266074389,2416.0,6,0.02892133843292913,1,0.5290599998863149
S4,Electronics,37.06,4,3,0.09126176982038639,0.33023060033583496,1,0.9931962295237695,4451.85,8,0.03502127107335434,1,0.24694546257618832
S4,RawMaterial,62.03,48,13,0.053201781911193936,0.8854623967538369,1,1.0012529770585885,3573.86,7,0.08456606603264546,1,0.6400951154828032
S4,RawMaterial,43.83,40,2,0.028866006058480442,0.26611211619992337,0,1.182000303001021,3370.71,7,0.04819324265009656,1,0.18261278582321244
S1,Office,58.14,7,1,0.012742182795758651,0.39578478197389366,0,0.8401018176549906,3778.42,0,0.1252247146642733,0,0.24843638116592093
S4,RawMaterial,88.89,49,5,0.029594466523833032,0.7313756242831561,1,0.9522106937191315,3822.32,5,0.014660885295941123,1,0.48341800024132925
S3,Office,92.12,45,3,0.0354884202926858,0.7435681177907002,0,1.005818974048408,2718.43,5,0.13710461598031687,0,0.47821596819079726
S3,RawMaterial,33.94,47,10,0.07099551052298296,0.8611657627051837,0,1.1852450957603606,2386.88,4,0.12608288236024345,0,0.6094266822085765
S2,RawMaterial,51.59,26,8,0.017862140702960196,0.029059041905962424,1,1.0017259268028154,4591.77,0,0.110793522467062,1,0.07993692449732265
S4,RawMaterial,59.42,31,6,0.010610485571540762,0.18375868114115845,1,1.1101102880483575,2737.61,2,0.03938508764027455,1,0.15629549721330016
S3,Electronics,95.42,2,10,0.03869395410337545,0.6405717706700609,1,1.0997112432168876,1471.2,3,0.10724367840631784,1,0.4673798200616206
S2,RawMaterial,99.88,28,14,0.04586536164091379,0.3381997692364037,1,1.0265776197713887,2847.21,9,0.06581546694279485,1,0.31667947003411634
S4,Electronics,31.19,42,9,0.0628385052217505,0.04356167093086816,0,0.8522812407943934,654.9,6,0.09506368458437493,1,0.10927426841076034
S1,Electronics,75.43,13,9,0.07075313013009392,0.5864666739066885,0,0.8875034839833041,3754.93,4,0.04688316258050318,0,0.43739165766875554
S3,RawMaterial,44.02,18,11,0.08892777088335996,0.3930731984648116,0,0.8960561034486005,1071.43,1,0.12537867807120429,0,0.3410936789153235
S1,Office,10.73,30,6,0.02889535655280361,0.364094858544017,0,0.8154638590620535,1002.76,2,0.00608641489783171,0,0.26998266494939416
S4,Office,10.83,11,2,0.0528607822691929,0.26436428468582585,0,0.9516872039431163,4758.6,0,0.10371896200438752,1,0.18876251977796765
S3,Office,51.45,13,9,0.03660407068030652,0.005997893116962638,0,1.044205488950494,3976.51,5,0.12429468605749716,1,0.07886567135998383
S4,RawMaterial,53.95,24,2,0.00014216720309900843,0.18236001697062687,0,0.8577065194955917,2364.03,7,0.09696421727458487,0,0.12374437462902012
S1,Office,12.03,29,3,0.05794318227199276,0.4742352978186051,0,0.8700144039194652,1578.09,3,0.028798767319396866,0,0.32335270480133227
S3,Electronics,71.82,5,6,0.08157960756711387,0.2757364530878068,0,1.0827945313610565,4295.71,1,0.04274711696703946,0,0.23277289697996112
S1,Office,36.46,35,2,0.0036439486103394094,0.8743886792634551,1,0.8677013555250255,4858.63,3,0.07723579417541257,1,0.5400121064268891
S4,RawMaterial,60.39,19,5,0.0003491758602970241,0.1429996621563664,0,0.8541342310475827,2787.59,9,0.049417360390836475,1,0.12161883576619464
S4,Office,37.08,13,2,0.0727818406510738,0.8753402870362015,0,1.1911367545825713,3110.34,3,0.0007374632560797456,0,0.5613244387027573
S1,Electronics,25.04,5,12,0.06838597250088332,0.40482580849570726,0,0.8058941122974113,1593.74,4,0.00610171686668215,1,0.349125562561975
S3,RawMaterial,46.65,44,4,0.04058521053350209,0.27584031306871415,1,0.9301632677417451,3151.63,2,0.11516526465150129,1,0.2062511795727077
S1,Office,30.9,14,11,0.06616048816209097,0.30429185851483953,1,0.8139746645562569,2302.69,8,0.01255607725220464,1,0.28099469012895956
S4,RawMaterial,58.13,38,11,0.09533860725310009,0.3300707928289921,0,1.1352192774378342,4305.1,6,0.13920327834573476,0,0.3052154864447538
S1,RawMaterial,27.89,22,3,0.024786279655530364,0.5065639846823781,0,1.0334142857070283,2197.01,8,0.06641046688444963,0,0.3328028461346573
S4,RawMaterial,55.76,9,5,0.024592659453158385,0.35388231126380454,1,0.8191807411575291,3419.51,6,0.11372799575465506,1,0.255421470308516
S1,Office,24.16,49,6,0.018623220476421388,0.6472063470381876,0,1.0461448616108802,1415.6,9,0.01882568941029106,0,0.4367679172229818
S3,RawMaterial,70.39,40,13,0.07239867499737504,0.4251790070829311,1,0.8492385570533147,908.03,3,0.13897611301155574,1,0.369684149606114
S3,Office,77.85,26,7,0.03531892381713401,0.6716437096827069,0,0.9982930430888224,681.6,4,0.005071324476323208,0,0.4635819029547643
S1,Electronics,19.94,45,10,0.09886931339871308,0.604426418351602,1,1.0677651658170049,2370.4,6,0.00632057410943343,1,0.46374521645914657
S1,Office,52.1,5,8,0.07146489034571513,0.24445397242926137,1,0.8594028131336124,1235.88,5,0.00818786703195351,1,0.22525470770412848
S3,Electronics,16.38,29,9,0.036737688664738456,0.8127732878500883,0,0.9988201630983877,4970.66,8,0.01551122414452239,0,0.5629709935951888
S4,Office,63.84,22,14,0.014918603406346476,0.7989814677729234,1,0.982964371630818,4092.73,2,0.07302474658288667,0,0.583864461685658
S3,RawMaterial,33.8,49,4,0.059202481652772226,0.9889804670163754,1,1.1663001907693116,3620.18,7,0.11824146631724525,0,0.6397204532770855
S4,Office,57.49,3,4,0.029490325309642552,0.1750501344334564,1,1.198280557830122,4114.93,9,0.04274217471844966,1,0.14244860682439517
S1,RawMaterial,56.57,28,7,0.09055090812962867,0.8478382192736854,0,1.0617897786526944,1682.36,3,0.11186652325403934,0,0.5858682040030998
S1,Electronics,93.19,38,12,0.044140439987647474,0.8719809225426152,0,1.1419436622481707,4456.69,8,0.11610914621527847,0,0.622144971236149
S4,Office,59.42,14,10,0.02926499645385542,0.6421641666023702,1,1.0587527829747734,4980.36,0,0.13624159947776354,1,0.4655065703261502
S1,RawMaterial,62.47,47,10,0.05885518145706808,0.5063847777826904,1,1.1505145021723946,1804.35,4,0.022402788022165197,0,0.3929159925353061
S4,Electronics,46.15,14,11,0.013697450097106469,0.9572595561690334,0,0.9733088207593191,4930.92,3,0.02033017635515144,0,0.6570363973019806
S2,Electronics,95.42,43,9,0.05615490728028784,0.9726919278763293,0,1.0431959431334543,1941.78,4,0.018314258330117687,0,0.6647473431955981
S3,Office,79.95,11,11,0.0056111478519740195,0.6416974563422011,0,1.1380678092613787,552.75,5,0.053896591358118535,0,0.46527324673234144
S2,Electronics,35.69,9,2,0.06068886817472076,0.35955985792416245,1,1.167234288088367,2152.46,0,0.07341189962879695,1,0.24822828949262798
S4,RawMaterial,85.98,38,13,0.05301638439014289,0.8171651834659439,0,0.8098730933268734,4988.82,7,0.06924140325234253,0,0.5990611682537521
S3,Electronics,48.92,47,11,0.052076598213897166,0.08925546721492295,0,0.8415810769150178,3358.18,2,0.038557309709969186,1,0.1477476883645515
S4,Electronics,84.58,44,6,0.06841643870577806,0.29059564402978644,0,1.1724688245352508,3629.63,6,0.09329694381952496,1,0.23773946088674813
S3,RawMaterial,84.06,6,10,0.00444566144266847,0.9855542947728502,0,1.0274035078938126,1572.56,6,0.05074104460508161,0,0.664094846725082
S3,Electronics,27.0,1,10,0.045973146463029614,0.8143333872069695,1,1.196076837573545,1156.64,8,0.054912448211927985,1,0.5738205476916619
S3,Electronics,73.1,25,8,0.044403866304037455,0.9395824715691238,1,1.1170532170867549,4484.8,6,0.015829509420388903,0,0.6342134999755425
S3,Electronics,36.16,16,13,0.04597824418424993,0.594794571385757,0,1.1272560734972576,2360.26,7,0.08883470026366135,0,0.463527358943872
S4,Electronics,36.77,15,5,0.09798909710653433,0.4076724581481159,1,0.9544490030604029,518.48,3,0.09829205628424367,1,0.30971448973511556
S3,RawMaterial,36.67,34,5,0.013927847314426034,0.9796901033910379,0,0.9030165551339996,1824.11,9,0.11369253306923885,0,0.6277067019432362
S3,Electronics,75.3,17,8,0.06904297570595926,0.30942558585715474,1,1.039303669592752,1380.79,3,0.13560138196907656,1,0.26351110136893774
S2,RawMaterial,30.68,3,1,0.04019961373785565,0.7574142789089233,0,1.1516128394539997,3216.98,9,0.11490066834855243,0,0.4736513086095678
S1,Electronics,10.08,3,6,0.051172652432451365,0.5582069579002082,0,1.0902794034833256,3902.55,7,0.03536154992251027,0,0.3931331133270032
S1,Electronics,74.37,37,10,0.07623939058561963,0.22850714551446538,1,0.988870056069578,2738.74,3,0.03534827391965546,1,0.23140467591293656
S2,Electronics,25.41,17,13,0.015737544257348104,0.017483287408542658,0,1.1012801904164153,1336.55,3,0.13726307933428453,1,0.10806837857947288
S2,Electronics,19.4,49,9,0.07635852126364923,0.38376409050408344,0,1.076159049283038,760.84,9,0.1185200354122759,0,0.3174517249672591
S4,RawMaterial,31.38,38,12,0.00703307826844396,0.5476853928773087,1,1.1652205699619715,1910.9,2,0.11733696454663572,1,0.4164354449212041
S4,RawMaterial,44.19,1,6,0.048330951120983304,0.18319040095346661,0,0.9054228892526014,4126.84,2,0.10795704901658039,0,0.16727066876551783
S4,RawMaterial,52.83,7,7,0.07420708576995805,0.4145548858612267,1,0.8477245837028039,2387.81,3,0.040080298688067194,1,0.3209950572477234
S2,Office,14.01,26,4,0.019255145535469944,0.6151899306589599,0,0.9880204651889055,1635.13,1,0.1271115513610568,0,0.4034619306274455
S2,Electronics,97.35,47,12,0.07709156460354234,0.7149231264211244,0,0.9444323243448605,593.26,2,0.021432701712018908,0,0.5377956309480231
S3,Electronics,74.45,39,10,0.016681250692574322,0.05274252990653738,1,1.1899444588267913,2732.28,1,0.05250264139468552,1,0.10807846458026617
S4,RawMaterial,39.09,19,1,0.07992387569371213,0.6641808218023608,1,0.8030016750665014,3581.7,5,0.051971180990464425,1,0.42962851293238724
S4,Office,38.68,30,9,0.046893557294183756,0.05666730887771987,0,1.1733532247919185,1356.48,2,0.0840198212562052,0,0.11235416680060134
S4,Electronics,50.37,43,12,0.06846383318631068,0.028185495359343782,0,1.1820316889999856,2917.35,1,0.06951653339933662,1,0.12316473288578518
S1,RawMaterial,66.36,14,6,0.09174064583691885,0.15241202591050573,1,0.8203833507073824,2393.32,8,0.06897121996498058,1,0.16182655215452196
S3,Electronics,23.17,13,3,0.040842152361373375,0.6536440572115654,1,1.1558279404582668,3667.76,7,0.08303586469193874,1,0.42586765146392264
S4,Electronics,27.0,20,4,0.023295752682277283,0.05282144288445667,0,0.9883115358525771,4372.72,4,0.06231276823681932,1,0.06725302010678576
S4,RawMaterial,87.35,26,10,0.08671640966176769,0.02089621220557414,0,1.1064602945815465,1881.72,8,0.03749748469766034,1,0.10998122165044623
S4,RawMaterial,33.06,27,12,0.016161664810477816,0.11795951134755389,0,0.831702212453979,4571.47,4,0.09961810766510058,0,0.1613384919659614
S1,Electronics,44.22,25,6,0.06314760518374167,0.949720990710571,1,1.1820822376472322,3681.28,4,0.11859500682576037,0,0.6316340188386079
S1,Electronics,88.41,9,6,0.09232532880406147,0.9072777499272165,0,1.0430193900216258,667.25,3,0.0718493818266884,0,0.6149213914546912
S2,RawMaterial,69.68,41,12,0.06743967115353057,0.08646597509965404,1,1.1594777213278176,4060.59,2,0.09742247800717609,1,0.15782577212013732
S3,Electronics,40.75,48,9,0.01956810854500153,0.30401318351656303,0,1.0691852376839788,2725.82,9,0.0803044922734554,1,0.25256405695915257
S2,Electronics,71.53,12,4,0.015228395176323295,0.9472924390472667,1,1.0147241176225632,4754.57,8,0.008849465780565368,0,0.6015154105526855
S3,RawMaterial,11.77,10,5,0.025230553110059107,0.0976876734565012,0,0.8689982737305731,1956.34,3,0.06346269923462042,1,0.10189605572120417
S1,Electronics,76.21,6,5,0.03914068328565784,0.09459598198103425,1,0.8711816520835203,3160.46,6,0.0014778749282605918,1,0.10421407988860362
S4,Electronics,53.83,34,3,0.01591590318499031,0.08600389773472894,1,0.9890281167812117,4802.66,4,0.0992818917247137,1,0.07780568102490588
S2,Office,83.19,41,2,0.07978140664413176,0.9764762390986759,0,1.148176886256551,1720.22,6,0.07622422048269022,0,0.6241058797381592
S4,RawMaterial,95.92,19,8,0.03570353426088887,0.7431085132824325,1,0.8460874711527425,2623.79,7,0.019024730276954536,1,0.5137190253905833
S2,Office,93.32,6,10,0.09360867359127265,0.21448436735929843,1,1.1993540598502974,3886.23,7,0.08132872981182572,1,0.22820179392153228
S1,Office,91.83,2,9,0.0842490864035324,0.04594726129650295,1,1.1503649026005998,3609.94,9,0.1347639004541984,1,0.11712879698467578
S1,Office,56.1,15,10,0.09088182628016866,0.9652415089115334,0,0.9570235082658614,4274.16,5,0.05107361471664273,0,0.677838024659542
S1,Electronics,42.41,17,11,0.029449271500354004,0.42548904175969116,0,0.901247332303106,2839.09,4,0.14735531493494497,0,0.34269963507734946
S2,Electronics,51.85,16,13,0.057373154382219016,0.5983753882949746,0,1.1687984380662617,1935.15,1,0.14390698601132512,0,0.4690943221487933
S3,Office,72.09,28,9,0.032144951804235745,0.2791962334981254,0,0.8492846476946543,2907.88,7,0.11779647636847326,1,0.24144693992586025
S2,Office,89.56,21,14,0.025694851158084765,0.7583603222909326,1,0.9389159741676658,2074.82,4,0.12206999667284331,0,0.562724648721985
S3,Office,28.63,8,5,0.06070867812025507,0.19680234589401646,1,0.8335649393975975,1293.94,7,0.061581804029976345,1,0.17200829668677212
S2,Electronics,92.64,10,11,0.08179953805997821,0.7869119333755145,0,1.1813849118924842,2997.36,5,0.06038116429456352,0,0.5752584500147306
S2,Office,83.37,10,9,0.009359780612665425,0.23060304333503467,1,1.0470491794701549,717.71,7,0.1431596037400489,1,0.2054554744705347
S1,Office,98.1,10,4,0.027576876136607142,0.09791222568414348,1,0.9344718578693755,664.59,0,0.054929437433046305,1,0.0955918268228968
S4,RawMaterial,89.22,9,2,0.020513418088612723,0.4788225545308036,0,0.9101932661481577,790.58,8,0.014530933360956488,1,0.30773327243078025
S4,RawMaterial,35.19,28,3,0.07983501731560644,0.8132168068956508,0,0.97763771741721,3526.75,8,0.022905163228689757,0,0.5333091607606438
S3,Electronics,19.54,24,1,0.09333720730922195,0.38486469646216925,1,0.8365513908029084,2331.44,2,0.10655984477893832,1,0.26606283721292523
S4,RawMaterial,20.1,19,5,0.007994271018335898,0.02887365066928005,0,1.1557395720928327,2723.52,4,0.057447140263446654,1,0.05543675742135452
S2,RawMaterial,36.21,33,1,0.0379213414707241,0.5533097122982638,1,1.0043761507802909,2045.29,6,0.029901425956828903,1,0.3505050869630326
S2,RawMaterial,65.28,4,12,0.09145090427186568,0.6804713889235275,1,1.0900392498733216,1641.36,7,0.12206791930245955,1,0.5214323903499619
S1,Electronics,82.39,3,11,0.034463822054629834,0.7406949453360068,0,0.8934983366777729,2112.37,6,0.07330102360099383,0,0.5333275423894216
S1,RawMaterial,90.93,42,1,0.07126614363137032,0.401924954309284,0,1.0014997043506753,1370.2,2,0.08514618071546765,0,0.2696776728178386
S4,Electronics,66.14,12,14,0.010066638651934301,0.09701963149240056,1,0.8844344545307824,3554.41,6,0.02309240319751596,1,0.16123177049102064
S3,Office,10.51,18,11,0.044438753161214234,0.5843264344633864,0,1.1264378458482387,957.81,0,0.028913130212390885,0,0.4424989151978247
S4,RawMaterial,26.77,23,11,0.05033007755916285,0.3295478852381818,1,1.1101100039364156,2826.05,4,0.018878405546070863,1,0.2913991829820865
S4,Electronics,18.98,20,13,0.07576640779850603,0.946887482274853,1,0.8592809296785598,2645.72,8,0.07718141988516466,0,0.6837195545616065
S4,RawMaterial,42.7,6,7,0.02888246505798262,0.5027121080613277,0,0.8298027602944266,1858.66,1,0.11634855175908815,0,0.3602920043541914
S4,Office,55.12,34,2,0.02641885725505271,0.47226604679897866,0,1.1296786946218877,960.3,2,0.10984278658222114,0,0.3055709995416173
S2,Electronics,13.91,42,8,0.03029676701958314,0.3092095323183568,0,0.8438591618957055,3665.11,8,0.03918462307833179,0,0.25175760663974617
S3,Electronics,41.36,2,6,0.05556965087937408,0.33878650538354793,0,1.0193935922741342,3062.93,2,0.1277325281858456,1,0.2627999413510838
S2,Electronics,26.13,30,4,0.08760044134647509,0.512754784079912,1,1.0137949191725628,4142.64,7,0.015849127221062013,1,0.3625044314233183
S3,Office,68.24,9,9,0.08309413964613069,0.3066647953149948,0,0.8811776272528624,1559.86,5,0.017107495512466684,0,0.2732128333685504
S1,Office,51.78,27,10,0.005794565641100192,0.8923048843684122,0,1.036542586353913,4062.04,6,0.12739564239062748,0,0.6085498717419487
S4,Office,54.58,42,8,0.08789551112920235,0.4390179324291087,0,1.0011020829858412,1813.76,4,0.03666293417638453,0,0.3469222699390831
S2,Electronics,48.49,34,13,0.009510937421839184,0.2920220840130243,1,1.0036756889492555,1006.66,9,0.10621737669601423,1,0.2709236744915092
S3,Office,96.04,40,10,0.04153480693188697,0.15539483354114936,0,0.9438799905698676,1107.12,6,0.0013619387882513932,1,0.17712591363282715
S1,RawMaterial,29.33,24,3,0.07654044392542213,0.6723507263003581,0,1.1353714227700669,1494.76,9,0.014040163292872958,0,0.4478011403864129
S1,Office,56.5,49,3,0.008151103603394317,0.025786943285584063,0,0.8337482251472998,3570.93,9,0.09139330630834247,1,0.03934606848094016
S4,Electronics,76.24,17,4,0.004039968027696683,0.4499957871699404,0,0.9754492191394677,1597.83,2,0.027362393231685676,0,0.29978089128170177
S3,RawMaterial,60.12,29,14,0.03299958036107942,0.5501218203672239,0,0.9039265432658079,3217.42,4,0.004232052946914333,0,0.4399729663286581
S2,Office,93.61,36,9,0.07299256078573148,0.33978461088033163,1,1.1393733007848725,1654.35,5,0.07004201350249846,1,0.2900542490496327
S4,RawMaterial,44.02,12,9,0.05217564375721148,0.7498177472750057,1,0.8900321936210215,2143.51,8,0.0495780748917778,1,0.5298290557778812
S2,RawMaterial,51.73,31,5,0.041700187060968764,0.6756604968379388,1,1.10680992942632,4503.75,3,0.1203385392124716,1,0.45362063993533963
S1,Electronics,17.97,49,12,0.08130733175157218,0.9713989875699617,0,1.044606128956881,2751.63,7,0.12282434866549563,0,0.6929458777817344
S2,RawMaterial,64.81,9,9,0.07667092621942447,0.5087667992896819,0,1.1499161021520117,3201.13,7,0.09216346818137981,1,0.39254707172535075
S2,RawMaterial,35.94,19,6,0.07860432097339647,0.537812364629383,1,1.0375175771684308,1351.75,9,0.043955061951967876,1,0.3891258579267916
S4,Electronics,24.43,46,8,0.045972682394920195,0.24583931919382218,0,1.0225937465614057,1091.78,5,0.06924399768936758,1,0.21843825337762648
S2,Electronics,59.01,46,11,0.0019449242492031284,0.38548389073072054,1,1.1204519758326053,2359.31,7,0.10533840406569141,1,0.31044524028462184
S4,Electronics,57.91,17,8,0.017213697349153022,0.02686059115830397,0,1.024994586599292,4349.23,4,0.010396282973295257,1,0.07842332104258543
S1,RawMaterial,16.83,2,12,0.07413004282766258,0.6892747885976895,1,1.1378168235920152,1584.16,0,0.04987456324921876,1,0.5215181717211982
S4,RawMaterial,72.84,40,10,0.07531734717496251,0.31162279968354,1,0.8197272119236471,3297.62,3,0.12335545513637577,1,0.2809974553911842
S4,RawMaterial,66.14,5,7,0.09722986127013364,0.5403670096666979,0,0.9980599414642096,4424.43,5,0.06090428133705267,0,0.40338916418105886
S3,Electronics,27.01,39,4,0.01901865269101928,0.25499239641094906,0,1.1250766053510972,4704.85,8,0.09370020169731988,0,0.1872724622253038
S2,Office,52.25,48,4,0.012292678815264503,0.6210362003396587,0,1.1393460587662139,4972.06,3,0.014450155370290556,0,0.4048809524198031
S1,RawMaterial,74.83,16,6,0.013878963373601439,0.4475824929540444,0,1.1336221509637467,3933.31,5,0.11655689627760782,0,0.31557032764164994
S4,Office,57.65,17,14,0.01847881150741403,0.48186065238629416,0,1.0417525278446256,837.55,9,0.015069823490586286,0,0.3946600348840007
S1,Electronics,45.59,27,9,0.05284683395078746,0.9426071398153262,1,1.1975885368560406,4421.58,4,0.12922878817541356,0,0.6457040483601462
S3,RawMaterial,39.01,7,7,0.09752114629741515,0.7061603231238601,0,0.8725545231222726,4485.37,8,0.01599015673345322,0,0.5029525377635407
S2,Office,64.94,8,5,0.0589431483000607,0.26189973560007396,1,0.8697830317550139,3007.77,9,0.1336339144754515,1,0.21053707156434828
S4,RawMaterial,94.52,8,5,0.05226880656466429,0.5039218177414254,0,0.8131290698098034,803.44,5,0.054565481134072266,0,0.3537480183285402
S2,RawMaterial,70.46,23,8,0.06733562303838711,0.4666728190519783,1,1.195734870502249,2644.99,2,0.09367960976614631,1,0.35734723548556024
S3,RawMaterial,16.73,32,6,0.0073930390758156555,0.7950526068783638,1,0.9392082030222684,1448.15,1,0.12698258274576865,1,0.5221066187069058
S3,Office,51.46,43,1,0.08153541341503658,0.8333551140962026,1,1.104821671815508,2489.48,2,0.0015362131485849861,1,0.5316165496250896
S1,Electronics,90.17,47,1,0.06468795433192011,0.2834428227417254,0,0.8238841251101918,3758.57,5,0.03985397421094569,0,0.1966149370874684
S4,RawMaterial,18.5,18,9,0.01711916795905252,0.8211514539062363,1,0.9194752425319825,3503.98,9,0.13625074819387883,1,0.5621123370171718
S1,Electronics,99.0,38,8,0.06307154211994302,0.17950140529100145,0,1.0495389365579606,4009.96,7,0.0582264090877218,0,0.1837651629534409
S3,Electronics,95.42,12,6,0.05962079625658703,0.7627705545376954,1,1.009912038439706,2644.35,7,0.10595638886964368,0,0.5184057144567361
S2,Office,17.04,15,13,0.0064852985494800565,0.24878454380136072,0,0.8830992958783543,2798.56,4,0.021001808423025365,0,0.2440734587028033
S1,Office,94.01,28,1,0.02669321978457563,0.2979311574132959,1,0.9846371651168712,4710.6,0,0.10175574021168943,1,0.1939095175262074
S1,Electronics,42.68,38,14,0.039094162288928126,0.8524678401889939,0,0.8435127967487385,3340.33,0,0.01097414932890649,0,0.6232089528000747
S2,RawMaterial,86.02,31,2,0.024488852947698016,0.420074865056297,0,1.0170813888998016,3863.93,6,0.10759877096470005,0,0.27367728920380185
S1,Office,47.65,9,10,0.02431616877954408,0.9905658248562961,1,0.8387765772220281,3490.33,1,0.0485707431580168,0,0.6730629169762122
S2,RawMaterial,49.68,8,3,0.05729484736974183,0.15194302990744113,1,1.0543741830238051,3382.18,3,0.06987714839298996,1,0.12978284358395864
S4,RawMaterial,67.08,46,10,0.0470859017060439,0.4633490380396834,0,0.8621430312320848,4610.94,9,0.02493902714505836,0,0.36356376476419466
S2,RawMaterial,79.7,19,12,0.0667292181728008,0.7324503309089362,1,1.0188343569071836,2104.19,4,0.09417735266013158,1,0.5452032497114876
S4,Electronics,13.04,8,3,0.09564070871099169,0.00536705797850745,0,0.8516482719292878,2424.61,7,0.05063514431714603,1,0.0533410188289734
S2,RawMaterial,63.38,34,2,0.0660556044601212,0.15185527819301736,0,0.9602841734686135,2208.88,9,0.05750625090740347,1,0.12521556253956106
S3,Electronics,26.81,4,12,0.058209593228254176,0.020356749410980313,1,0.9407326179145836,3943.39,8,0.09782893874312044,1,0.11539121332935015
S3,Electronics,41.14,31,2,0.08475594916654977,0.9928778653827537,0,1.1025642799332076,4407.89,0,0.026829249183382597,0,0.6354392182653313
S4,RawMaterial,41.32,38,6,0.06320731105670357,0.7606246624214705,1,1.0564646578457046,2108.76,8,0.12780133403583654,1,0.5181941336270361
S4,RawMaterial,52.22,3,7,0.016556127030880097,0.37355909774660023,0,1.1748355281611962,1140.56,4,0.1108929608364331,1,0.27910229675722414
S3,RawMaterial,40.07,35,4,0.031474869945846286,0.15628493469677573,0,1.1687642607807458,2723.48,3,0.08665950047072439,0,0.13178485037324789
S4,RawMaterial,19.66,19,1,0.07333602826844045,0.09038324280345067,0,1.0899984114245451,4929.48,9,0.01924996006236731,0,0.08337361130545969
S2,Electronics,23.11,43,6,0.07383823830270202,0.5319072005509119,0,1.1082342962359166,1416.57,4,0.10306645416003689,0,0.3841529346785006
S2,RawMaterial,13.01,29,7,0.09870087503089592,0.9758913181991988,1,1.0499649666308337,2534.0,8,0.002714905813428908,0,0.6651450534287882
S3,RawMaterial,52.32,10,4,0.06269748784023066,0.674610944657764,0,1.0766652922978879,1721.24,7,0.12065937023009157,0,0.4521472417181561
S1,Electronics,95.9,12,6,0.08995451880859055,0.3651383682587295,1,1.0468889474533714,4652.05,9,0.045569654520913785,1,0.28892651945495773
S2,Office,20.41,46,9,0.005458031058952706,0.5008509732374883,0,0.9247060125205565,2979.13,4,0.01758173257955194,0,0.36643370754589305
S4,Office,95.16,30,4,0.05662223448106485,0.9989033679394519,0,0.940275833015215,3104.35,9,0.02467334310842952,0,0.6449001196794192
S1,Electronics,76.0,30,12,0.09198480247021956,0.5187662288844505,1,1.0298935311878488,537.18,4,0.1444701597762601,0,0.4245694637860218
S1,Office,67.37,18,14,0.028724423517819554,0.9642014857763558,0,1.0880707709579265,3437.51,0,0.1160745626776246,0,0.6871382185211593
S2,Electronics,68.07,24,10,0.01548766037942092,0.016361718817826,0,0.9624476183863104,1878.59,8,0.03568079600046003,1,0.08589190083309331
S2,RawMaterial,84.41,32,4,0.03505101600967603,0.7209631282341725,1,0.8570671203307019,2810.37,2,0.14451993651944167,0,0.47166461031483486
S1,RawMaterial,19.62,9,10,0.07922361672442689,0.6271614492131166,0,0.9837668673410427,2889.8,0,0.021017650599381533,0,0.47149252597376945
S1,Office,55.43,47,12,0.008470081468131564,0.6853298584573216,0,1.1852751282140224,3165.01,4,0.1100290817852162,0,0.49945322522911817
S3,RawMaterial,72.74,24,5,0.060033865836908444,0.5705670892574528,0,0.8856347471669497,4205.93,9,0.09851094402785203,0,0.3960646990198299
S4,Office,62.81,26,3,0.013563160584427648,0.044176776241655835,1,1.0596276347843177,1845.21,2,0.1232215158578365,1,0.052003585348893225
S3,Office,84.95,3,10,0.04355324415472463,0.1495639354918259,1,1.1930167192654655,1652.73,5,0.05725480810098088,1,0.17423290597008434
S2,RawMaterial,16.5,23,2,0.09659770015516557,0.9222512703352146,1,0.9504950877842518,4081.14,6,0.06027531874661646,1,0.5966157865333926
S3,RawMaterial,72.16,11,9,0.01951442698468865,0.2329250083671166,1,1.155153443536641,3734.23,3,0.09368505276641848,1,0.20989504740139087
S3,Office,58.06,10,13,0.0034016548846032336,0.9929372693269417,1,1.1456034868704086,1515.27,3,0.05973086354478324,0,0.6896400009186888
S3,RawMaterial,44.12,36,1,0.04272033389780427,0.6795884843946169,1,0.9356179836100814,503.76,1,0.006202633905331772,1,0.42771204794896855
S3,Electronics,40.62,13,5,0.057769558769015496,0.44435449012618455,1,0.8394069300463096,3496.71,1,0.10945620477176107,1,0.319657847420701
S4,RawMaterial,65.87,29,5,0.02975177350313947,0.9200488564360401,1,0.871415661826714,1207.3,6,0.09614190945826907,1,0.5966691316268515
S4,RawMaterial,90.19,38,8,0.054176800337669244,0.7949861896174555,0,0.9462996712405822,4806.48,4,0.06355692191339715,0,0.5503876110146312
S1,Electronics,54.66,13,6,0.09534019462519872,0.42896507958490204,1,1.183653723578109,3219.83,4,0.04542443413201792,1,0.32883824899564373
S2,RawMaterial,84.23,26,6,0.031177078741612043,0.06859297226735606,0,0.9097800580192389,4323.43,1,0.04810887574910525,0,0.0933660498400401
S3,RawMaterial,46.19,20,6,0.030942703119929083,0.8683045745345008,0,1.1707458983708663,4125.3,6,0.11115429355676948,0,0.573122698513822
S1,Office,19.22,5,4,0.04827678978809544,0.7650399313583411,0,0.8725458742468458,3010.09,1,0.10937413184693141,0,0.5020784243228619
S1,RawMaterial,15.54,20,1,0.05153163358913544,0.7907348372907147,0,1.1879249702764807,2472.58,4,0.1228377630511875,0,0.49704324959402657
S1,RawMaterial,14.62,14,3,0.00013659258750852167,0.7448587327255555,0,0.9174418141591989,2735.59,4,0.11432706423541635,0,0.4683847888401572
S4,Electronics,44.21,45,13,0.06158751312048399,0.2757544893780829,1,1.0532369053764823,4113.45,2,0.11369163031590977,1,0.2767860904201378
S3,Office,40.35,14,13,0.09973573486647108,0.8588457196693375,1,0.8278764897882133,3382.03,1,0.03776598510831474,1,0.6380852951186867
S3,Office,74.61,8,10,0.029200804947045658,0.002232553144108751,0,0.9198656684749259,1425.73,2,0.015241883189814575,1,0.08152834479915039
S2,Office,76.85,48,12,0.06308100462665292,0.23727627838375265,1,0.8842841625513536,3242.1,4,0.11426283990540258,1,0.24700435413253316
S3,RawMaterial,14.58,13,11,0.00046216550340066886,0.04655959882419569,1,0.8013666674735569,2321.0,5,0.014792702948362935,1,0.10664583751696619
S3,Office,29.9,24,6,0.06043266122968982,0.11059645666896001,1,0.8627079150869297,775.84,3,0.14731671079424696,1,0.1273448152274258
S1,Electronics,34.68,15,5,0.0447068309427818,0.5323791375175054,1,1.0372414599348763,2215.71,6,0.13126339011750104,1,0.36855381750762345
S2,Office,59.29,1,10,0.05302931534646737,0.03725618994103441,1,0.9559680692818635,1524.21,1,0.08001924028817807,1,0.10969107999713229
S3,Electronics,23.01,22,1,0.054390496749238376,0.18138104770037955,0,1.089028392548574,4273.63,5,0.05282753476532421,1,0.13228863478785638
S4,Office,22.05,34,5,0.017695296929985373,0.2327401473908277,0,1.068429840122803,972.5,8,0.07902645539211435,1,0.18066696322777798
S3,Office,94.94,40,2,0.07699681218792903,0.6553388051372216,0,1.1197198036031675,2122.81,9,0.11014527496550561,0,0.430588041024426
S1,Electronics,82.38,3,1,0.05554696210103391,0.46882052444823186,0,1.1468100092130515,3629.71,4,0.11344949678409216,0,0.3050992604421064
S4,Office,26.26,26,4,0.02701944594969942,0.4584125230554583,0,1.1279302012494647,4538.26,3,0.011049899797487644,1,0.31172477618961336
S1,Office,46.59,14,6,0.09373815465654324,0.7684325542576245,1,0.9792243358873539,2008.93,8,0.12072811423422257,1,0.5320381218086805
S3,Office,42.01,41,7,0.0012773710004056029,0.45672141207433514,1,0.9234910921462031,3228.97,5,0.09622456225577332,1,0.3244160585447228
S4,RawMaterial,81.19,8,9,0.07259372139997892,0.3484887429180463,0,1.0009209851873886,2181.42,3,0.006086942085780422,0,0.29515707645653577
S2,Electronics,55.92,49,5,0.03812351856571038,0.9624510456043328,0,1.0140514026552168,1412.97,0,0.04697418087206854,0,0.6246219686465985
S2,Office,21.51,16,8,0.052254483131130694,0.008293309437857,1,0.9252698067767556,1965.73,8,0.07659620530414737,1,0.07779518774491055
S4,Electronics,76.51,42,8,0.029150974944558164,0.30539300007538384,1,1.0160026180559074,3361.56,9,0.028267723830821243,1,0.24912394967145488
S4,Electronics,45.72,21,11,0.03212521762633532,0.609392716379723,0,0.8423118608658526,3723.53,2,0.02328607933118321,0,0.453844623687163
S1,Electronics,33.66,10,9,0.0015166214610901397,0.7828092360528053,0,0.8924167180061152,2167.73,5,0.002142174689599313,0,0.5344262423557244
S4,Office,43.79,25,3,0.07298450887119022,0.8164129547585642,1,1.0984192347562223,1186.39,0,0.13673259501768878,1,0.533171696945067
S1,Office,54.8,38,3,0.07107984108007186,0.04607313185517248,1,0.873132891329496,1128.01,5,0.008416193254528092,1,0.07039640286569647
S3,Electronics,40.88,22,9,0.06543582004072222,0.7091320555575878,0,0.8556151392973601,4156.76,2,0.054901713219604346,0,0.5093956936324836
S1,RawMaterial,31.77,49,7,0.0877950680584008,0.720253643471817,1,0.9149372765283054,3439.73,2,0.03086574559072349,0,0.5084907065006105
S4,Electronics,45.87,48,4,0.09012675805584341,0.21407942145626813,1,0.9484196467045012,3776.14,6,0.1111549653311042,1,0.18405710886194246
S4,RawMaterial,11.73,47,1,0.055644431942525545,0.11277502847009202,0,0.9314194737792861,2697.14,8,0.10607769862223015,1,0.09150120380767002
S3,Electronics,79.52,46,7,0.06848234920670628,0.7496861576953021,1,0.9498421539457619,2557.94,5,0.12093336179429716,1,0.5203563993791931
S4,Electronics,25.39,4,10,0.0010998401070459797,0.24950000623727808,0,0.8559649371590434,1450.18,0,0.09252124518674772,0,0.2214585272030521
S4,Electronics,13.95,4,6,0.08463430588751987,0.0016738040836772328,1,0.8661580631897148,1257.53,8,0.08874797405000025,1,0.06925171707360515
S2,Office,68.83,30,3,0.08164134241294976,0.22357260357686104,0,0.8943339918390298,1192.61,4,0.06106660732078267,0,0.18006453629857297
S2,RawMaterial,79.65,2,14,0.0020248618423494903,0.031068008816312553,1,0.960796806981325,4963.05,1,0.09545380501633023,1,0.11924826384249237
S3,RawMaterial,83.24,29,5,0.05428252167417183,0.24918668669412858,1,0.9343596406473746,4194.01,2,0.017280837745012954,1,0.20151105423301444
S1,Electronics,54.42,43,3,0.09066555704372696,0.33501958233182094,0,1.1165339725706438,3317.58,4,0.1026769273803277,0,0.24963998794078207
S2,Office,28.48,36,8,0.018138798703128046,0.2714001595379515,0,1.0102071653052305,1464.82,1,0.015584663679463194,1,0.22542459247656643
S1,Office,76.35,21,5,0.035264492155709815,0.9199370671792445,1,1.0302804108184542,2019.46,2,0.12926098537989994,0,0.5982558736685454
S4,RawMaterial,72.97,21,10,0.03310536785186811,0.23253294738528463,0,1.02423717376156,2078.54,7,0.07585242087405829,0,0.22087995021530266
S2,Office,32.16,48,10,0.03559404753997515,0.4675348227781013,0,0.9595100234249186,2649.53,5,0.07955353568034608,0,0.3626276793574248
S3,RawMaterial,91.31,21,6,0.004188603045510208,0.957427593844047,1,1.1921933195145735,2398.99,1,0.08772864033078538,1,0.618570280077224
S3,RawMaterial,19.39,4,2,0.027901768376536643,0.8791994913702221,1,0.8149315108581978,4703.69,1,0.11640787484682856,1,0.5501759396208085
S3,RawMaterial,98.44,1,8,0.02948563127002356,0.30925847453276134,1,0.8863351112439111,3743.64,0,0.07177059313082511,1,0.251543631243521
S2,Office,87.42,26,9,0.08658720484895911,0.32649029495746873,0,0.9138618794620293,866.32,6,0.0641382110470983,0,0.28615605271488326
S1,RawMaterial,71.91,2,3,0.035211600713170255,0.5933294025094498,1,1.152519226668604,2119.81,5,0.04325001851593533,1,0.38798969314819237
S4,RawMaterial,94.49,9,13,0.04472167398935514,0.9178628507542299,1,1.1675476543216619,1098.33,5,0.019205902607638697,0,0.6569913555064874
S1,Electronics,75.01,45,6,0.03807380598803887,0.009999795455803318,0,1.1384415279257585,1757.1,4,0.028551381161404963,1,0.06027916192703651
S1,RawMaterial,27.14,18,6,0.012067344960158178,0.3931197921851812,0,0.9667803924294757,4815.02,2,7.917655287485448e-05,0,0.28234922165629905
S4,RawMaterial,49.79,48,2,0.0990356757725624,0.8497754863622239,0,1.1658495558960706,3673.69,7,0.1304132471678501,0,0.5538617088348172
S4,Electronics,16.44,48,10,0.08258251907047309,0.4104699783867759,1,0.8394032384887575,535.33,2,0.11474375923483227,1,0.3424853141817789
S2,Electronics,45.07,42,8,0.05409203070273669,0.7200548752199392,0,1.060973880112922,1979.88,4,0.032802364322843454,0,0.5054033914856416
S2,Office,76.74,41,5,0.04763644943891714,0.6919249024122023,1,1.1748895110326099,2474.16,7,0.0003585135893257985,1,0.4651601619932822
S2,RawMaterial,44.78,11,11,0.06492547254630092,0.20545870963036728,1,1.1019599360288406,3211.26,2,0.07381744572930588,1,0.2213242961135392
S2,Office,39.73,25,11,0.03264311485232382,0.4495945043669832,1,0.9111468674408946,2748.77,4,0.06188597989726058,1,0.3581210656473156
S2,Office,63.58,26,8,0.005028287035447854,0.566186712812672,1,1.0870023271071938,813.98,5,0.1164009932013088,1,0.3983633709410947
S4,Electronics,88.5,36,14,0.04043168136146872,0.7154629352440898,0,0.9179053478250655,2819.96,0,0.06043432600462767,0,0.5414072655548945
S1,Office,14.28,42,13,0.09839775774078607,0.8223896315750853,0,0.8446328456840289,1086.17,1,0.12961692112856377,0,0.6158102491244298
S2,RawMaterial,44.69,35,14,0.01823468058777228,0.7599332111694933,0,1.0868886135335036,2836.4,6,0.014375734359787928,0,0.5614303308780276
S2,Electronics,24.24,38,8,0.052770529215297235,0.02831146738523016,0,0.8716906574855787,1607.31,8,0.0548787129378822,1,0.08996089633858441
S1,RawMaterial,72.58,3,12,0.0008521396321578668,0.6706378416016654,1,0.8444259755262766,1148.87,9,0.1400911348003096,1,0.48835263256493233
S2,RawMaterial,19.52,41,3,0.01220315151785848,0.49731546385567316,0,1.0207040218593944,1795.65,3,0.0017594433490318194,0,0.32347879519733286
S1,Electronics,69.83,35,5,0.05871917004671171,0.5738617358535868,1,1.0482501035723413,948.3,4,0.05861841360103869,0,0.3976470782404513
S1,RawMaterial,35.76,40,7,0.0297413929507835,0.37296621274587693,0,0.8204225137825703,1777.93,3,0.03895548900997963,0,0.2827021455327612
S4,Electronics,27.9,22,5,0.09056844864606249,0.7140262145869054,0,0.8017875551996547,4401.2,2,0.07977910836646172,0,0.49130054906024767
S3,RawMaterial,94.27,8,6,0.04061697659572348,0.6738885121191333,1,1.1528281321572607,1882.27,9,0.041815020041794194,0,0.45937534310733985
S4,Electronics,11.67,15,2,0.020803359713105252,0.5794864814563655,1,0.8461010243852172,2616.0,1,0.13048620681922085,1,0.36821861107346515
S3,Office,49.4,45,8,0.05455917692847036,0.8616055325893146,1,1.033559221119862,2839.14,2,0.14057073792799113,1,0.590473929774987
S3,RawMaterial,11.95,7,5,0.07949736351759627,0.1019000248916394,0,1.1814184989683565,1302.31,1,0.12737014456109108,1,0.12070350970454824
S3,Electronics,53.52,19,6,0.001941969619739481,0.30102327592028366,1,1.004764046364168,2488.03,7,0.059785176784192394,1,0.2240536992952349
S2,RawMaterial,55.09,40,1,0.050552011863004134,0.49513041520282786,0,0.8559192036710842,4338.42,0,0.1484900648304298,0,0.3193867098234551
S4,RawMaterial,38.95,42,10,0.07734265567271463,0.9586048112995355,1,0.957393801288846,862.37,4,0.11025544749362874,0,0.669794254910107
S3,RawMaterial,21.89,17,2,0.010358865463202915,0.0719633862818192,0,1.049616859137793,4652.69,0,0.05334134049429285,1,0.06057140569376668
S1,Electronics,43.87,1,11,0.09027985189331456,0.3370774899848371,1,1.1051358548276822,4420.01,4,0.014053923179819261,1,0.3079018781303252
S2,Office,70.5,45,4,0.026451740996684937,0.9258905537259499,1,1.0427751978282123,4351.23,2,0.10005696245725931,1,0.592041283106004
S4,Office,80.42,29,11,0.01706036077128268,0.8979475674491633,1,0.8137262938006792,1393.44,8,0.10928511663477526,1,0.6224580772723114
S3,Office,57.77,13,9,0.05892560729026746,0.8652455707076023,1,0.8572411461059772,2679.41,0,0.01836886993326915,0,0.6011107388973559
S1,Electronics,63.09,48,6,0.017503114581802894,0.30839045600138393,0,0.9487206755179974,3272.7,9,0.08246045276943867,0,0.23314235083251406
S4,Office,28.06,29,8,0.06797015203711822,0.8468357797510054,0,1.0822854741303916,949.77,0,0.14806319760807304,0,0.5856353706045959
S4,Electronics,35.86,41,2,0.049010208199843,0.5053394118959187,0,1.033731189978882,3005.8,7,0.04893631537487053,0,0.3321924238832184
S2,RawMaterial,24.57,42,10,0.010995596176217993,0.6197788440423624,0,0.8178779934388205,4280.19,2,0.04528425336492957,0,0.4465945567068543
S4,RawMaterial,32.44,6,5,0.09124901345820481,0.2388249054608691,1,1.1187543630415553,4714.49,6,0.13549532491394464,1,0.20638393302826863
S2,Office,30.24,5,12,0.06732054099635502,0.7066738889191011,1,1.0420497725423057,1752.48,9,0.017612406699758342,1,0.5299147813646529
S3,Electronics,56.75,34,12,0.054599302653376806,0.32769710425563925,0,1.1548600142003687,1799.33,4,0.14002912550628505,0,0.29871233906368233
S2,RawMaterial,60.64,11,13,0.03743406153501307,0.3438804261206515,0,0.9670612395060314,1718.29,1,0.1169230590410234,0,0.3104156169900377
S1,Electronics,95.05,9,1,0.013485990467047172,0.6368171760935755,0,0.996080712335019,1190.53,6,0.058626061339937974,0,0.39327895993911655
S2,Electronics,27.6,38,4,0.07075183710613221,0.2398319221740709,0,0.962220307854164,2438.21,6,0.012532143052822752,0,0.19369613300771077
S1,RawMaterial,67.75,40,10,0.08136558200290595,0.2244387232458166,0,1.088981811803607,4030.11,2,0.0028761811880676723,0,0.23050147997693315
S2,Electronics,83.55,41,1,0.012581884993831262,0.3691629425960775,1,1.1008523423446268,3704.4,5,0.05637467946566713,1,0.23241518819865303
S4,RawMaterial,60.42,9,11,0.049456762453814244,0.7780636250592335,1,1.0892969576191636,4551.44,4,0.10580303767152667,1,0.560246632343113
S3,RawMaterial,32.95,8,11,0.048484618699248964,0.22468204906314926,0,0.916639719941735,2100.84,0,0.07312938202033531,1,0.22792604361909283
S1,RawMaterial,33.63,44,9,0.034991170821996764,0.787318390553653,0,1.0544126148172612,3074.99,0,0.1107977839215885,0,0.5471740998645052
S2,Electronics,13.53,40,2,0.07893418953918052,0.69560527716475,1,0.9354112664575376,3949.41,1,0.10058562730891642,1,0.4553291374463184
S2,RawMaterial,37.49,3,7,0.009952978380684697,0.6790798804701494,0,1.1336801647457535,4541.78,6,0.08593607840525495,0,0.46043382179629505
S2,Electronics,77.01,13,3,0.020501922487209,0.47475567371341054,0,0.822046464916509,4422.89,2,0.14512486210872816,0,0.31243255240278045
S4,RawMaterial,14.28,19,14,0.00016027689185067474,0.7458878333593512,1,0.815088301076977,2594.83,8,0.1092576651530205,1,0.5475807830831659
S4,RawMaterial,29.74,34,2,0.03729853880830149,0.013519520103879024,1,0.8406833698170373,4580.86,2,0.1371920173772163,1,0.03358698799053214
S1,Office,73.56,32,13,0.0291178167900372,0.3056072581654219,1,0.880945277785276,2498.25,9,0.03632408464800426,1,0.28495684279340716
S1,Office,80.44,49,4,0.08669939837581565,0.6791374638238145,0,0.8150541436339737,4562.74,3,0.10704594401658017,0,0.46206372637846194
S4,Office,50.98,16,7,0.07458102440761548,0.9872954242652827,0,0.8286466756845389,3996.37,7,0.0896704295122739,0,0.6647515618814542
S1,Electronics,72.83,36,7,0.00844721965622719,0.0025143410842759506,1,0.9224225970938589,1497.42,3,0.13864441452582796,1,0.05404277054743373
S3,Electronics,44.92,18,9,0.07409559150623704,0.5099722650337079,0,0.8399162727141023,4683.5,6,0.07656795264365598,0,0.3924977507578101
S3,RawMaterial,24.39,14,12,0.0675400221419557,0.9238364290370243,0,1.1208295106699164,1591.09,4,0.041946206854372746,0,0.660278149779087
S4,RawMaterial,45.83,30,13,0.028172427360032972,0.8635393848166737,0,0.8215469555842523,4587.89,5,0.05772584405678127,0,0.619432501955157
S1,RawMaterial,62.2,2,3,0.0015460774704610049,0.023136194754421413,0,1.1631717787541744,3267.99,7,0.032824470813939174,0,0.03577411152236258
S2,RawMaterial,95.32,13,7,0.011516240138871248,0.5295581273506852,0,1.1483358175763896,3503.19,3,0.032995949908228,0,0.3711897484520725
S3,Electronics,16.19,27,6,0.024994108461855936,0.004287101416933559,1,0.883353746352256,992.0,5,0.07056323790399914,1,0.05292763624585978
S4,RawMaterial,55.67,17,10,0.08166223661523052,0.7895749482323755,0,0.8286108211076829,795.83,9,0.13388532529394567,0,0.5696722113525658
S1,RawMaterial,39.6,31,7,0.04653128259078087,0.3088748420893458,1,0.8422140180622892,4857.53,1,0.0287804014291884,1,0.24928429003084174
S4,Office,55.75,15,7,0.09183955264590503,0.7655906619152886,1,1.0236352946657172,2016.17,8,0.04318050181861733,0,0.5369062629429446
S2,RawMaterial,12.16,20,10,0.07891484594483,0.9447933417035719,0,1.0403662959939513,4299.67,8,0.12794821920773078,0,0.6619790302341635
S3,RawMaterial,38.17,5,5,0.028710817984400686,0.9760850541551483,1,0.926233114430321,3670.14,9,0.050888441634077304,0,0.6299785636026949
S4,RawMaterial,83.79,7,9,0.0845362156580513,0.8941111808781395,1,0.9187334673187203,3218.62,9,0.1443620102984571,0,0.6261132875100133
S4,Electronics,59.85,18,7,0.011672484041075704,0.20414345317496618,0,1.012600507394554,3583.44,5,0.04033804146953118,0,0.17598781711730244
S4,Office,50.55,11,7,0.0036117520454003074,0.1946001699279969,1,0.9222512176268758,902.24,5,0.06632151325478666,1,0.1678436275704182
S2,RawMaterial,35.7,32,12,0.060853812091331574,0.6257804328862278,0,1.1737277978354468,2355.78,9,0.014341490878911128,0,0.4794386890734218
S4,RawMaterial,36.82,27,14,0.03417430348796387,0.5440536822479758,0,0.9530527115612358,3231.84,6,0.14882636929479023,0,0.4366845003951746
S2,Office,44.48,26,3,0.032942568666264715,0.009534607801348849,1,0.8879254995098119,4404.03,3,0.1335213067313429,1,0.03703210670926015
S2,RawMaterial,85.2,37,1,0.06872081861316874,0.3917273511513292,0,0.8583859386147918,3716.09,6,0.1226343379314187,0,0.26279551341760526
S2,Electronics,97.05,45,14,0.08501038278229038,0.9066910055171753,1,1.0526832773571018,1637.63,9,0.023601370584141097,0,0.6695177181449923
S3,RawMaterial,49.48,28,14,0.032217550534020145,0.8983590189198619,1,0.9306646463858463,4932.17,0,0.14540370867718705,0,0.6486806765121231
S3,Electronics,45.4,2,5,0.03250138220225009,0.20390688409603486,0,0.8755179330339099,3393.66,6,0.13937269285198864,1,0.16780883083258166
S4,Electronics,86.19,20,8,0.05338510392923871,0.38196306915726075,0,0.9103262098539974,2755.92,0,0.0653507162996279,0,0.3023362298159852
S4,RawMaterial,48.42,4,5,0.06531836020804398,0.5603660109960826,0,0.9231526292241812,4016.2,7,0.10224555445521101,0,0.3915294003743484
S3,Office,59.68,13,10,0.020290579555517788,0.8527842650922244,0,1.0503333883841834,3212.15,9,0.14886876415380704,0,0.5891863043505614
S1,Electronics,30.78,24,3,0.09126791529118727,0.5319944392413483,0,0.8698726001020123,3694.95,5,0.06146178292493728,0,0.3680056095607366
S3,Office,76.92,48,9,0.06544165238520121,0.9681998124630349,0,1.0931215060462889,3277.1,0,0.016956853358112443,0,0.6648380974790955
S2,RawMaterial,57.88,38,2,0.06251618113680983,0.799052137987888,0,0.9219529072317281,1304.77,0,0.13016685522284951,0,0.51247185141949
S3,Electronics,82.81,40,3,0.09041956360677683,0.953091872978622,0,0.995323836252712,2945.1,3,0.07147276776637451,0,0.6204095642977777
S2,RawMaterial,80.27,48,12,0.09072650805944771,0.7314922183763433,0,1.0619356039468406,1773.96,6,0.14804541825889028,0,0.551827569157926
S4,Office,29.35,45,4,0.013555012062648931,0.8776241393625299,0,1.0174480428779078,3066.3,4,0.08263392906072113,0,0.5592124158077412
S1,RawMaterial,74.41,29,10,0.014507550397986724,0.8310037923778495,1,1.064893416781989,1064.77,4,0.004421640538380356,0,0.5743831119746771
S4,RawMaterial,82.0,36,1,0.07619486989401476,0.253838481741128,1,0.9290382015340051,1543.85,7,0.07375904454065703,1,0.18230440715573837
S2,Electronics,41.15,2,11,0.09568799455439705,0.22953642345426872,0,1.185379967706,4139.25,1,0.10770931939934407,1,0.24499968101030892
S2,RawMaterial,25.53,41,4,0.0666513678513108,0.8643834254567315,0,0.9835958886435737,2323.72,3,0.003904504230461947,0,0.5671968942008607
S2,RawMaterial,10.24,18,4,0.04113169986071701,0.08467773752032293,0,0.9287734439193538,3532.03,3,0.0620173071543643,0,0.09171758104183743
S1,RawMaterial,50.58,49,9,0.06834731397737456,0.40856360469973185,0,0.9185575844950424,2740.32,7,0.023334030067736437,0,0.3299280712987658
S3,Electronics,41.72,8,8,0.022881157635653883,0.8206577702855591,0,0.8170779878626593,2033.14,5,0.09646452315320378,0,0.5564018666048888
S4,Office,59.94,15,2,0.09979662998077837,0.8132393318411736,1,1.0739223476089659,2728.29,9,0.14360187731670618,1,0.5321683023846518
S4,Office,26.92,41,13,0.04310852178590181,0.13878281068026954,0,0.9050061108575882,4161.65,8,0.09368773568329393,1,0.18905938580107512
S3,RawMaterial,87.37,17,7,0.09316860025086955,0.4877098008572094,0,1.1835720825290306,1767.2,9,0.10423165595788336,0,0.3705764605895865
S4,Electronics,33.2,23,6,0.0430798052863775,0.47983240272513084,1,0.8841778981507167,2396.5,8,0.05948443506384142,1,0.3436805260781346
S1,RawMaterial,30.38,2,7,0.09281397811219236,0.32372145243921846,0,1.0117964774741484,1411.62,3,0.08447113034278746,1,0.2720770648971888
S4,Office,53.26,6,11,0.03356854414799156,0.9171811450643367,0,1.0941882799337697,2080.35,9,0.08157865645287897,0,0.6389506788544281
S2,Electronics,54.9,29,4,0.07605429846558068,0.6531176120057318,1,1.148046117928403,4482.99,6,0.11394095179019159,1,0.44325828531454187
S3,Office,29.36,27,14,0.09510020124090163,0.9801874898443705,0,0.8625843571288906,4035.75,2,0.12853674705304427,0,0.7166425542788928
S1,Office,34.47,37,14,0.06459806781957683,0.06676621082675882,0,1.1941606161988132,2181.27,5,0.09943289164246497,1,0.15943914684192834
S3,Electronics,25.27,49,5,0.06775652257748761,0.3943501729109318,1,1.1626995941270728,1095.78,0,0.1469713202886069,1,0.29265134623409106
S1,Electronics,74.66,34,6,0.010288624532205116,0.8351375620988106,0,1.1851399064910129,2389.87,4,0.12424325887867493,0,0.5470262674760906
S2,RawMaterial,79.31,18,9,0.047421994716390095,0.4226856692121592,1,1.1410683038166558,3972.75,5,0.01869701233753876,1,0.3321237142279268
S3,RawMaterial,51.61,42,2,0.08867554060867876,0.2618780270433242,0,1.151067691213426,697.1,4,0.07612130975792568,0,0.19801519269431242
S4,Office,74.27,10,11,0.024090983623071816,0.9978075443171072,1,1.0395315663652651,3854.03,6,0.1354854118040655,1,0.6844832502486144
S1,Electronics,76.23,38,9,0.07883630134983131,0.8731248897023138,1,1.1381240252469529,3559.59,3,0.14159023030968207,0,0.611811538512052
S3,Electronics,22.44,44,10,0.0675709885803941,0.5464736612994485,0,1.013605343145319,790.92,4,0.057030890764859704,0,0.4195840647823588
S4,RawMaterial,96.96,17,1,0.022298596474053745,0.5617092362466075,1,1.015286868245266,3360.38,3,0.10885560922747868,0,0.35085797783303774
S3,Office,83.89,13,4,0.028279120526796445,0.006862960587653233,1,1.0250320367603971,1843.95,8,0.061581822546356746,1,0.04117294108205945
S3,Office,28.4,48,12,0.04275609001206972,0.9809945808831119,0,1.1985271699612214,1297.78,1,0.01854895832691478,0,0.6871378612477738
S3,RawMaterial,26.75,42,5,0.012512921552072565,0.8062951619074916,1,0.8417579360550492,2231.97,0,0.13269169573836273,1,0.5232452593244025
S1,Electronics,21.31,27,9,0.0913371297158207,0.03672935954462886,1,1.122243991398328,1424.24,3,0.13979296840684616,1,0.11372446892723781
S4,RawMaterial,22.45,2,6,0.07393576050720556,0.17633019215915646,0,0.9093250092488671,4210.5,5,0.07571257968987098,1,0.1708359863047984
S2,RawMaterial,77.33,34,4,0.03649641000035797,0.8210312302974248,1,0.9444908330390969,3839.0,9,0.0027461146230215614,0,0.5321390897499908
S1,RawMaterial,52.27,31,2,0.02996654953049618,0.08686554827196069,0,0.8322133029224112,4913.39,7,0.12240543760443895,1,0.07539500810803955
S1,RawMaterial,80.46,23,5,0.06895788703123774,0.9417857275095671,1,0.9406295125536278,2903.34,3,0.07154405493461863,1,0.6214730883293972
S1,Electronics,77.16,7,8,0.04242209219527411,0.9998910621506252,1,1.1963050788546834,901.43,0,0.011254253631235283,0,0.6698041220918145
S2,RawMaterial,64.42,38,8,0.022933657190507273,0.8864328095802922,1,0.9588277047312141,2154.96,8,0.02840872243072423,0,0.5958826400481847
S4,Electronics,71.77,33,6,0.04301507529737574,0.7389039893575168,1,1.0678751679888987,4273.87,2,0.02281790103456426,0,0.49910405906086563
S4,RawMaterial,11.65,12,11,0.08712969832225723,0.48728235116877316,0,0.8482852752646152,2285.88,5,0.10294182994795713,0,0.39707974876936963
S4,Office,38.06,45,1,0.006860663653996346,0.08242957634737358,1,1.1689988838994707,2550.54,9,0.044911423930121715,1,0.058658802047480196
S3,Electronics,67.4,12,8,0.036835824728191205,0.7304462318422019,0,1.1310981519787195,2353.87,7,0.01915357759671648,0,0.5064613436666356
S3,Office,10.84,19,4,0.09623394230171654,0.39686515402788647,0,0.9545177216787786,1559.2,4,0.13764732393537651,0,0.29556070367867543
S3,RawMaterial,12.97,9,14,0.0014831842454580914,0.5702286311466744,1,0.9393853330691062,829.38,6,0.14347965885237046,1,0.44258213396164203
S2,RawMaterial,86.67,10,2,0.08906403175312187,0.29339047614162816,0,0.9729068014054045,1312.52,9,0.020786380915045838,0,0.21703920949662775
S3,RawMaterial,71.56,17,1,0.03748336985771594,0.24215600951474148,1,0.9605032731417995,2137.74,8,0.03453537799648119,1,0.16368147380901682
S2,Electronics,33.88,40,7,0.01895182045754571,0.32429695864640495,0,0.9032203218991566,1604.47,0,0.08881810794096238,1,0.25026372132510666
S4,Office,71.92,39,2,0.001497974747170172,0.813828023413713,1,1.196338509666405,3077.31,7,0.02257617742477111,0,0.5030319207580931
S3,Electronics,81.32,41,13,0.007052280139879608,0.4264915401595599,0,1.1242185822818955,3262.58,1,0.02378875393554178,0,0.3508677509948427
S3,Electronics,37.61,10,4,0.017184336422419223,0.3117079119625482,0,0.9071693038030201,3065.3,0,0.05048640626060851,1,0.22075147667568326
S1,RawMaterial,13.24,12,4,0.0025409238379578204,0.4329703972749208,1,1.1926899204107715,882.14,3,0.14237554993020077,1,0.28911594408776836
S2,Office,93.95,15,13,0.03358498680900046,0.032287365946468305,1,0.8062120552187517,3500.87,5,0.14436632945344027,1,0.12230505846772398
S4,RawMaterial,41.07,31,10,0.004489311437442067,0.8906042828153832,0,0.9751590546917669,2230.61,7,0.1262682374738055,0,0.607137934549034
S1,Electronics,19.58,15,1,0.06922160618444774,0.5517615591668783,0,1.027794078824487,4451.71,0,0.10435693768935758,0,0.3589662744983184
S1,RawMaterial,54.27,28,2,0.08189071135374598,0.10482622712066514,0,0.8150346488446579,2865.26,0,0.1081010048785129,1,0.10174866396423717
S4,Office,79.16,4,1,0.08874639235710917,0.28840693194913525,0,0.8644148762815206,880.32,9,0.07043592646311013,0,0.20681093401947104
S1,RawMaterial,29.95,36,6,0.054912818096933526,0.9835527488777746,0,0.9032524328741188,541.48,1,0.07952319422333233,0,0.6494626376128876
S2,Office,34.25,1,13,0.09465095411798655,0.5930574264039231,0,1.0880908230825173,3661.31,8,0.09516789900089821,0,0.47708688493489265
S2,Office,31.84,44,3,0.0005645450559766841,0.29140488689984545,1,1.17589741154611,2302.3,3,0.10969299562418837,1,0.1964408670852717
S3,RawMaterial,99.25,34,1,0.013401832216412269,0.42634566136599417,1,1.0498140347471727,1795.98,6,0.014526925876582691,1,0.26697080362737724
S1,Electronics,27.77,47,12,0.029316598073091518,0.2584747794353349,1,1.0250646364041167,2512.31,2,0.03373305145193326,1,0.2495941327974141
S3,RawMaterial,61.8,17,8,0.0789024441954237,0.0318042571195396,0,1.0147036479903189,825.77,0,0.14444147869540183,0,0.09989614467320801
S1,Electronics,93.27,39,14,0.0885389140133857,0.8420300321520541,0,0.9402814599244007,2263.93,0,0.05027133981908683,0,0.6317796934952481
S2,Electronics,23.22,38,12,0.06181344513060778,0.292478641707996,1,1.131085738454879,1916.15,8,0.04027113162123043,1,0.2797455042782656
S2,RawMaterial,97.38,44,14,0.038323634440913856,0.8384107388550119,1,1.0163069752945038,4100.85,3,0.06328669681864847,0,0.6145435336452814
S2,Electronics,95.27,33,4,0.0665845603586064,0.4785570667139234,1,0.8920412717294891,1286.84,2,0.043638112564989305,1,0.33568103670736454
S1,Electronics,89.61,21,10,0.018089937202436613,0.1828946369476272,1,0.8547324832656313,3903.43,4,0.013677028882778275,1,0.18659233475787873
S2,RawMaterial,29.31,26,7,0.045787405217243206,0.8018686932046586,1,1.1942050059447475,2751.81,0,0.031194169785630492,0,0.5448574374879681
S1,RawMaterial,67.06,46,10,0.050754409832329,0.3771114810557945,1,0.8069892860088008,868.5,2,0.09602396963734998,1,0.31292178301174683
S3,RawMaterial,78.48,36,2,0.01048712210112146,0.7077291878066204,1,1.173376011995922,4863.55,3,0.033477383557909905,1,0.44206936360002297
S1,Electronics,98.74,5,6,0.003387266022160629,0.8372296690287324,1,0.8873213204721244,3803.94,5,0.09715007950422531,0,0.5462111240810303
S3,Office,26.24,33,6,0.07501054973501461,0.9629856563438537,0,1.0630198130726591,1670.42,8,0.015012134235520508,0,0.6431517015839594
S1,Electronics,78.94,1,7,0.053470635927970855,0.08581453258624194,1,0.9206130102392525,3117.89,2,0.006281452438871365,1,0.11752991033013642
S3,Office,40.49,6,12,0.03322387018779355,0.008386481840437332,1,1.1439241647519263,4549.71,3,0.1292351523988788,1,0.10071333587488618
S2,RawMaterial,25.81,37,1,0.04372286316611501,0.5484249815224475,1,1.0173781288726433,4688.63,4,0.11400392933125394,1,0.3493147050061601
S3,Office,47.92,2,14,0.09577034132432963,0.2642409618750001,0,0.8564231023926917,3790.21,7,0.09990415242695598,0,0.28727567952229893
S2,RawMaterial,81.45,5,12,0.03849137719139506,0.4691017897435763,1,0.9079340001796402,3774.52,8,0.0046348849405297545,1,0.37872277271785004
S2,RawMaterial,51.84,26,1,0.010347922665377308,0.07265868715610746,0,0.9281274294279038,1748.13,2,0.035903090273060885,0,0.053842446236134815
S3,Office,58.38,41,2,0.046360217956334375,0.5015890466733597,0,1.154368945756039,4953.93,2,0.12184714907283908,0,0.3291472076766304
S1,RawMaterial,99.56,47,14,0.06480483734780687,0.1248556531781404,0,1.1066953674824076,1595.67,6,0.021700149758781682,0,0.1943548431112263
S1,Office,45.92,13,11,0.001211311609989152,0.8385877581990512,0,1.131834925044347,902.33,8,0.12192801598406455,0,0.582087476973856
S4,RawMaterial,65.39,12,2,0.033234056001518054,0.7594868026364567,0,0.820900875136581,4898.21,0,0.08763503245637702,0,0.4799480126680437
S1,Electronics,42.87,5,5,0.03935144201304498,0.07407357821724214,1,1.0315128821893054,1187.8,0,0.11105525516954688,1,0.0919638652485445
S4,Electronics,45.35,2,1,0.046371484576394575,0.8363503547279342,1,1.1996707722058586,2847.26,1,0.09667606176767596,1,0.522864515352536
S1,RawMaterial,72.61,4,11,0.030168419367445534,0.3249584924246226,0,1.1140798556213256,2607.1,5,0.06254843701256317,0,0.2825970498364358
S1,RawMaterial,94.41,27,2,0.06669222584658734,0.3528597428773309,0,0.8482830725559658,4316.93,2,0.04379660233453866,0,0.24600922776608902
S2,Office,58.81,10,6,0.09447092237258123,0.17980357424156157,0,1.0715272669629394,2284.97,7,0.10090937678862706,1,0.17908056411385415
S4,Electronics,79.16,13,3,0.09139981760397153,0.835304121492478,0,1.0981295283580732,2759.82,4,0.12103693227073414,0,0.5500309896052497
S1,Office,18.03,44,4,0.06643934148090168,0.4047057638484248,0,1.0056993423685634,696.82,2,0.006709895424279261,0,0.291326689324754
S4,RawMaterial,29.0,2,1,0.05068840661442501,0.0488358706803137,1,0.8315012591093769,1435.27,7,0.056986340058574586,1,0.05165090153537286
S2,RawMaterial,55.19,26,5,0.08258151264416594,0.966249627826163,0,0.8138744940825429,4248.48,7,0.05260946762697945,0,0.6402385162032332
S2,Office,11.8,15,4,0.08359371878585636,0.2558872139608622,0,1.17512387889574,2652.63,1,0.08392062606876788,1,0.20718187258370283
S4,RawMaterial,32.76,46,8,0.0829573052819695,0.936177277906472,0,0.9030055861914474,1539.19,4,0.017088758458169956,0,0.6437364154713312
S2,Electronics,56.57,10,3,0.01578459378693997,0.3012383626467605,1,0.95158725080738,2160.08,2,0.1400129115208919,1,0.20690696715270973
S3,Office,11.35,22,10,0.002543234136194017,0.8314265946981141,1,1.1181110163942019,1782.93,6,0.08227654026507338,1,0.571047498488298
S3,Electronics,33.81,40,1,0.09831934097481101,0.6642194924591908,1,1.0757042986869774,3002.99,1,0.13856292064256684,1,0.43517035491081485
S2,Electronics,56.26,25,14,0.09596541957209742,0.8612834319895647,0,1.1874262800137338,731.51,8,0.12254113851924758,0,0.645559685065368
S3,Electronics,61.58,15,13,0.05643784608887631,0.9761179867028973,0,0.837135680084467,1512.36,1,0.0287458293472772,0,0.6954592887055441
S1,Office,93.32,13,10,0.09930637167173607,0.8714836834566128,1,1.082767829631691,2097.34,1,0.019850851843943577,0,0.6241106930040599
S4,RawMaterial,68.08,8,5,0.07705470447678607,0.4036651615000205,1,0.8328915411110679,4676.96,5,0.1291875360001392,1,0.3010297939573338
S1,Electronics,47.33,21,14,0.051738018345345055,0.8145034814951627,1,0.8000661986004579,3304.75,2,0.08041503338763285,1,0.6042234944007011
S4,Electronics,93.73,21,1,0.03893310671432224,0.7116508103070931,0,0.848092090475099,2769.14,2,0.002961412184684764,0,0.44581327534140963
S2,Electronics,80.64,22,11,0.059286320949351816,0.06160367083165341,0,1.0466903393116949,1358.71,9,0.14013401226590394,1,0.13331952735522618
S1,RawMaterial,28.0,46,5,0.05158021016654793,0.9297600977376241,1,1.0704770998309765,3010.34,1,0.07095425990895966,0,0.6090444074068245
S2,RawMaterial,21.78,33,9,0.09938025267011961,0.4659610916268312,1,0.9753359489638337,4680.54,4,0.045140445262859354,1,0.37367644506284886
S2,Office,70.82,45,5,0.049046031600923704,0.1344505656962559,0,0.8184282838949697,3048.39,4,0.07748968067559708,1,0.13109843461231638
S4,RawMaterial,60.39,27,2,0.08359210861871573,0.425378097198146,1,1.0536237564217963,1241.48,6,0.12343775856512326,1,0.2945902051902166
S4,Office,81.07,40,13,0.08136238231382414,0.6031412451214775,0,0.8343269910345961,4987.04,7,0.016543910255368558,0,0.4791506046241766
S4,Office,76.49,22,2,0.00714062735057901,0.5729461250839096,1,0.8566905327065591,2744.86,7,0.05383993548562987,1,0.36019557754123377
S1,Office,66.27,30,10,0.008700676731063117,0.574793646786303,0,1.0050302739083308,1938.0,2,0.04783000098683376,0,0.41891496251967214
S3,Office,98.77,9,9,0.06598101148013961,0.25583928315173365,0,0.936149308589939,2765.19,5,0.12594742800422215,0,0.23758358762079634
S4,Office,58.02,45,12,0.025910800673530132,0.632702449421189,1,0.9859015709105362,1686.61,4,0.11677009139658183,1,0.47310899556905817
S4,Electronics,20.18,35,14,0.06575270346971065,0.9074148337776627,0,1.054030761450877,636.68,3,0.06001560518653981,0,0.6641747113075108
S1,RawMaterial,84.54,18,5,0.014462589431353002,0.3886669465516007,0,0.8640028144645587,4502.85,9,0.09967324644968398,0,0.27325323047465205
S4,Electronics,32.67,42,11,0.0397068227205804,0.6305802826201098,1,1.157234695876403,2429.93,5,0.059166822344217274,1,0.46883164495966856
S1,Office,79.96,5,8,0.010247026632558399,0.24398700700724618,0,1.023792025858496,3888.02,3,0.08569707574743506,0,0.20660916933697235
S2,RawMaterial,96.14,27,10,0.028209307681563933,0.04828102018870184,1,0.8088373102125143,4870.65,7,0.14868229419376788,1,0.10885997584626173
S4,Electronics,72.71,6,4,0.008829859010767127,0.5857313639194052,0,1.0513811366935444,3346.64,8,0.0803361700853362,0,0.3826592046263018
S4,Electronics,63.64,32,2,0.0970578655197679,0.047549802185225865,1,0.9852715727096205,3612.27,0,0.148286209924576,1,0.07193295525278018
S2,Office,51.43,8,4,0.03950584345122751,0.7235845949204733,0,1.0806556445903426,4744.58,0,0.11207986593971155,0,0.4745739385590808
S2,Electronics,42.8,39,12,0.09011887678981861,0.6703526978017641,0,1.1136134491750178,2824.5,3,0.01810834353947096,0,0.5149615674322897
S2,Electronics,41.77,21,11,0.09711717690288484,0.3693250189013154,1,1.1755379413559717,1939.55,5,0.11939492529005201,1,0.32930159298308326
S4,Electronics,67.27,18,4,0.09095626601275719,0.41129010964798185,1,1.1993383177099997,4646.23,7,0.024192846220472273,1,0.30263237416404487
S3,Electronics,77.61,14,11,0.045495966436620884,0.9177609364772998,0,1.0198467973885708,810.47,0,0.0798492912579919,0,0.6428767803887947
S3,Electronics,71.07,15,9,0.07788972975820574,0.013133625523062742,1,1.0246033412513698,1465.74,2,0.09198678516984284,1,0.09553280852701365
S3,Office,27.86,42,10,0.015369948375502596,0.563303380822992,1,0.8089781003902425,2035.69,3,0.13383456828290402,1,0.41402158443501746
S4,Office,54.46,26,11,0.009483261381920884,0.9233611257344634,0,1.1460681893945321,4019.5,9,0.03156363153856721,0,0.635433082426683
S2,Electronics,81.25,44,6,0.0876901467830728,0.9139872477695967,1,0.8114871974170085,4567.56,1,0.1313913108545794,0,0.6175565355538226
S4,Office,52.81,32,10,0.003112014570324839,0.5846557638246925,0,1.0530659228004167,2533.04,8,0.14017406639374516,0,0.4231556340944844
S2,Office,58.3,39,6,0.097232735089717,0.38122999890959797,1,0.8394307914976921,1787.57,2,0.013423102688935245,1,0.30076496272981673
S4,RawMaterial,79.4,28,5,0.06721338800641129,0.09890352633237398,0,0.9143354416425826,2089.45,3,0.13279276770180334,1,0.1152204179156335
S4,Electronics,69.51,39,6,0.041961302140060885,0.1737842038123505,1,0.8561318212442902,3454.46,3,0.03887700729116205,1,0.15971605578657141
S2,Office,46.84,43,1,0.014137532638105521,0.6796733552036615,0,0.8549577152450165,1211.03,0,0.01215014240732063,0,0.41918813005648564
S3,Office,90.59,32,13,0.07232311509547122,0.01663408380976783,0,0.8298403929267723,2963.44,4,0.14378615338774864,1,0.12453452767164493
S2,Electronics,24.63,13,5,0.05631117544033529,0.8834855764079825,1,0.9271527927942014,3147.99,4,0.05883052308743863,0,0.5826989841911757
S1,RawMaterial,99.6,15,12,0.07111270074465693,0.5879344701458835,1,0.9694605377811175,3685.35,1,0.09344752577054545,1,0.4598087780252129
S1,Electronics,20.7,18,6,0.041792220562892106,0.04514666226476416,0,0.9857892771328635,3217.54,0,0.08293096796929728,1,0.08248280638486899
S2,RawMaterial,11.35,39,8,0.006626008306091169,0.23976742019163255,1,0.9758832157868429,936.3,4,0.031977288698974864,1,0.202991111749664
S4,Electronics,90.1,6,4,0.031497220055072696,0.5942009105676547,0,1.009476813718111,3599.59,4,0.10043485922505978,0,0.39454114092854314
S1,Electronics,32.05,11,14,0.031502075321469085,0.035601265459815123,0,1.1439147716747764,597.86,6,0.006917248351089744,1,0.1308113818723298
S1,Electronics,75.67,32,5,0.0008679158337660865,0.7799874019577623,1,1.05271864628247,2256.39,9,0.030464238946798998,1,0.5039671016390729
S4,Electronics,82.99,40,4,0.0009581015098923507,0.9199220668306032,1,0.8069142683879251,2376.78,9,0.14169956264009168,0,0.5808120991227582
S4,RawMaterial,87.31,20,7,0.03307582872004433,0.9612203933019373,1,0.8691809112961275,1024.84,1,0.14302612868861497,0,0.6366549845971757
S3,RawMaterial,99.24,33,10,0.07276233847992125,0.7336592469005252,0,0.9395799288595251,544.36,7,0.07239827877201803,0,0.5334528211128629
S4,Office,36.46,40,6,0.06240437304168749,0.8568254708395171,1,1.1796174835459508,820.23,4,0.025360760837066787,0,0.5756737372733594
S2,Electronics,73.92,8,14,0.023901764670650905,0.6107074623297364,1,0.83123175897997,2508.35,4,0.06324300915524299,1,0.4735950067990371
S2,RawMaterial,20.39,35,4,0.06027626521721712,0.45854366454157447,1,1.0840477049617925,1581.59,8,0.13156062499378487,1,0.32178050686153836
S3,RawMaterial,46.61,5,6,0.06473775955594917,0.7131347533722072,0,0.8132372526979492,810.41,1,0.01054110816540621,0,0.49015932274725194
S1,RawMaterial,86.32,35,13,0.05225699228249991,0.224180664262695,1,0.9450148676007863,1653.82,9,0.019180286574527045,1,0.24304263909950985
S1,Electronics,43.09,47,4,0.05213539751868225,0.10978432619555023,1,1.1080595054854974,2879.7,1,0.1343479268784091,1,0.11008264354436337
S4,Office,63.2,14,12,0.036974787306263926,0.7618509761288986,0,0.937571734575341,3839.62,4,0.06230751010391175,0,0.553917307583504
S2,RawMaterial,55.34,21,8,0.012339436375323677,0.958186792985869,1,0.9721128239945863,2354.01,0,0.012518790771356435,0,0.6357567638469757
S1,Electronics,68.14,47,11,0.03854838000504246,0.5774793323280235,0,1.1621218113069716,3259.17,4,0.020881361576097233,0,0.43662354196975545
S3,RawMaterial,97.56,24,3,0.03453343161468275,0.48254237099786035,1,0.8264676365277193,3185.44,4,0.13236722669411904,1,0.32131402351169247
S3,RawMaterial,15.02,17,8,0.05919725928760583,0.5344042312721845,0,1.0110649300840404,4533.42,7,0.07351550574367675,0,0.39554457369244955
S2,Office,61.66,18,13,0.08562601687666084,0.4784641843848325,0,0.9464950234364713,1307.27,5,0.02444914617918667,0,0.4056234585510406
S3,RawMaterial,87.67,34,2,0.037537516484038504,0.4422002811772382,0,1.1855246686068124,2643.94,5,0.1341089632392173,0,0.29086713793726876
S3,RawMaterial,53.32,12,6,0.07097352778996852,0.9470356941462128,1,1.117475931767303,3343.23,4,0.12679183337681357,1,0.632370617681861
S2,Electronics,17.07,16,8,0.08118303774964686,0.4797631911282484,1,0.8488307109466156,2838.75,4,0.0034535026182455964,1,0.36935568314470024
S4,Electronics,60.45,4,1,0.021175151373079616,0.08110244101397857,0,1.1709639026890288,2526.54,7,0.08714851616242078,0,0.06215686716316817
S4,Office,39.89,25,6,0.09016501768797186,0.7655166790702365,1,0.8844853189815075,4880.57,0,0.03665049755710616,1,0.5292166556056762
S3,Electronics,23.94,34,9,0.00704449381793606,0.3915616034079147,1,0.8339270574139281,4739.06,8,0.07997037179708465,1,0.3013360244758439
S4,Electronics,86.41,28,13,0.09017193387976909,0.7106935457488837,1,1.016637311917797,3251.55,5,0.04189024983079959,1,0.5463248504704037
S4,Office,56.94,46,10,0.016363289262919013,0.5795693595744067,0,1.0946526279905116,2478.09,8,0.04738144213379566,0,0.42407917395209116
S3,RawMaterial,93.99,11,10,0.03371696028343157,0.7131800651558505,1,1.0864203557984848,3899.22,1,0.09027787986488706,1,0.5094516986071113
S4,Office,82.54,13,2,0.060523522016816336,0.06199395703567956,0,1.0136224275509584,2808.21,2,0.08082887666515909,0,0.06963914511216693
S3,Electronics,72.37,31,11,0.09056833657708252,0.03387332266782306,0,0.997094989767881,4980.06,0,0.05927885966712109,1,0.12606592314524717
S1,Office,10.45,25,13,0.025570144056523525,0.3785416248511412,1,1.187817558921261,3586.72,4,0.016135195774352334,1,0.3276531609847846
S2,RawMaterial,48.5,39,1,0.07635739134665756,0.6931661378219408,1,1.128223536707799,806.72,1,0.14541358478694236,0,0.44594975724001884
S2,Office,27.77,10,2,0.07104358082408693,0.2236825269059941,0,1.0794560152572157,2308.6,0,0.026190832570507683,1,0.16980830467653685
S4,Electronics,91.97,24,5,0.015970876214216712,0.43340071796257207,1,0.8780845854238568,3786.19,8,0.09496758674345848,1,0.30054597935609395
S4,Electronics,25.71,1,6,0.047946394458432795,0.9808102639729744,1,1.1279082764106605,4290.66,8,0.012411714405609675,1,0.6457272195784572
S4,Office,35.75,25,1,0.04815050931776321,0.2148745545173455,0,1.0999122974064115,4160.16,5,0.10324692488184278,1,0.1505127426485934
S2,RawMaterial,56.52,28,7,0.03046118146566501,0.8479434617713636,1,1.1968106399110665,4897.57,7,0.014225967507585412,0,0.5679044315025177
S1,Office,33.7,36,11,0.07799213165357954,0.8254608848111966,0,0.8531980431736502,2701.04,8,0.034426251225897264,0,0.5972455989542205
S1,RawMaterial,28.89,18,4,0.09259338523730987,0.8913521852889884,0,1.0861181583792152,1130.3,4,0.09704777990670568,0,0.5911607553160145
S2,RawMaterial,63.92,6,9,0.07165724586028169,0.9151417436287872,1,1.1916332772134102,3435.09,1,0.04244027879165302,0,0.634867934221071
S1,Office,18.0,2,6,0.09729547330228147,0.5073201923981322,0,0.985037210897788,818.37,3,0.07992762227218851,0,0.3764379002867066
S2,RawMaterial,15.24,3,9,0.0050468471081612344,0.6819337831955757,1,1.093364177370405,4880.85,2,0.01867580900061139,1,0.4749600383355081
S1,Electronics,43.5,46,1,0.0037222685089395194,0.6188909120156943,1,1.190148260218172,3913.4,9,0.03036008088993044,1,0.3795940849049556
S3,Office,74.86,8,4,0.08938586774932468,0.30894854036555697,1,1.0189939575623985,4919.67,6,0.11006638623819247,1,0.24075631311556017
S3,RawMaterial,59.93,31,2,0.08978003696966025,0.27978758615470734,0,1.0796166378812406,2197.64,9,0.005270829042334918,0,0.20909227706943675
S2,Electronics,48.06,48,6,0.010712078508788237,0.3415699695010913,0,0.8080339240048384,571.09,9,0.016770031478557743,0,0.2510127481104341
S1,Office,60.92,19,4,0.03574460490689246,0.21845773200769214,0,1.0078660422505776,2845.8,9,0.03224340279159594,0,0.17036944924811162
S4,Electronics,42.89,6,9,0.08353945781128533,0.7573835504927955,1,0.9023201624167769,1045.32,7,0.0030285838656421535,1,0.5437776819247772
S1,Electronics,94.25,14,14,0.012854067750164589,0.9645728684265158,1,0.8524978569402168,3558.32,4,0.014306804775927794,0,0.6825999413809588
S3,Electronics,14.94,3,3,0.02674280726092071,0.8677717418380783,0,1.0834392338725312,2738.98,1,0.042208721645434474,0,0.5501144587096946
S3,RawMaterial,70.61,48,1,0.0680996036857953,0.21794040408838056,1,0.8156357955633368,3890.51,8,0.013937617737471352,1,0.15833698070162408
S1,Office,90.22,1,11,0.09818990544779979,0.051915470712179834,1,1.161946060630823,1809.81,0,0.12991791450447995,1,0.1391776826330764
S1,Office,82.35,44,13,0.07971388400703923,0.757093907072175,0,1.007109463948337,4231.25,4,0.009911068576673237,0,0.5710276523025597
S4,RawMaterial,26.56,30,11,0.07773176228143874,0.3902138059086162,0,1.0592920460757516,3428.69,2,0.1291475548767359,0,0.3360192408010299
S4,Office,36.63,46,1,0.03426626636911369,0.8246126161667149,0,0.9013739196505066,4944.69,7,0.12342901290903992,0,0.5121903067536201
S1,Electronics,74.53,19,12,0.06613430716714742,0.7792357965864521,1,0.872877207475717,1303.51,7,0.015114239184508077,0,0.5730960558163012
S1,Office,17.58,19,9,0.011308828893082802,0.6254102519990077,1,0.8975014484448056,730.28,0,0.0037786971407867184,1,0.4429245141530437
S1,RawMaterial,83.07,9,9,0.09922670331834993,0.2553393343793954,1,0.8929171964017174,4329.72,3,0.007498802234297086,1,0.24725732590885646
S1,Electronics,74.7,7,5,0.04805843177539903,0.10403576783014701,0,1.1458006513173806,2023.03,9,0.08855670968606354,0,0.11255327594499362
S2,RawMaterial,75.66,46,2,0.06388078682643784,0.2526483260561352,0,1.1149357605849795,2440.61,7,0.10055304367328619,1,0.18503894596732676
S1,Electronics,19.02,37,9,0.08761718986814537,0.5097596953454672,0,1.1410946136496127,4665.51,8,0.09309800868693467,0,0.39642668845343815
S4,Electronics,74.6,41,13,9.649618435639829e-05,0.979462975642382,0,1.0939488174633591,2483.14,8,0.08122152779878469,0,0.680563877097879
S3,Office,71.18,7,12,0.0975982427596308,0.06368724020035865,1,1.0574201445857685,1841.09,1,0.02620261359442336,1,0.15320610266239015
S2,Electronics,84.78,9,13,0.03591593121701932,0.2000720008159318,0,1.0111498758922672,767.73,8,0.12614308419529072,0,0.22367512271180773
S1,RawMaterial,13.74,4,8,0.033959074139582636,0.6272794576924252,1,0.9061927305519636,2493.21,7,0.04913324045403728,1,0.4436982540001871
S3,Office,12.08,25,13,0.014506333609265388,0.3043643946670277,0,1.0821451830908462,3447.28,8,0.1479267294169328,0,0.2798276797401391
S2,RawMaterial,43.57,49,11,0.08581844102835412,0.8585042994398843,1,0.8546337620874107,1711.29,8,0.05772866968412857,0,0.6194195405438654
S3,Electronics,23.39,12,10,0.08708395358672405,0.13941698706559502,0,1.0044246174268483,3730.01,2,0.03945072659615481,1,0.18120394974394566
S1,RawMaterial,60.25,6,10,0.001998899894489026,0.9631575235839414,1,0.8781099074022465,2652.19,4,0.13413762206726063,1,0.6499227555472828
S1,RawMaterial,92.56,18,6,0.005572522087331633,0.9123748915165268,1,1.0019037219517835,4361.48,2,0.08511212447865497,0,0.5919538343932583
S4,Electronics,45.23,40,7,0.09183416606336706,0.8875290560107212,0,0.917562965149742,1227.82,5,0.10827756602621096,0,0.6100676834254428
S1,Office,86.05,21,12,0.012286813227740157,0.1730690417634161,1,0.8213918678145946,3906.86,9,0.06125981749908671,1,0.1932417547406574
S1,RawMaterial,10.02,15,6,0.06209274639669589,0.3294961242526443,0,1.001483605145592,4696.49,4,0.13303732589153852,1,0.2591826413277382
S2,Electronics,25.17,3,5,0.06196504501683159,0.8040968422335274,1,0.872732083479981,3836.29,1,0.13765878194764908,0,0.5367619045594516
S4,Office,12.74,2,4,0.08697303351086544,0.8078080655599461,0,0.8644620130276612,2326.72,2,0.06551533966753721,0,0.5393481779606558
S2,Office,39.53,41,7,0.05726541054256784,0.7051754152071323,0,0.9537463590710795,1537.05,6,0.036108575305314076,0,0.4902848722870497
S3,Office,91.74,40,4,0.04340114113106289,0.4480508815337517,0,0.9447148631413453,942.65,9,0.0971507076650232,0,0.31042229983099845
S1,RawMaterial,18.73,4,10,0.09743807825910455,0.3115892706734371,1,1.1467831462449074,3390.66,9,0.14318765007307735,1,0.2876135573103651
S3,RawMaterial,64.58,32,10,0.022881547599897002,0.9629579361817271,1,1.0258548091574835,1142.84,4,0.0933669689359412,0,0.6560677974175767
S2,RawMaterial,50.63,2,10,0.026271801768318327,0.139262269888346,0,1.1418269712539,4272.37,2,0.14313336576116045,1,0.16286747389207454
S1,Office,94.46,46,9,0.008476965479860798,0.04375406096195611,1,0.8587342616568304,4823.32,3,0.05157119474589218,1,0.0930812405068462
S1,RawMaterial,21.03,29,5,0.09753168171549442,0.009130519989861141,0,0.9429241080222577,1111.05,5,0.13726186061998125,1,0.07045210222285073
S2,Electronics,29.08,2,8,0.07063602088376154,0.7750269096336885,1,1.0221318470414198,2192.24,7,0.016885024862489106,1,0.5433498091881986
S2,RawMaterial,12.66,34,12,0.0012097087491401038,0.05670514596673948,0,0.861251227763979,4717.72,6,0.05382516284065233,1,0.12010028591907143
S2,RawMaterial,49.05,27,13,0.07043140275790376,0.5386436044719121,0,0.8512228265299222,2618.17,2,0.07417068517358162,0,0.4371727263676612
S2,Office,35.0,39,12,0.040413611111369235,0.3672924410673024,0,1.0645606392847906,2909.37,1,0.09796655073784379,0,0.31821383368807793
S2,RawMaterial,88.29,44,12,0.09675496917353416,0.14690789007220695,0,1.0615335883212806,3863.82,2,0.04412088674230897,0,0.20288551050967013
S1,Electronics,64.44,38,6,0.027738750216239307,0.7405954868872031,0,0.8936634656343755,1447.4,4,0.1386358950650593,0,0.4955360600543365
S2,Office,65.27,18,4,0.07102863387138984,0.055006831043934556,1,0.8908494221755631,4906.17,6,0.13552443137912398,1,0.08288411735920626
S1,Electronics,57.87,36,12,0.06274341503743958,0.31839383858545234,1,1.0981783117320334,4013.98,7,0.11990049194483435,1,0.295573613376789
S1,Office,18.27,19,3,0.0012049974896248706,0.562191225420091,1,0.8467951357674381,1226.18,5,0.017154378748759823,1,0.3591048059275135
S2,Office,50.05,27,11,0.08852169293323736,0.4024157233562522,1,1.1693053986706625,999.81,1,0.011743642670742715,1,0.3465773704651511
S2,RawMaterial,99.96,45,6,0.01396126603529665,0.25914819865920014,0,1.1774954084162041,4707.29,1,0.07471971826790126,0,0.20253444186325192
S4,Electronics,85.17,20,1,0.06635887789978331,0.9260010047060467,0,1.1483969292676985,3582.63,9,0.11480156335438754,0,0.5826511233364201
S1,Office,90.41,21,2,0.0775548450794289,0.9309703884986641,0,0.8842709196106237,673.55,4,0.018485383936689186,0,0.5961344009087414
S2,RawMaterial,84.09,23,7,0.0630927646498461,0.4160945396092264,1,0.8067206999095452,1138.94,4,0.0962156200404028,1,0.31858455316048967
S2,Office,19.27,30,4,0.009711386751365892,0.3937444167614199,0,1.1746763367300919,715.23,0,0.07917830866534604,1,0.2677314946536903
S2,Office,30.47,25,5,0.09751791362546912,0.3073850474867009,1,0.9375887309414045,4883.37,0,0.10889841296015583,1,0.24940068829394701
S4,Office,10.28,31,11,0.023681791452122236,0.8557561929123605,1,0.9241641059953385,2740.33,8,0.06530628392494019,1,0.5991296817544816
S4,Office,37.32,27,10,0.0627864769943869,0.5679152859949044,1,0.9046710320628598,2579.67,6,0.10399448958300135,1,0.4310136861238301
S3,Office,19.77,34,1,0.07971780582613112,0.08952221290245521,0,0.897814469219556,4801.0,7,0.023941300722609582,0,0.08477152663216961
S1,Office,52.55,8,2,0.09392360099065117,0.8533207031183675,1,1.0938213161766626,2770.86,4,0.032189140984744326,0,0.55445521645393
S3,RawMaterial,70.94,19,4,0.06040105292559078,0.5348862699570007,1,1.1631574513949703,2829.9,2,0.13550010957210065,1,0.3676235064233062
S2,Office,88.71,41,8,0.025905414916311566,0.41559180410590846,1,1.1144225463740898,4928.44,2,0.049406261294618455,1,0.3142695640812957
S4,Electronics,77.43,26,10,0.08366390174069666,0.3378649436435579,1,1.0696431863833362,1001.44,2,0.1478258722254826,1,0.2992467081369152
S4,RawMaterial,94.47,28,4,0.01632199659500715,0.09942659031294487,1,0.9151030251245721,4935.9,0,0.006930689647513982,1,0.09312398173769763
S3,Electronics,14.85,4,14,0.0022282428071070614,0.9567021564008694,0,1.0187853901177748,1245.55,2,0.07438137224293605,0,0.6746897666826537
S4,Office,11.1,31,3,0.09081488584424018,0.7412435174723017,1,0.8947868690499747,2628.1,1,0.0487480746669529,1,0.49341914766522443
S2,Electronics,69.52,16,3,0.0575388958054606,0.1317775630989807,1,0.8446028416827831,2019.26,7,0.14939475555763837,1,0.11775677802959802
S4,Office,36.04,10,12,0.006964149081131865,0.5112688191348344,1,0.8481171849602112,4799.4,9,0.148505213454693,1,0.3945648219195259
S3,Office,32.82,38,5,0.057972938712300526,0.555575197786287,0,1.0415076420952665,2684.76,9,0.03528649377793982,0,0.386451285999748
S2,RawMaterial,39.78,48,3,0.014501416832244863,0.1678887570307558,1,0.8153918635107231,603.57,5,0.04008853195232039,1,0.12651225069669836
S3,RawMaterial,34.28,10,8,0.0031386006396865065,0.4272215288623039,0,1.1893017983214471,1497.61,4,0.11245083280755704,1,0.31441735465214543
S4,Office,56.03,45,5,0.011652404749075418,0.645746115454008,1,1.1981865853986098,2438.65,0,0.13345116470914362,1,0.42665767641141306
S3,RawMaterial,49.61,9,12,0.07751074285059703,0.2840105718147601,0,0.8597698764997723,3543.76,1,0.09955454817823776,0,0.27937385165832085
S3,Electronics,56.12,39,14,0.07556609048135998,0.33160895488994835,0,0.9709209638792283,3028.56,1,0.1297063432592045,0,0.321635200078377
S1,RawMaterial,70.54,36,12,0.06043181349152832,0.12202847706500808,0,1.1072304074221926,4324.59,6,0.009493868309359221,0,0.17706091600074905
S4,RawMaterial,44.84,36,14,0.020932828991280572,0.41324064432575613,1,1.1820267307810128,4227.95,6,0.09607927220948903,1,0.35422423529283786
S4,Electronics,32.62,19,7,0.07389670657953086,0.5838572847082947,1,1.156528469777026,3157.29,5,0.10502563337560443,1,0.422483382798836
S3,RawMaterial,24.96,19,11,0.040804526721506765,0.11652554069931698,1,0.9019020735570658,3070.92,7,0.028547859459706868,1,0.16072811100747078
S1,Office,41.45,12,8,0.05107536171263401,0.6147843588350356,1,0.8340787735238461,1751.74,3,0.11669553139869082,1,0.4413360809576687
S4,Electronics,76.76,13,5,0.08976406933263215,0.3977932147528124,0,0.9154917443009573,4810.58,8,0.14163977545520337,0,0.3013194353657628
S2,Office,78.1,25,8,0.04578575237381254,0.6781822543908081,1,0.9748949772398705,845.83,7,0.13469497384170986,0,0.4777879354894858
S3,Electronics,70.02,36,12,0.06263661538514907,0.314836975516826,1,0.9439753268850898,2286.64,2,0.03674511268700085,1,0.293407455639926
S4,Office,31.06,25,3,0.0961751491837908,0.5684992382916041,0,1.1095476491598713,3473.76,2,0.04859889569582792,0,0.3913806591586711
S2,Office,62.93,28,14,0.04513898988339974,0.6128028482598014,0,0.9031151551593296,4755.48,8,0.07494170534193693,0,0.48122340592090074
S4,RawMaterial,61.36,42,12,0.056072789819269026,0.6905073991461447,0,1.1434548462947567,2756.88,8,0.02375417764208545,0,0.5168405621477532
S2,Office,53.58,39,7,0.0584414624883448,0.7569389835372993,0,0.8902537710427136,4531.64,4,0.14309297446744132,0,0.521695828868883
S3,RawMaterial,59.5,30,8,0.02407115588727543,0.13635170989990797,1,0.9445408179749486,971.6,9,0.02423949445662413,1,0.14617522984898457
S4,Electronics,54.26,5,7,0.07369220622829524,0.9652427422002774,1,0.9791236270887859,2892.13,0,0.11421344369855038,0,0.651253307188655
S4,Office,60.89,17,14,0.07266370282738475,0.8436454156537618,0,0.9164872570204552,1922.23,2,0.05121422267563929,0,0.6279863602404725
S1,Office,74.4,18,2,0.021355674149568207,0.5623187825986172,0,1.1065488948052933,4080.64,4,0.08605811965448952,0,0.35808368608975505
S3,Electronics,19.87,43,8,0.001333804483451262,0.890358870778358,1,0.9638188845667754,2502.48,3,0.007076073659154236,1,0.5917583209549073
S2,Electronics,77.47,47,6,0.0998941570568453,0.3824329679807493,0,1.1548103093703417,2638.64,3,0.03075177863059858,0,0.30228517076264605
S4,Office,22.23,21,10,0.05815877329606897,0.034286551606133475,0,1.1854354634141722,791.52,0,0.06665868574818185,1,0.10944813438107222
S4,Electronics,16.0,22,3,0.018103204237600135,0.7270313808679431,0,1.1439228610180079,2471.05,5,0.10157868258607543,0,0.4630783612206173
S2,RawMaterial,97.85,39,4,0.02835654825146794,0.94334414935536,1,1.0090500689105966,863.73,9,0.11663428893163195,0,0.603084882660085
S3,Electronics,96.13,6,7,0.06177920422090999,0.16185466357530232,1,1.0039233610455296,1848.03,3,0.004521077664495343,1,0.1656465594114544
S1,Electronics,15.44,16,3,0.013761558104808037,0.6438739470163355,1,0.8863490589122461,1070.97,0,0.022873532411818446,1,0.4118814070698151
S1,Office,49.89,2,1,0.0037280637108956464,0.8134255606523169,0,1.0369110649893767,2005.16,9,0.10946876080338806,0,0.4963166126475159
S4,RawMaterial,26.76,1,6,0.07984798344547435,0.905067051638083,1,1.1810902901760407,1523.25,5,0.12195831387180243,0,0.6098517688736349
S2,Electronics,53.68,30,3,0.07158462443519169,0.276527759115186,0,0.8322426110588301,1783.31,4,0.035485729092867915,0,0.20882061422824055
S4,RawMaterial,84.72,43,11,0.030960164813298354,0.12873380938473156,1,1.1009829657380314,1167.74,4,0.03444795705091209,1,0.165099763646257
S2,RawMaterial,95.56,37,10,0.005849137777456915,0.2478501138759348,0,1.1478158217295409,2478.23,1,0.013204415920974882,0,0.2218933810873694
S1,RawMaterial,67.08,48,6,0.04862709108480776,0.5777216410191356,0,1.194681393798259,2739.09,0,0.022544096339551012,0,0.40407825479406656
S3,Office,41.85,23,10,0.027618628992555894,0.9187282564955316,1,0.9339030863067721,4264.91,6,0.0012023837823369242,0,0.6309511140236571
S2,Electronics,64.3,1,12,0.039777921731364775,0.5825358111985062,1,0.9422296584939965,2924.71,4,0.08847468596668416,1,0.4471691489527989
S1,Office,38.08,19,3,0.02739693463756029,0.9196213008359965,0,0.8919100966628597,1529.41,2,0.13558370161341476,0,0.5814204323214374
S4,Electronics,91.88,46,6,0.017526761992592434,0.7700370236912191,0,1.1156254503924985,3811.53,5,0.022436414930726827,0,0.510137385669652
S2,Electronics,88.34,3,11,0.03869897868363889,0.5983894641678092,0,0.8560158401792053,1837.61,2,0.11271654951615652,0,0.44921480067720576
S3,Office,60.24,2,4,0.09648941234778154,0.021798509263329602,0,0.9071067845192965,3903.78,5,0.08604880294837448,1,0.0705973578337608
S4,RawMaterial,39.23,37,13,0.026622786700996704,0.33307576787614124,0,0.9181049431081897,2242.24,5,0.14098828389197585,1,0.3006894395931266
S4,RawMaterial,36.41,17,4,0.033596664404698454,0.057459557224906255,1,0.9499722474894348,2811.54,8,0.11971837837053868,1,0.07312616222778186
S1,Electronics,13.01,28,10,0.032924203352463065,0.32224235027402837,0,0.9686659614447719,2766.9,7,0.12790935341386928,0,0.27465124259872736
S2,Office,83.42,18,10,0.04802888197905403,0.0623334981584408,1,1.0236099859119383,4800.36,0,0.09587132285588501,1,0.12323733491735213
S4,RawMaterial,50.53,33,11,0.08435055387927837,0.16781586145006244,1,1.1793493285991241,1191.49,6,0.12170041793038049,1,0.20456611160524954
S3,RawMaterial,39.26,15,2,0.04021225915496451,0.4106859162424089,1,0.89891189904432,4723.5,8,0.052630425521979135,0,0.272760941777649
S2,Electronics,52.4,22,14,0.0806147964033042,0.5148847454329807,1,1.1116882355702622,3028.95,1,0.03135263922558296,1,0.43311528618077966
S3,Electronics,83.69,41,4,0.011501210943253716,0.21714168829285485,0,1.0705561155473564,4971.6,8,0.13687799568494466,1,0.1623068048301176
S4,Office,21.22,27,11,0.08949072046821133,0.7325773792579889,1,0.8464200918990334,3079.12,5,0.11015038171086307,0,0.5449650722666852
S3,Electronics,87.19,37,12,0.018530408352393456,0.5903646218670198,1,1.124150700544181,3453.69,2,0.013605434540713529,1,0.4454921813402156
S1,RawMaterial,90.78,32,4,0.003920149908252746,0.6917605307632778,1,0.836244711851946,3873.08,7,0.13003642916271807,0,0.4448037920018711
S3,RawMaterial,95.2,45,11,0.015835448037706337,0.7327656810934132,0,1.0955704918581677,4198.05,6,0.05233559099677088,0,0.5229814716387884
S2,RawMaterial,45.77,19,7,0.019074979129065195,0.7269203385810236,1,1.0863146980951015,2649.04,7,0.044741668581266526,1,0.4918746968873337
S3,RawMaterial,29.54,28,5,0.05085041276133591,0.9362339011968529,1,1.075760744654827,3553.67,7,0.09349703509295818,0,0.6127097502607982
S3,Office,43.63,28,8,0.044993829275305576,0.23722033391466701,1,0.9106769373958201,3266.97,6,0.08528979541596952,1,0.212973206274249
S1,Office,39.96,10,7,0.07158744169317087,0.2701556392312682,0,1.029346795796051,2331.89,0,0.08073850817482324,0,0.23356961604671217
S3,Electronics,25.85,20,10,0.0050951085793663475,0.09420106800215067,0,1.1046311163200202,4193.59,9,0.03823157751030404,1,0.12947774480367175
S3,Electronics,64.65,25,9,0.04977062513760845,0.5925863574311031,0,1.0550367779714067,1366.02,9,0.14396606268843296,0,0.43476871628565866
S4,Electronics,52.9,21,8,0.03324712269233809,0.3951855076378654,1,1.1217222882178801,1252.09,9,0.14251813857442996,1,0.3042282985332778
S4,Office,87.91,14,9,0.06307063320910085,0.49619888066776285,0,1.075152945970376,3813.97,7,0.0006243284883749755,0,0.3809262326491022
S2,RawMaterial,12.89,22,1,0.004369972412501844,0.1698214577141398,0,0.9097799552368926,3368.68,4,0.05067414437515627,1,0.11034672349509159
S4,Electronics,67.95,26,10,0.003493480891815937,0.6490602505713831,0,0.8612226179292553,1929.47,1,0.006832299609307008,0,0.46191276603894604
S4,RawMaterial,78.67,44,13,0.04272516013962966,0.6190193606394512,1,1.0527915945392583,3358.08,1,0.12753731494648615,1,0.47708630728270246
S4,Electronics,78.35,11,12,0.0811339479201512,0.26478442693201953,0,1.1039033523482886,3967.91,1,0.1329777357444925,1,0.2689251262495428
S4,Electronics,89.75,7,3,0.06710940641352746,0.46541669042607403,1,0.8569291809462534,1476.35,8,0.07774474255293658,1,0.32081140760827404
S1,Electronics,75.61,17,5,0.0016706091911565914,0.8943009381072797,1,0.8699281831449687,3116.27,4,0.1259517051691073,0,0.5727960313360005
S4,Electronics,93.5,18,9,0.017847209421412238,0.7734990343257986,1,0.8048277389033626,4211.0,2,0.10550404737806877,1,0.5337392977076171
S1,Electronics,39.94,7,8,0.0226731464517443,0.22694387676333172,1,1.0126996724143387,2350.57,5,0.07493609143926362,1,0.20011112713637946
S1,RawMaterial,55.29,20,14,0.04230589275451947,0.8788548524996034,0,1.016916419098873,3072.82,8,0.054571709848354105,0,0.6400046793261178
S4,Electronics,11.27,38,10,0.058671568392179956,0.06731297342154285,0,1.000030316719467,853.41,8,0.039933753798983965,1,0.12941782599915114
S3,RawMaterial,10.63,11,7,0.021646017389728968,0.4139285660554123,1,0.9264040075246862,4237.11,8,0.038914370613457795,1,0.304850944850166
S1,Office,31.61,44,2,0.03825142244722977,0.08011822753739606,1,0.9711244937968475,4082.57,9,0.0843096576356387,1,0.07383207754232085
S3,Electronics,19.07,16,11,0.05839433939937642,0.9242141941864884,1,1.1064947081742542,2553.15,3,0.025021323973551852,0,0.6506182469031345
S3,RawMaterial,33.42,27,6,0.03834353039016491,0.040702441820043345,1,0.8727187525048409,1036.62,4,0.02621878142594338,1,0.07878166706621834
S4,Office,25.93,11,4,0.01431694213846322,0.151240296107912,0,0.8806191546619778,3471.79,0,0.0015590010490547479,1,0.12361068887771473
S2,Office,12.57,16,5,0.04916611255382236,0.9150399438365512,0,1.066791305910636,3078.41,9,0.09199920893386855,0,0.5994880857823631
S4,Office,91.84,23,14,0.03239941959538054,0.5821576449006293,1,1.146760349434389,4637.66,5,0.14915162784900782,1,0.4590144128189917
S2,RawMaterial,10.74,12,5,0.08641883625548358,0.7951879750962659,0,0.9361573872945212,1759.14,1,0.13338290631418853,0,0.5387527216486904
S2,Electronics,76.25,40,13,0.07756249080938343,0.016406760261795106,0,1.1730977300586432,645.47,6,0.10585347066406518,1,0.12596994625703495
S4,Electronics,23.69,3,4,0.019027509223368946,0.41909507055531725,0,0.823070429447061,1646.33,3,0.11782879466498594,1,0.2857367236716296
S4,RawMaterial,92.1,2,4,0.015263579133084439,0.9844656302742807,0,0.8474077281285785,2425.58,3,0.0625279074395619,0,0.6238298804759222
S2,Electronics,90.35,38,4,0.03476766733145,0.5798190660301559,1,0.9839838477972583,1199.5,8,0.04471193323741033,1,0.38689316838895704
S4,RawMaterial,68.85,48,11,0.04121745004435924,0.8496827885999187,0,1.0893940910514157,4908.81,0,0.05529424228270253,0,0.6007463367446875
S2,Electronics,70.5,24,2,0.09320181513247282,0.9635594768968787,1,0.9483347858942437,1500.76,5,0.012213312259507258,0,0.6203819449635832
S3,Office,10.48,29,1,0.0301620737085333,0.6850405090224067,0,1.0218989160670406,3550.37,1,0.09506927970444487,1,0.42721578466886106
S4,Electronics,98.64,47,12,0.08675843529684917,0.3276304616931808,0,0.8114282742570406,2543.51,5,0.026229753331901078,0,0.3083200933192489
S3,RawMaterial,89.0,46,2,0.050530927935371575,0.30860693427113384,1,0.9847337246684786,2998.17,6,0.11443173167400578,1,0.21460915322900603
S1,RawMaterial,90.56,34,7,0.08856237255573897,0.07127740787646797,0,0.8970302137900567,4697.06,2,0.028496469339571905,0,0.11933515649260247
S3,Office,69.33,20,12,0.07019537773285865,0.4277721020060995,1,1.006547536214342,2891.99,3,0.03421860379010048,1,0.363436160237803
S3,RawMaterial,41.03,18,1,0.0708388968109369,0.9153894156218805,0,1.0103332821245747,1873.52,1,0.14359584590642518,0,0.5776281755592664
S2,Electronics,90.43,14,6,0.05187974874961479,0.4780624265939808,1,1.101263571230822,1493.66,6,0.015809386803559134,0,0.3452585234384158
S3,Electronics,36.24,18,4,0.08403040415781399,0.9109949101267809,0,1.015936651146761,4513.97,8,0.07482638088690448,0,0.6003774958948414
S4,Office,60.64,2,2,0.025442480524169565,0.8171419332282389,1,1.0457076691111684,4940.26,4,0.00940297611023958,1,0.5122036183799085
S2,RawMaterial,18.98,1,3,0.09073512715168691,0.9841871132899467,0,1.0118586326920174,1633.24,4,0.013558648812330954,0,0.6391613775480455
S1,Office,92.98,20,7,0.06367758550359673,0.9476952818920631,1,1.1961509737543317,3748.7,8,0.09502505432076404,0,0.637720444786317
S4,Electronics,22.67,34,6,0.04387089014925258,0.7064832690529896,0,1.1166477447692897,2775.89,7,0.09460908945878782,0,0.4799083713337124
S1,Office,30.24,41,6,0.0982189903415557,0.8712172868759749,1,1.102258011200909,3643.62,0,0.02896804219862387,1,0.5950532120851945
S3,RawMaterial,60.23,41,8,0.08620141069116402,0.7480777016323756,1,1.0509037843975055,4838.97,1,0.13087297728875888,1,0.5318499013296317
S4,Office,78.77,48,8,0.07720210128316995,0.7033945146422178,0,1.011348279732335,1742.39,6,0.1053280493524466,0,0.5023401963131388
S4,RawMaterial,65.74,11,6,0.027390247106894385,0.7155595778978022,1,0.9379028558425476,3829.76,2,0.045091587430674686,1,0.48040996372789246
S1,RawMaterial,30.89,27,1,0.09737407004323978,0.721043675357962,1,1.1135871704352844,2470.76,5,0.037257983701339224,1,0.46898128337060624
S4,Electronics,10.08,23,10,0.07429875028259558,0.37941901186154847,0,0.8758436665548779,3436.4,0,0.1131427879696243,1,0.32136960363027917
S4,Electronics,78.14,38,13,0.06052172840290415,0.42356241605258416,0,0.8146195599757677,2329.93,7,0.11004358861989057,0,0.3651511110095646
S4,Electronics,98.67,44,7,0.0921799229013333,0.29407115917304427,0,1.0792688178112404,3687.51,1,0.022324786729715655,0,0.25409667237422656
S3,RawMaterial,82.89,3,8,0.01621816819291292,0.14826057567132944,1,0.8579406787114935,2018.76,0,0.05237817730054024,1,0.15096465300352868
S1,Office,51.42,12,5,0.013901605276427677,0.4584434003341924,1,1.1615304331043723,2697.6,1,0.032501586998766104,1,0.31495080749772947
S4,RawMaterial,91.34,30,13,0.05637134143907602,0.8999492892722827,0,1.1082725547878058,3689.57,7,0.044121629412880975,0,0.6497381188522353
S2,Electronics,46.89,31,11,0.005671359663311071,0.6512647066178289,1,1.0408977511309199,692.18,9,0.04313459437423084,1,0.4710316604411192
S2,Electronics,57.24,23,4,0.06639868618670157,0.056180359718111195,0,0.9255698614698435,1976.4,4,0.14640355499449453,1,0.08219925025830575
S2,Office,52.94,1,7,0.024074113811561982,0.811199944564652,1,1.0551769436359362,2957.83,8,0.11253170596658527,1,0.5439422008822599
S2,Electronics,50.29,41,12,0.011902657794307138,0.9354015272175004,0,0.9907426759540023,833.61,2,0.11700780734038126,0,0.6505259993830781
S3,Electronics,79.77,20,12,0.0409495849791478,0.8294224399867706,1,0.9164593871278658,3664.21,7,0.041613474789843174,0,0.5956526252000924
S4,Electronics,57.41,6,11,0.046594962636556374,0.7275414141557469,0,1.1780315908387162,4159.79,3,7.90627569552671e-05,0,0.5290747658558437
S1,Office,38.5,11,13,0.01704848638960711,0.15012039581332148,0,0.8647557661465971,1234.97,6,0.008723550738298424,1,0.18804392626201788
S4,RawMaterial,33.23,35,6,0.0041535270956132185,0.3489998922525881,0,1.1013534997683507,3800.58,9,0.08294996499851935,0,0.2535031363373797
S3,Electronics,13.4,4,12,0.041405559123881365,0.5652868883480303,1,1.1200154271567337,3407.9,9,0.042822170834757964,1,0.4373080864602683
S2,Office,62.49,29,6,0.075952633598843,0.07686077937838953,1,1.1807178432713314,2348.95,7,0.028943190097228254,1,0.11175940056382948
S3,Electronics,30.7,10,14,0.08741997706010217,0.10627021413578486,1,1.0197665719208635,1242.45,2,0.007446138242447808,1,0.18998812159950157
S4,Office,23.33,29,3,0.009754829412909971,0.9342539220111499,0,1.0139500644057462,4796.95,2,0.13138226091446067,0,0.5849073734591343
S1,Electronics,68.84,38,11,0.05246754630112552,0.7026911932759836,1,1.1681156836049356,2588.05,0,0.09001910205869638,0,0.5159264084273564
S3,Office,71.31,1,10,0.02634029888063848,0.27508704605127554,1,1.1204373037364757,1326.4,7,0.016105982167238596,1,0.2443828887235283
S1,Electronics,77.69,40,4,0.03746338696028665,0.3273603097613478,0,1.1054545918181615,3731.74,1,0.11496060241448904,0,0.23622663051632325
S3,RawMaterial,55.32,8,5,0.09334418297599065,0.3844293042801694,0,1.1156548216845248,3235.54,6,0.11337383866151984,0,0.29437512317518455
S1,Electronics,90.46,38,9,0.03520747729456469,0.07507129257871692,0,0.9972724365857147,4172.89,6,0.04341054615228838,0,0.11989073302131385
S1,Office,94.27,17,8,0.036534593017832684,0.7391769987144281,0,0.8165674471324188,4982.44,6,0.028264033733511662,0,0.5116094342768638
S2,Electronics,82.66,19,3,0.020939582574499127,0.17683401209120564,1,0.8793059534637917,701.9,3,0.12209728142090642,1,0.13381085345564453
S1,RawMaterial,67.2,33,6,0.09600184180258556,0.8051200248207101,0,1.0571968350657146,3826.92,6,0.04943470989767034,0,0.5547297102903445
S2,Electronics,37.33,15,10,0.04564873566602834,0.8458724297769336,1,0.9584663673717086,4951.09,9,0.12711421216214353,0,0.5926466499945401
S4,Office,98.47,45,1,0.057039213405676296,0.6384341774274641,0,1.0427080993588012,2922.04,7,0.00654774195716763,0,0.40731512762103844
S4,Office,34.67,31,3,0.045316809230139976,0.7698549433989131,1,1.0206711610965038,3720.66,8,0.07489334233673249,1,0.49693658023696125
S2,RawMaterial,28.24,21,10,0.025291907676386418,0.17183516668604337,0,0.975464122222754,2485.0,6,0.026939292209942983,0,0.1821172437431134
S2,Office,49.79,3,14,0.0810412613140987,0.5759389826706368,0,0.8938912085923785,2105.48,5,0.10080672198422039,0,0.4698757679966117
S3,Electronics,15.12,2,12,0.002847122587682116,0.6767993144461313,0,1.087583956311454,3634.06,4,0.14958206422035702,0,0.49264801115826906
S3,Electronics,98.06,35,7,0.06902434300916938,0.6615605808542778,0,1.1636180519005583,4946.4,9,0.06187665480404017,0,0.4676436514153175
S3,Electronics,62.96,41,7,0.05942728105993525,0.11728987764318077,0,1.107985487580316,912.5,9,0.015046582033793592,0,0.13820211090388904
S4,Office,60.13,16,2,0.014428065068874918,0.3443824624800381,1,0.8480152944488597,2399.55,6,0.04765096792093025,1,0.22524361129439965
S3,Electronics,69.02,45,3,0.01659050443006894,0.32503752148233656,1,1.0151798953999125,4732.78,9,0.13372597493476232,1,0.22142823564699404
S1,Electronics,54.73,21,7,0.06592255879008695,0.5725268725969084,1,1.1341464729462327,1007.59,1,0.11486415361558817,1,0.4132928911951711
S1,Electronics,12.89,12,12,0.031213879166327153,0.7652371288677532,1,1.0363927128414796,3429.2,4,0.03483174928383861,1,0.5542207267848357
S3,RawMaterial,65.11,28,6,0.02657380781656792,0.5705903661702137,1,0.9758276643654151,2435.74,7,0.1430398079047988,1,0.39318350490424153
S1,Office,74.46,12,13,0.00591560955372793,0.7548274386516542,0,0.9138185399219684,2196.02,5,0.09332819020396574,0,0.5475282889142538
S4,Office,47.51,33,7,0.07664830893227842,0.09896759669900812,0,0.9321563002345721,1442.48,5,0.025207410047628553,1,0.1323750506990884
S1,Office,78.16,20,10,0.08826719353006454,0.8781386908672774,1,0.8968627320392042,1293.5,0,0.08584832136693589,0,0.6247919440079571
S4,RawMaterial,30.43,40,9,0.08198443517257338,0.5366170693642597,1,0.8782905805217366,2823.29,1,0.06769153014959908,1,0.4108512864560421
S2,Office,29.91,49,8,0.0466034119500037,0.03749866046717287,1,1.0355460594475319,2198.47,2,0.12295465121603458,1,0.09362307700816197
S2,RawMaterial,24.53,21,6,0.05339564085805625,0.6432130030224263,1,1.0037539214454327,2711.95,6,0.05162400444178679,1,0.44480363692801556
S2,RawMaterial,43.48,39,12,0.024227619398468837,0.5173471873630755,1,1.093933233683153,1381.72,9,0.13124674797554195,1,0.40339088395167166
S2,Office,86.23,41,14,0.017285473941878616,0.22036956884856496,0,0.9231718149432837,2075.91,5,0.12179555796574668,0,0.23740738349170257
S1,Electronics,84.51,49,4,0.08230011748913448,0.7644254586113547,1,0.9843296322303189,4983.88,4,0.10119051767399997,0,0.5119167389849817
S3,Electronics,44.45,42,14,0.07983441605448303,0.93356825120798,0,1.0721480876201075,2156.32,8,0.038791083351926006,0,0.6840912755411329
S1,Office,63.02,36,13,0.07773598284368921,0.32268345384350583,1,1.1852935140264709,2357.19,9,0.1455494364419667,1,0.30978801001635314
S4,Office,74.87,22,10,0.04633593063976348,0.493915682816369,0,0.9395481606561972,589.44,6,0.08230001704532304,0,0.3816787603103219
S1,RawMaterial,31.71,26,9,0.08645077608445592,0.12817499869842908,1,0.91928354784535,2213.72,8,0.13612709675445436,1,0.16712594633010852
S1,Office,25.13,7,7,0.09262320693508147,0.9297997237048161,1,0.9797153483697452,3935.26,2,0.03235948488752942,0,0.6356667963034142
S4,RawMaterial,97.49,7,5,0.032834434465344474,0.31879605961923296,0,1.0895495853854213,2820.19,7,0.14750674531283378,0,0.23684225182542884
S2,Office,65.58,8,2,0.022469449178035585,0.19478468369952584,0,1.1846201191868087,3456.7,8,0.12240888434171476,0,0.13789735925884047
S2,Electronics,98.33,26,9,0.04642630307759832,0.47842867676945544,0,1.0146145293263824,3004.48,1,0.1423840325140672,0,0.365270811270667
S2,Electronics,40.4,24,14,0.017932635667459253,0.04328248950118074,1,1.124976096158636,974.71,3,0.0318548598412481,1,0.13134928440094623
S3,Office,73.27,24,7,0.08840028851398969,0.2528368312264049,1,0.9857599223283974,1994.65,1,0.0645987117873822,1,0.22822218529003985
S4,RawMaterial,30.03,40,9,0.03379905000777694,0.06765773649141082,1,0.8159428514760347,3624.05,6,0.014645088275041145,1,0.11502007118289387
S4,Electronics,33.51,48,11,0.05761717865405768,0.12737115449419978,1,1.1576845237110798,2965.73,3,0.020545440983868155,1,0.17227927486416575
S1,RawMaterial,56.07,12,9,0.0594719495907125,0.1121575508658681,0,0.915951237079411,3537.32,5,0.042593799538050224,0,0.14942182968244888
S3,Office,38.77,47,10,0.05149878803458964,0.8724199550179572,0,0.8554662565210773,2120.81,7,0.14274384907098847,0,0.6103301808497226
S2,Office,25.09,8,5,0.01565257094230983,0.930434848034628,0,1.198464597531481,1371.6,5,0.1000787521679966,0,0.5986709658177554
S3,Electronics,33.66,9,7,0.09910006400933713,0.47452216578014605,0,0.9389595985116227,4234.16,3,0.047194846060033276,0,0.36444331867088875
S4,Office,13.22,3,5,0.01726032292411297,0.6304170878533453,0,0.8546153109350811,2193.36,5,0.14318599782569624,0,0.41914263530352674
S4,Electronics,73.4,21,3,0.075150736057091,0.6959018972629984,0,0.9246168713752985,3447.55,0,0.11095971099256476,0,0.46151493060349774
S1,RawMaterial,54.29,31,10,0.07913628740551591,0.39131332487206016,0,1.005535050713165,2215.61,5,0.1360468519866467,1,0.3299574525734623
S1,Electronics,18.48,48,8,0.014516370836127269,0.37021046704288785,1,0.8351828346011948,4672.64,9,0.13908311907586474,1,0.283624048619428
S4,Electronics,25.45,47,8,0.09331635115498804,0.6755690192236696,1,0.9410483337455573,4963.73,7,0.11261546248681223,1,0.49047917402355534
S2,RawMaterial,19.23,24,9,0.048775876262772834,0.37671451524523847,0,1.0675425691104241,3420.18,3,0.036470014468737905,0,0.3049471863116892
S2,Electronics,65.13,4,11,0.06288829585676867,0.5810095195501771,0,1.1663728019614243,3209.68,8,0.1494883432678461,0,0.4460436290585654
S3,Electronics,18.48,20,14,0.06421860560347963,0.5151928108114577,1,0.958975073824057,4283.72,5,0.04876362600924547,1,0.42838126816791855
S4,Office,77.89,16,12,0.05049551255923007,0.5244606009009815,0,1.0258256982979657,2823.04,5,0.10075586243515779,0,0.4155393000226436
S4,RawMaterial,11.85,10,6,0.014202204412115373,0.829358862876451,1,1.0544248799867777,4412.78,3,0.12672175424367013,1,0.544733121906648
S2,Electronics,32.44,43,2,0.07517533578912992,0.7040571088986965,1,0.8283013917351316,2358.22,7,0.026272649163698446,1,0.4592725803616712
S2,RawMaterial,90.16,26,3,0.058178583512349225,0.9606826540380929,0,0.9368900169559935,643.54,4,0.09135625199172129,0,0.615291738905132
S4,RawMaterial,74.67,29,13,0.01186806152573835,0.7909766272515796,1,1.0737016060650053,4669.66,0,0.056275916539238684,1,0.571003537665812
S1,Electronics,16.57,5,11,0.07003219686336086,0.14579251459989573,1,1.0942644345960961,3746.88,6,0.036643360445874545,1,0.18705659639037425
S4,Office,83.9,11,12,0.07027632608064906,0.7384833029998428,1,0.942380844069531,2798.45,7,0.0017657719134468008,0,0.5498871653383861
S4,RawMaterial,54.37,29,10,0.05484864460959152,0.6656475539671354,0,0.8026945001399215,4752.02,5,0.1307961095696957,0,0.48727169719173014
S2,Electronics,86.21,45,11,0.009054881029156803,0.6460439795113485,0,0.8027462400989713,4490.46,6,0.020382232084028312,0,0.4689142805869847
S2,RawMaterial,64.07,15,6,0.035264403113672925,0.48074462619200364,1,1.015248007090688,987.92,6,0.13171757410272814,1,0.3418832395064469
S1,Office,71.36,6,1,0.005092410762670097,0.062463919815986424,0,1.020594358612982,3309.79,3,0.09010358982126722,0,0.046148932261250025
S1,Office,99.42,48,14,0.04775960188263914,0.9514847675100698,1,1.0222877729510917,2921.47,3,0.09315833317725618,0,0.6852187410708336
S3,Office,30.91,15,2,0.09064471318940434,0.8519246947244119,1,1.0887012263321538,3994.13,0,0.12429776913863176,1,0.5526339450771827
S4,Electronics,66.16,43,8,0.00022529826129237264,0.48680803741185796,0,1.1685077582776546,1853.46,1,0.07641617200121709,0,0.3492952690683596
S2,Electronics,51.43,20,11,0.02666386530424122,0.15858096763080842,1,1.1960680830937396,536.52,2,0.05359268522015132,1,0.181719168741186
S1,Office,13.55,34,8,0.0799859101148085,0.8244726578557586,1,1.0804267018499516,1334.3,4,0.02082100259887804,1,0.5758222248907549
S3,Electronics,11.3,2,6,0.0009860833821606519,0.4306716054091858,1,1.005599487049586,1449.23,9,0.08556230718121681,1,0.30155593111730256
S3,Office,20.73,44,3,0.0010173437046006705,0.39011392350635943,1,0.8563979193281259,1811.37,8,0.08297505813766183,1,0.2558021286437673
S2,Electronics,68.42,16,14,0.06108185860943991,0.6653822319327014,1,0.9536700717599338,2166.77,4,0.044084472850092864,1,0.5175538967424528
S2,Office,61.04,19,2,0.07891997567985845,0.7586753985326515,1,1.0289826662719523,3679.5,5,0.09000853884802218,0,0.4931669461092627
S3,RawMaterial,59.81,34,13,0.07765054174666708,0.06284073662045808,1,1.1999233924695059,834.1,6,0.06590503289525444,1,0.15385674735341784
S1,Office,12.87,49,6,0.0779578020749287,0.7675564164835129,0,0.8507926493272521,2689.46,3,0.12082952308702063,0,0.5267783333697291
S3,Office,52.24,14,1,0.03610063448176657,0.7339405013516281,0,1.1172305884614224,2743.9,7,0.08392293864397671,0,0.458337348298364
S4,Electronics,93.22,24,14,0.08827241442744588,0.5892096105220436,1,1.1995760793156323,3271.41,5,0.1400517879520243,1,0.48000749064145987
S4,Electronics,45.78,28,10,0.0012835601396736897,0.3384189143581343,0,1.1221165131884263,1897.46,0,0.07769744525774673,0,0.27486498808535414
S2,Electronics,66.24,48,6,0.031218873677230044,0.16480214725582787,1,1.1068576638225203,1669.05,5,0.13312429547358542,1,0.15110409331380859
S1,Electronics,80.18,32,9,0.03371876948353899,0.10265296918386324,1,0.9034724548256196,2677.48,1,0.07807877070211532,1,0.13599312664109392
S1,Electronics,80.55,37,7,0.016557112581954116,0.0011836937185679686,1,0.8013450028643571,3468.24,3,0.08370522054604997,1,0.05567735000572702
S4,Electronics,56.74,10,9,0.033622597299209925,0.20646017569209285,1,0.890394835239951,700.66,3,0.05502119931833801,1,0.19824859889073299
S3,RawMaterial,87.22,49,2,0.05858841300521091,0.41133697004997294,0,1.1159200460295582,1821.12,9,0.06002536851908433,0,0.2786644202172613
S2,Office,45.22,45,11,0.05202793126973825,0.24364433140008435,1,0.8429124794262989,4042.9,9,0.13996522309374182,1,0.24036640679240065
S3,Office,89.98,48,14,0.03194273585845399,0.3089790536050099,1,0.9184473499297192,2678.85,4,0.03349236029708062,1,0.29497025292054213
S3,Office,31.62,9,5,0.07493275136824555,0.3904524153609902,0,1.0250021083919396,4783.22,9,0.018218658250923746,0,0.29246556034135346
S3,RawMaterial,35.22,24,9,0.07147905784378072,0.3082623084654311,0,1.031924120176409,4403.94,1,0.12453163677059113,0,0.2706868167181072
S1,Office,14.78,36,7,0.028069647708044043,0.7246210386587307,0,1.017195476178119,2047.75,5,0.08653661996173195,0,0.4931935175076516
S4,RawMaterial,81.6,29,9,0.03232283927779175,0.4917267891649699,0,1.1923533981498164,3768.22,2,0.04269709716922091,0,0.3690186395680337
S1,RawMaterial,47.53,29,14,0.028752019863212765,0.019327147752040696,0,0.8049142382603589,1734.39,8,0.06486003304345393,1,0.12022189461018826
S4,RawMaterial,30.62,48,11,0.012885116651121555,0.2266682313623034,0,0.9950394040317097,1288.83,5,0.07873578401659002,1,0.21843790238414706
S2,Office,30.86,23,6,0.07527816429608548,0.7096582446345308,1,1.001768248131136,4464.59,2,0.0888210385254652,0,0.491235538926687
S2,RawMaterial,91.13,27,7,0.004627651051524906,0.3009305232867858,1,0.9173288532483801,2076.12,2,0.12315765344077102,1,0.23194660928752897
S3,Office,85.05,31,10,0.015058049410342278,0.9201417716990489,0,1.0100285102635091,1415.38,4,0.059152849118402316,0,0.6280310492711033
S4,Office,59.82,43,5,0.010530451774784745,0.7126640474474206,0,1.0693119363202301,4842.39,5,0.10147546698396474,0,0.46647184971517347
S4,Electronics,65.45,7,6,0.08253389755243344,0.28992697587964134,1,1.0691023630602319,639.63,3,0.12521504606462108,1,0.24157349765065766
S4,Electronics,52.69,49,1,0.004400851538675099,0.5164098461734441,0,0.8351427902966763,2151.05,4,0.12656601839370435,0,0.3183090203085261
S3,RawMaterial,45.25,45,1,0.06646272899165588,0.6672390301801697,0,1.1209839922658267,672.88,2,0.03813678075546363,0,0.4274250939484557
S3,RawMaterial,92.39,4,2,0.004447459841080348,0.19336586533709532,0,1.1722839320342857,2768.45,9,0.05252595663751846,1,0.13163947144029559
S2,Office,21.31,14,11,0.07864434039217993,0.2461874678868623,1,0.8494447431850387,2305.29,3,0.08923590513933215,1,0.24987721142119992
S1,RawMaterial,47.66,42,14,0.09127140863937486,0.5071237458622565,0,0.9666561142821282,3743.01,7,0.13286585868704193,0,0.4316556701091664
S4,RawMaterial,41.01,42,4,0.04868431658345615,0.9248947224902921,1,1.0047000911148212,4793.16,7,0.11856691300378434,0,0.5981135570406406
S4,Office,54.83,10,11,0.08045418010122957,0.3440103668576152,1,0.8539286757375653,2838.6,0,0.08759443521243322,1,0.3091139027163666
S1,RawMaterial,51.19,44,9,0.07064105328502283,0.4021303281007065,1,1.0013536200876219,1784.3,3,0.14756004459357658,1,0.326756227131645
S4,RawMaterial,56.7,34,7,0.07956352921734672,0.19062021068151358,0,0.8827435346497526,4424.79,1,0.06584808441351624,0,0.18824118517411215
S3,Office,22.59,26,6,0.07667751995259886,0.5932086952731095,0,1.1741443829715144,3220.43,3,0.12636758567793702,0,0.4217856160067882
S3,Office,56.18,23,1,0.020536788373873197,0.7401507472509984,1,0.9793881367303638,2990.68,4,0.12276305699594194,0,0.45739434200561807
S4,Electronics,31.82,9,5,0.049955901015478955,0.44064226630962045,1,1.1979605005386857,1348.59,0,0.13620574675054228,1,0.31508641580470165
S3,Office,26.59,37,11,0.09604141871263859,0.7502493796598184,0,0.8186044593069866,682.66,4,0.14815175325378183,0,0.5575334819811111
S3,Electronics,15.84,8,12,0.034353294458149164,0.3026047233679574,1,0.851032297744866,2576.32,6,0.07435450463697434,1,0.2775831080725049
S4,RawMaterial,78.64,14,13,0.09704870906370644,0.7069844180285014,0,0.9772843202159525,2876.21,4,0.029344447305508906,0,0.5461624063933557
S2,Office,48.47,7,4,0.05831617114337359,0.25834453317045414,1,1.1497437139727729,1071.92,6,0.06913430352422267,1,0.20107299981671312
S1,Office,66.4,7,5,0.04616114176657774,0.7806495417715702,0,1.0220903161444705,767.28,8,0.1280827315478148,0,0.5179523533072011
S3,Office,75.48,9,11,0.06577574650262022,0.8306415782992095,0,1.0929372882596025,1472.36,7,0.1254159951383147,0,0.5966890995017402
S2,RawMaterial,71.14,3,9,0.08158391711776937,0.7977236683597888,1,0.969425262899819,783.94,0,0.05039548613802145,0,0.5673950904369184
S3,Electronics,52.35,14,12,0.03942081548507492,0.215472605850626,1,0.8162048143391979,752.62,9,0.007096021043801059,1,0.2268240938701838
S3,RawMaterial,44.91,17,3,0.003295417511463794,0.6942494378939388,0,1.0591250233735192,2498.75,9,0.07647631467393654,0,0.43896685941837377
S1,RawMaterial,43.84,44,4,0.07088062979704114,0.5385403873763492,1,1.0536005828526893,4146.1,1,0.0711151393618218,1,0.37295984993635045
S3,Office,67.6,22,8,0.09561667844973852,0.9860369899890477,1,0.8285712128625006,3487.95,5,0.012864596666569745,0,0.6774500546712072
S1,Electronics,54.53,46,3,0.06249866502763381,0.3615768209790641,1,0.8683525876953144,3557.36,4,0.11923349335853921,1,0.2571242635243
S1,RawMaterial,86.42,26,13,0.018841447854547333,0.7712513528390406,0,0.9904623195551276,1680.96,0,0.04253854109078266,0,0.5612603889169314
S1,Office,88.72,28,3,0.024824253218111037,0.37007811705731697,1,0.9786550350975906,549.97,1,0.09686281382611708,1,0.2509227176283949
S2,RawMaterial,25.35,45,13,0.09097507186313743,0.39685747415404193,1,1.1009670001517033,2527.91,2,0.015223179398249947,1,0.3582641489085092
S4,RawMaterial,22.26,14,9,0.0013562095604470637,0.1109921844050974,1,0.9549652547686733,2197.06,9,0.12910547593644042,1,0.13128788779690684
S2,Office,66.74,9,5,0.054874666546341745,0.23966118582619134,1,1.0653200955302657,4762.56,4,0.11089117547327447,0,0.19597339717390305
S4,Office,37.11,26,10,0.015867764519395578,0.16448428657233694,0,1.081769416019103,824.09,6,0.058263406346799856,1,0.17487947272779225
S4,Electronics,11.67,2,1,0.02827644352170794,0.1592005610439271,1,1.0580015438103452,3993.89,5,0.0944233423984852,1,0.11114612682572578
S1,RawMaterial,89.98,11,7,0.030698164949326014,0.009016527651856121,0,1.0384502287617814,2234.37,2,0.028118083902836214,1,0.06461936607591148
S3,Office,30.42,17,7,0.02192827477383276,0.7937807694727623,0,1.12227339226074,4233.29,5,0.14781337364384176,0,0.5328469441158072
S1,Office,93.64,34,6,0.07923520627061559,0.46793121793968084,1,1.062842789393484,2727.09,3,0.11941620631405779,1,0.34738643550213605
S3,Electronics,74.57,19,6,0.03322091739787588,0.804167567960758,1,1.1336737385649296,4192.26,2,0.11834100046035405,0,0.5353239588529604
S4,Electronics,78.64,39,3,0.0345484991265538,0.6125504091988049,0,1.0546742107133633,2600.82,3,0.023007032636681416,0,0.39932336668582047
S1,Office,28.13,18,3,0.04530068136934591,0.8313376624805094,1,0.8635892067497157,2308.37,7,0.0026600287340793225,1,0.5338213733276809
S3,Electronics,31.08,13,10,0.09022952887404226,0.5037650032374411,1,0.9237781625561348,4836.69,0,0.08780570516544499,1,0.4007564320332488
S2,Office,56.91,5,11,0.06881730320266831,0.0940410211388345,0,0.9321421329937483,2159.86,2,0.021618091775971644,0,0.15564123221552978
S3,RawMaterial,25.49,23,9,0.00617497041677777,0.6167636432339406,1,0.8375661882947607,4123.85,9,0.11706501847332675,1,0.436196391351112
S1,Electronics,37.49,24,1,0.003926192103657411,0.67776486226274,1,1.076922662997748,801.65,7,0.062411421026736934,1,0.41497963213159833
S2,RawMaterial,38.93,29,7,0.056638922957702544,0.626504168301055,1,1.0380444585309518,781.92,9,0.05078913734811476,1,0.4428941778679438
S3,RawMaterial,24.37,48,13,0.08870605617272079,0.8013363152265798,0,1.0359019687121083,2471.49,8,0.011047389369256583,0,0.6002707488449069
S3,RawMaterial,28.47,47,12,0.03232514760005911,0.7314992440062132,1,0.9914069205069979,3135.07,2,0.14940976199169323,1,0.5343113763980314
S3,Office,80.97,8,11,0.024777182890216843,0.4326324491988691,0,1.0172498507332661,3238.4,8,0.14340161705803195,0,0.3455840529578151
S3,RawMaterial,25.05,26,10,0.07481910453130791,0.8191036554552434,0,0.8032349166210586,663.74,9,0.01973953617102766,0,0.5853364960611098
S3,RawMaterial,12.56,15,7,0.06020913664698274,0.6917865421426879,0,0.8384992277773745,3635.33,9,0.04992174062722377,0,0.4831346662797075
S2,RawMaterial,66.64,1,8,0.05650273423568051,0.12036673851501101,1,1.0733411881861221,1084.67,3,0.05861813070369099,1,0.14631372052256789
S4,Office,97.84,28,6,0.014930119914354112,0.5398729154498197,1,0.9045867225602867,4799.05,3,0.04452016171733931,1,0.3712599281013409
S2,RawMaterial,39.81,49,8,0.017596131866098565,0.7285558062299383,0,0.8431646149498473,2000.97,6,0.1401702839482267,0,0.49955518044064967
S2,RawMaterial,20.68,47,1,0.028178777592402428,0.5532882017182804,0,0.931462104075216,1676.5,5,0.10820127435331271,0,0.34756941145154613
S2,Electronics,61.33,46,1,0.020683893468193694,0.9490286509515976,1,0.9017930199840086,1810.7,9,0.14338746083910975,0,0.5827652157542738
S4,Office,91.57,14,9,0.09714447450464361,0.10149126820876953,1,0.8117489854499222,4718.09,2,0.13117581037861467,1,0.15432381756236907
S1,RawMaterial,80.57,42,12,0.0018611016356157362,0.7223216928788276,0,0.9642231213228648,2672.79,7,0.11318122792037594,0,0.519665631932267
S4,Electronics,66.03,34,4,0.06260563384293241,0.8244508114295005,1,0.8108116784675572,2456.06,4,0.10454506606198175,1,0.5420236055820086
S2,Office,38.36,31,3,0.05175988248754383,0.7026531949051722,0,0.8001563423387933,3046.54,1,0.1299243736469222,0,0.4585484531179379
S3,Office,58.77,6,6,0.03232512358984363,0.3855850050644063,0,1.1169895002615104,4688.43,9,0.10262248451871828,1,0.2839056829727397
S3,Office,18.21,49,10,0.08875887121039755,0.385480313203326,1,0.9259886519163673,1887.53,2,0.028307969847172647,1,0.3293444207136863
S2,Office,71.11,5,12,0.06701625775392822,0.5865675050750127,1,1.02703455395453,1313.69,6,0.0972189774642147,1,0.4577596660854718
S3,Office,75.26,31,13,0.09983543513232265,0.39709803635452656,1,0.9191003077975832,3179.71,9,0.07725024599228598,1,0.3610665952095556
S2,Office,96.85,37,12,0.016865595932648535,0.883182997365831,0,1.1720094788680606,2712.54,8,0.147284201564299,0,0.6206837629135789
S3,RawMaterial,33.44,15,9,0.008786783586782877,0.10993061829445039,1,1.0916724926001937,778.86,0,0.07649483205988043,1,0.1328801203384194
S4,RawMaterial,11.66,15,10,0.013939726746634396,0.6391573479727525,1,0.9476681030254762,2848.72,5,0.005768247472656551,1,0.45910489823621325
S1,RawMaterial,59.1,43,11,0.026929096758459628,0.13411496077363771,0,0.8842507668211845,3030.88,8,0.039628426614846515,0,0.16711913406314907
S1,RawMaterial,73.61,5,4,0.04167869915679561,0.5401598024990417,0,0.8551225530401769,3623.68,6,0.13760726406821483,0,0.3651709198178923
S4,Electronics,81.14,28,9,0.0862603285001943,0.715581202410695,1,1.1049674735913166,4979.94,2,0.14435344956699545,1,0.5195125342821896
S4,RawMaterial,27.44,33,5,0.02835917663288866,0.16551091656024897,1,0.9812147029455415,2397.11,6,0.1092747864961157,1,0.14352858864030169
S2,Office,33.56,11,13,0.09152433100276823,0.7040332214896534,0,0.8927853515567251,2795.91,1,0.00852958481804556,0,0.5427343750517654
S2,RawMaterial,56.13,43,7,0.04629076884047167,0.13998003121109093,0,1.1678504284889732,837.51,9,0.003531208161939869,0,0.14787524937879604
S2,RawMaterial,39.75,6,3,0.06470700185389826,0.620553745629139,1,0.95603855861281,4242.15,1,0.07193925041986503,0,0.4131729193622243
S3,Office,87.45,23,3,0.026440771405595077,0.5055530293228856,1,1.0173970860755344,941.7,0,0.14995084598413275,1,0.3326926204439813
S2,RawMaterial,52.64,40,12,0.015601381602353793,0.29807495380926163,0,1.1431196737096312,4702.24,2,0.13039451062491078,0,0.2692396724805488
S4,RawMaterial,81.96,2,3,0.08694569406580493,0.11154873085530248,1,1.1333500253749942,2068.25,0,0.1399661431322997,1,0.1144415181614944
S1,RawMaterial,62.26,15,8,0.010950618052016393,0.7358541396009165,0,1.0551814526901702,2019.12,7,0.09353122574893792,0,0.501940526319012
S3,Electronics,79.58,23,14,0.07740213057670227,0.38180513337700595,0,1.1554495132284344,1978.74,7,0.1288687092377252,0,0.3523037191992142
S2,RawMaterial,39.94,22,6,0.05809843060768575,0.08653077727317637,1,1.1808392645771226,4777.2,3,0.04795475615957887,1,0.1122051384033544
S3,Office,84.83,9,9,0.0861137781678849,0.7727893382727329,1,1.1740456538467559,4910.49,0,0.004104600517654711,1,0.5537934506997194
S3,Office,34.71,47,9,0.07178184120981772,0.2328946834838207,0,0.939602934257358,4879.58,1,0.13773759423339405,0,0.22555707673895203
S2,RawMaterial,59.15,40,8,0.02816641021115418,0.7364520537055205,0,0.9588684384815161,3671.54,1,0.03276459369733987,0,0.5074640124295157
S3,RawMaterial,29.26,30,1,0.05744275972572763,0.5648986859407367,0,0.8962015459925268,999.76,1,0.10927295324118447,0,0.3633148966250174
S1,RawMaterial,52.8,16,6,0.0013073619605447285,0.19452901157905123,1,1.1347319374376648,2238.63,8,0.09884509723157306,1,0.159966758392737
S4,Office,38.64,46,4,0.047521834237242905,0.07640572717479199,0,0.848729842364199,1801.89,6,0.023724532262948576,0,0.08867141514747663
S4,Office,34.0,47,4,0.008601363557203567,0.5932490154026258,0,0.9420333480675799,3687.75,8,0.029366849479671973,0,0.38710124688016506
S1,Electronics,97.03,30,3,0.04289449978103297,0.0252118322394288,0,0.8038932786831681,2716.95,9,0.04936087221446937,0,0.0494240207065386
S3,Electronics,24.41,45,12,0.010961180799867722,0.06546448486411283,1,1.0378584974495635,3274.26,9,0.11353959794228767,1,0.12828133087271373
S2,Electronics,80.86,9,9,0.09554798069454151,0.7022190819667006,0,1.0633537227796859,539.29,1,0.00588663670448501,0,0.5142815576740971
S3,Office,98.57,1,2,0.05230679574077279,0.5388738414013031,1,0.899595000346202,4022.89,4,0.06106031104328516,1,0.353302057848728
S1,Electronics,11.79,38,1,0.09132179852766434,0.32629526565437694,1,1.094692260919594,4784.23,0,0.09976698094328494,1,0.2303165560937826
S3,RawMaterial,72.91,8,14,0.0022366222965765846,0.5392279426684237,0,0.9526147151680189,3512.18,1,0.025720641890794965,0,0.42420775229002716
S4,RawMaterial,32.76,18,10,0.0637653283881898,0.5916493275249195,0,0.9246844313805282,4333.72,3,0.017912590886645784,0,0.4455477664599801
S3,Office,13.64,27,3,0.030695450192662024,0.5652858662444664,0,1.1824661693110141,2652.13,9,0.058531836159331996,1,0.3698087262330499
S1,Electronics,46.26,18,13,0.04318289959652363,0.6425540115154905,1,1.0354769857744437,590.94,0,0.0429838826792553,1,0.49134441964539427
S4,RawMaterial,94.17,32,4,0.08730873952146898,0.9402881001903672,0,0.9009277583457973,4957.11,7,0.09736434963526483,0,0.6189369105420895
S3,Office,11.06,49,4,0.09800210947587448,0.38877752008402544,1,1.1932968607406773,764.74,5,0.14543528047819196,1,0.2912385734646062
S3,Electronics,62.91,32,6,0.02464919544333524,0.3011514134575761,1,0.9550198553347432,1367.48,0,0.0006703403893725145,1,0.23094274956468908
S4,RawMaterial,55.13,48,1,0.09482532853533017,0.038434911030169716,1,1.0591319137028572,735.98,8,0.13535698686908385,1,0.05865140232155802
S2,Electronics,88.6,45,1,0.06887269488817192,0.14707305685676686,1,1.0895415658696757,3312.31,0,0.06498345545857388,1,0.11604849972336884
S4,Office,17.56,36,2,0.09514139143572709,0.10624981588114268,1,0.9689183281212517,3124.54,3,0.0996011593901482,1,0.10657802124511803
S2,Electronics,71.34,36,4,0.056236699862121,0.33544418687246225,1,1.0143667140739743,1443.51,4,0.12765405492672108,0,0.24670895065354223
S1,Office,71.21,21,7,0.09607562849914707,0.6099907288150554,0,0.8959127714566496,4804.94,8,0.08601879916831864,0,0.44481712583877736
S1,Electronics,70.22,46,6,0.08924554581474337,0.046333891134583416,0,0.9863287023066606,4610.69,1,0.014596774078700685,1,0.09743114128231592
S4,RawMaterial,94.81,32,11,0.012859174122544604,0.7276650044546848,1,0.9243200352053582,1759.15,8,0.021089276356230084,0,0.5190281834810029
S4,Office,84.08,31,9,0.03107899271017305,0.39743294997773926,1,1.018983173211542,3464.89,0,0.11839200634792818,1,0.31206918208540974
S1,Office,13.78,37,7,0.02430631915125119,0.9635045157884546,0,1.067956135771212,4348.55,3,0.03436473471663493,0,0.6353946052184481
S2,Office,52.4,16,12,0.05720993260502571,0.5683849751919386,0,1.0456020803441333,2119.09,6,0.08535564241986508,0,0.4439082506109566
S1,Electronics,45.82,46,5,0.08027994315059253,0.7713623123884888,0,1.1106867042435538,1641.12,3,0.06421207687181692,0,0.5226156560925568
S4,Electronics,37.91,46,6,0.07594114468868812,0.861181232297033,0,0.8166120116725538,1652.85,7,0.045545847421369225,0,0.5823482256419691
S1,RawMaterial,50.62,14,10,0.07267491322834767,0.8888463013255273,1,0.831438704423065,4192.05,6,0.11804513461835811,1,0.6265388261923921
S4,Office,44.58,24,9,0.03752648757355859,0.5184617496798072,0,0.8821256425178183,2583.82,5,0.10968249783372283,0,0.38662071036566614
S4,Office,48.91,25,1,0.013963688162782796,0.3967425584310811,1,1.1943210134212414,3719.02,4,0.09691633267074894,1,0.24937749865034062
S1,Electronics,98.13,46,11,0.021058355362859927,0.5605149896884395,1,1.1201072210979914,3426.35,9,0.055900705263483785,0,0.42119792899335023
S2,Electronics,17.98,35,9,0.07416774596483326,0.4020704016174279,0,1.1696484068991486,1878.02,2,0.03397054860319269,1,0.327778279045621
S3,RawMaterial,93.0,17,6,0.014753433905956327,0.24071496928324154,0,0.9088361406155167,1436.35,7,0.07738424264972096,0,0.19171215459887464
S1,RawMaterial,53.22,46,12,0.02229467049335211,0.32391982716666745,1,1.029542598336428,1066.03,3,0.12256561504931553,1,0.28675458316229185
S3,Electronics,66.14,42,4,0.04245526528734912,0.23276985623859892,1,1.0219539185024589,607.49,7,0.0863497455576291,1,0.18096992190079267
S1,Office,84.72,45,12,0.007211243068746299,0.2694376305948617,1,1.0278075804625095,865.65,0,0.1455209464792493,1,0.24954023699182662
S3,RawMaterial,42.44,4,5,0.02126920607701298,0.09360773723572036,1,1.0870267763478334,1653.11,1,0.0023156232093595962,1,0.09825968987882183
S2,Electronics,48.74,11,13,0.014976812734123657,0.4264627207239047,0,0.9575920125457372,3711.2,1,0.14975201720829343,0,0.35322781911172274
S2,Electronics,46.86,47,1,0.09513217829118405,0.23528390660322374,0,1.0708841440772523,1197.14,5,0.10371135695380337,1,0.17685285459214659
S1,Office,43.73,15,7,0.019152588554488915,0.4483665523944761,0,1.1153748176510776,2855.28,4,0.12490110257864975,0,0.3247657080030323
S4,Electronics,93.3,30,13,0.08617697101703937,0.7921982341762932,0,0.9156292943993093,1603.09,9,0.05024285516511829,0,0.5940291746680305
S3,Electronics,84.6,24,13,0.01147981912666084,0.4483123532431772,0,1.1782972796219955,2803.14,9,0.07625119921298333,0,0.36528850054104745
S4,RawMaterial,19.81,2,8,0.08696731323025074,0.9546118707097154,1,1.0072192058810314,3875.05,6,0.1195483871826497,0,0.6560001735377616
S4,Electronics,19.73,43,11,0.05994337862734697,0.14783689452802085,1,1.0931050815097652,1696.92,1,0.11409742085504798,1,0.18525657887644514
S4,Electronics,48.51,34,5,0.08497059232246179,0.8502649908378747,0,1.0915699600744297,2065.54,8,0.05010516433189139,0,0.571364457913749
S2,RawMaterial,18.88,23,2,0.08673486885373576,0.24825811407298748,0,1.0260973276350998,3753.5,1,0.04866153525357044,0,0.18926104338562752
S1,Office,65.72,31,8,0.05963735306674091,0.9339334508549741,1,0.9290734778601539,2958.52,0,0.09942168043681966,0,0.6353941335758638
S1,Office,22.93,37,10,0.0917694153395024,0.22714792644865456,1,1.066775784783653,925.55,1,0.14004887722079917,1,0.2352481518996149
S2,RawMaterial,57.01,13,7,0.0585448291484623,0.7469617859648056,0,0.834913949330186,3911.69,2,0.0658178986011195,0,0.515740520323422
S2,RawMaterial,10.65,33,10,0.07125650778783753,0.062117900859970154,0,1.192574155085438,1748.48,5,0.0529412698963824,1,0.1300762642809048
S1,Office,38.49,7,9,0.04160804771688327,0.6298134371601777,1,0.8735989045144257,2232.76,6,0.13420305543542727,1,0.45465619089688586
S4,Office,70.95,32,4,0.09140676944709875,0.21867421791594077,0,0.9101704744010468,1603.3,5,0.1024584092184871,1,0.18719799015512265
S3,Office,53.56,7,11,0.08241625389120266,0.670172541648236,0,1.1817756546239222,2945.11,0,0.05824139695591236,0,0.5053998297277309
S3,Office,98.04,42,9,0.016671311161692747,0.635829337624847,1,0.8746165509664082,3684.96,8,0.008591434627169181,1,0.45078471020913025
S3,Office,88.67,38,4,0.057638785020469874,0.9236958796601622,1,0.8680370793394747,4114.47,7,0.10822339080716774,0,0.6000805918736669
S4,RawMaterial,42.32,44,3,0.08968273290869465,0.6266764306204482,1,1.1218143919448638,4649.55,1,0.052932973603557004,0,0.4243392496734487
S1,Electronics,14.09,13,11,0.0793064493658951,0.4082488116499078,0,0.9005152685920889,2116.47,0,0.010584929665853959,0,0.3473126503711418
S2,Office,86.11,24,3,0.0962552780661325,0.1935678048492031,1,0.8378906352054509,4696.76,6,0.09184336308695651,1,0.16644583775793304
S1,Office,92.01,28,10,0.02313016869475948,0.6574510085441396,0,0.8906572111246409,3276.3,2,0.04845103057407657,0,0.47283822716348306
S4,Electronics,83.86,32,2,0.0367459633130478,0.11636660392283249,1,1.1553494342852793,2253.18,2,0.05076847624657941,1,0.09512946563332812
S2,Electronics,21.52,43,10,0.050719188801813135,0.8285168269217678,0,0.912127674181622,4492.82,9,0.0718755196121839,0,0.5837544242221759
S4,Electronics,99.81,18,3,0.023266917002726498,0.2473345469388637,0,1.0780242065668122,3108.33,8,0.10762121509926824,1,0.17680937469270758
S3,Electronics,33.27,34,14,0.039404525518881905,0.5241588982487297,1,0.9580556917917902,2544.28,1,0.04144957164544412,1,0.42631669660490235
S3,Electronics,75.18,48,8,0.053753920442433246,0.5959473043293955,0,0.9048475068407004,551.76,4,0.012141887366835146,0,0.43083741587322444
S4,Electronics,91.72,34,11,0.01913392030013407,0.36248999039748686,0,0.8576189628610706,3728.79,3,0.06366385821592592,0,0.3018055988999609
S2,RawMaterial,31.21,38,8,0.02566878187025806,0.6638737775722464,1,1.1888766914218012,848.07,0,0.008238813467459154,1,0.4631677582472824
S2,Electronics,91.74,1,2,0.012484249980879448,0.25021695889213,0,1.0084462177071007,1802.27,5,0.10459027648383247,0,0.16816116461525613
S1,Electronics,37.85,43,11,0.07133814098857486,0.034624573776595446,1,0.8459019972760654,4827.62,5,0.14388652018838613,1,0.12074761513395829
S3,RawMaterial,97.88,42,2,0.0361551926536133,0.9592677361349363,0,0.8795255904320185,1198.46,0,0.09881382114721975,0,0.60069291376276
S1,Electronics,35.31,31,2,0.02202661531837884,0.32004583134315,1,0.9629188310868003,1903.03,6,0.04130856746262804,1,0.21292119768711795
S1,Office,95.81,1,10,0.05073241491809525,0.7134622346604667,1,1.0176682106460109,4695.53,5,0.027255358130640523,1,0.5147256367002799
S4,Office,14.82,16,7,0.006824930568524768,0.5075336069203807,0,0.8727187192958736,2019.58,3,0.03491753569501348,0,0.35656764332278584
S4,Electronics,73.83,39,6,0.09234066063183949,0.6689986771130042,1,0.9110913431109608,1979.04,6,0.033241500475218226,0,0.4719585473144972
S1,RawMaterial,57.89,15,12,0.029446752115726428,0.11093652251567776,1,1.1134825300466265,3415.8,2,0.04707457590667735,1,0.1611102248584103
S3,Office,53.01,33,11,0.08864643481838622,0.5188478751160991,0,0.9669926399548336,1091.11,9,0.014602001719221734,0,0.4164740840866039
S4,RawMaterial,30.11,23,1,0.0497620065324647,0.3922195535122204,1,0.8005609471310889,4877.38,5,0.13435785864696528,1,0.2574031912099287
S1,Office,73.5,41,2,0.08501504977106406,0.4518495668337076,1,0.8215761153625828,1737.6,5,0.13276807429942616,1,0.31089996931725805
S1,Electronics,27.17,34,14,0.024706444078964454,0.9662083329442364,1,0.9757313785092248,4035.6,9,0.09228543803522925,0,0.6871369329902312
S1,RawMaterial,59.76,17,1,0.017527060224275304,0.13628890483689227,1,0.8240470950339354,1794.26,5,0.009288055030953772,1,0.09417431811227508
S1,RawMaterial,32.79,25,12,0.08494118032348284,0.7547001764113983,0,0.8695617647247099,1739.18,2,0.1206001111082649,0,0.5640167456581695
S1,RawMaterial,96.01,42,11,0.02129238823717109,0.3303427941732814,1,1.091150577065631,758.81,9,0.009268287560736804,1,0.28316482154654876
S1,Office,12.58,6,7,0.07461953492995801,0.2903579876237623,1,0.9921535298886284,1036.94,4,0.01596318356446977,1,0.2466006530532448
S4,Office,27.98,31,6,0.034458379465963244,0.2707773958992653,1,0.9929847732650358,2848.85,0,0.04879445889664052,1,0.215661094236491
S3,Office,31.81,5,2,0.07481937264351614,0.34878155322289095,0,1.039287236732564,3095.79,5,0.06472054764983402,1,0.2460004580125037
S1,Electronics,47.27,40,2,0.09076462659883303,0.35711705959360607,0,1.1154074672604126,4171.3,6,0.053083343507297875,0,0.2557853380215278
S2,Office,30.95,40,2,0.09816384312872932,0.27074700518197137,1,0.8634343804325484,770.97,4,0.02478446714675459,1,0.2061830703335159
S4,Electronics,54.22,30,8,0.035980947726863347,0.6674931477734759,1,0.8692190374459623,2102.68,4,0.016819457652266123,1,0.4684330301250017
S4,RawMaterial,88.52,5,14,0.036752583464054626,0.04772198370024938,0,0.8485615400902753,1400.71,5,0.12891228400566246,0,0.13965896525936602
S1,RawMaterial,74.09,12,7,0.09813877367848546,0.3322938058058842,1,1.1747317108979374,2110.45,6,0.0544771838927892,1,0.27881791558707614
S4,Electronics,62.2,7,1,0.08615281302980383,0.2802056068360693,1,1.0309160894546578,2094.38,3,0.032789906716726276,1,0.20111206515343988
S1,Office,18.01,45,4,0.004509197191137804,0.7514180205498701,1,0.8370561691816536,2094.26,6,0.07304870349350631,1,0.48077500005869195
S3,Electronics,72.46,13,11,0.05734499862265205,0.14649854401955298,1,0.8882582243606513,1893.35,4,0.005523510080692761,1,0.18367405456995595
S3,RawMaterial,24.98,49,4,0.018124477154843832,0.9406871420972328,0,1.0902360199651382,3937.9,6,0.09004217734983755,0,0.5984210569762214
S4,RawMaterial,80.77,4,7,0.09940125360932185,0.17051861204515495,0,0.8115966715270179,3603.68,0,0.037273438027439716,0,0.1821315433098895
S4,Electronics,32.51,42,2,0.013892301237097372,0.3700273640635512,0,1.0902622231947894,2036.61,9,0.08972946211969866,1,0.24046982309497422
S2,Office,47.53,3,4,0.05593476125428666,0.1997001934391226,0,1.1645857672770907,1159.2,1,0.09211877466688034,1,0.16517197301118813
S4,Office,41.54,12,1,0.06651983700291832,0.28669794347209054,0,0.8225527063085549,2832.26,1,0.1213836287037969,0,0.19911757432698696
S2,Electronics,87.29,1,13,0.09370646546540563,0.7610247006681249,1,0.8745681783034235,4634.81,6,0.03448571334142108,0,0.5775839028976395
S3,Electronics,21.39,27,13,0.0847258311644187,0.47640471873836,0,0.8009514406454283,1056.02,8,0.06951969579289204,1,0.40411772344948443
S3,Office,60.91,43,11,0.0245754771327783,0.16257571731025,1,0.8436122058361816,3888.63,6,0.14428310072876813,1,0.18348950209741205
S1,RawMaterial,22.79,13,11,0.05726239512925046,0.04663487864457372,0,1.046796608268897,3197.21,5,0.10906872661269301,1,0.12373107429694793
S3,Electronics,73.43,17,4,0.09535739579058833,0.22991622017027502,1,0.8179271185356543,3148.66,2,0.14630157120263376,1,0.1951283794107701
S2,Office,91.46,8,11,0.07357168471049377,0.9456027785260209,0,0.9703340301945301,4705.96,4,0.13910485696156558,0,0.6680046011001892
S4,Office,49.11,32,14,0.06883363483798938,0.8453167481880334,0,1.0013607066200605,4801.73,9,0.0916122895209648,0,0.6278401393642168
S1,RawMaterial,53.93,20,1,0.07549010792811567,0.44017371592400867,1,1.1626516393090172,1597.28,1,0.039589553382321514,1,0.293894119075697
S2,RawMaterial,93.47,17,2,0.03225061889878198,0.481995221945983,1,0.9897161422055277,4138.15,8,0.11353862349936249,1,0.31315803312293866
S4,RawMaterial,56.89,34,2,0.07292522694032362,0.8993661393789949,1,0.8570182076579356,3293.6,5,0.10471788687184391,0,0.5757829659952082
S1,RawMaterial,53.88,35,12,0.023285475144691592,0.5913453823757353,0,0.9157168858523982,2339.81,8,0.08833351805360966,0,0.4475071576831344
S3,RawMaterial,62.05,35,10,0.04281027709077534,0.8807670651487634,0,1.068878146263299,3495.3,8,0.10467438427369515,0,0.612731893645062
S2,Electronics,72.03,38,12,0.08899288171885066,0.4918391043523406,1,0.8448463240891058,4801.85,6,0.09203796218178764,0,0.4075156128413453
S4,Office,19.62,42,3,0.0018971146490751713,0.20009761911882595,0,0.8926971070674968,2825.94,4,0.07790685346092696,1,0.14205627729458953
S1,Electronics,83.9,24,8,0.041431865025234674,0.725926979942235,1,1.1983108484283709,4730.36,3,0.06239332225250147,1,0.5051286046157685
S1,Electronics,49.2,18,11,0.026682176673905957,0.5263933195790126,0,0.8022138283652077,3392.99,0,0.006706256186616071,0,0.4024120733210079
S3,Electronics,16.51,46,6,0.01985896164936094,0.6684395799684687,1,0.8608733252786286,2673.09,8,0.12985318786547717,1,0.4498785793330323
S4,Electronics,80.76,48,6,0.08385754214725123,0.15723091669949463,1,1.1374743365041042,3398.77,5,0.12983108738996185,1,0.162352955521015
S3,Electronics,43.93,39,9,0.06964985728449781,0.6476018019189457,0,0.8405528092891899,3211.43,1,0.08910709799533832,0,0.473741752622431
S3,RawMaterial,19.03,33,8,0.011263272041148176,0.3822571474051205,1,0.8134564022338255,2397.64,6,0.04018264577372311,1,0.2898761271982739
S4,RawMaterial,67.04,49,2,0.04944633265011894,0.3319977528111959,0,0.8485249215411014,3031.07,5,0.004219656605833865,0,0.22831826576746753
S4,Office,89.21,23,6,0.046690577182711114,0.6714755410726021,0,1.0774388754791289,3664.62,3,0.00021432062504613268,0,0.45974964065551743
S4,Electronics,89.9,25,1,0.014252779402940853,0.5922391132609566,0,1.1972442127291132,4274.9,5,0.010936108458380828,0,0.36676215892031333
S2,Office,96.19,37,13,0.07997627009912084,0.6491074289367045,1,1.036254226317855,1869.49,5,0.053982948952674754,0,0.5063144812489018
S4,RawMaterial,88.09,27,14,0.03666739714541998,0.9653330642314912,1,0.8497265076235948,565.92,4,0.028259391899561663,0,0.6902000576825207
S1,RawMaterial,10.19,1,9,0.07619377751603945,0.7011964695694178,1,0.8735115083844933,2980.48,0,0.03975871284562853,1,0.5078617292821769
S3,RawMaterial,44.22,21,4,0.019206261508221245,0.6408989622728906,0,1.0150728034214467,2701.78,2,0.1049490565957398,0,0.4188726843876293
S2,Electronics,83.67,49,4,0.03150734616138323,0.6135530418414044,0,1.0862632748742467,743.89,6,0.14387246615387364,0,0.4061554575246862
S4,Electronics,42.96,10,9,0.009517094770266589,0.3987142493537392,1,1.0651648731096357,3346.28,1,0.03101637645300487,1,0.3063693923290378
S2,RawMaterial,64.14,31,3,0.014347926974560821,0.8391916911421816,0,1.0298905993297744,4736.3,9,0.06984659012047342,0,0.5292479642062486
S4,Office,64.57,44,5,0.0883183490352733,0.38093860250571066,0,1.1945079103305076,2310.04,9,0.14872191022491155,0,0.29077295192829405
S2,Office,42.85,25,1,0.010911264418557755,0.7002436343255618,0,0.8792135800745948,4524.62,0,0.1397511597351268,0,0.4305624170637615
S3,RawMaterial,91.4,20,6,0.009573120728594321,0.29314364471466714,1,0.8691615964277891,4158.96,7,0.05284744545438468,1,0.2216152659045214
S3,Office,55.29,2,3,0.09403773108366599,0.1477564417662871,1,1.1436244841673577,1227.72,6,0.04795335701971248,1,0.13829375581344347
S1,RawMaterial,51.83,48,1,0.06459034596607675,0.12976330729799612,1,0.9163286917474089,4042.76,5,0.036325596050587196,1,0.10437794531147784
S1,Office,99.78,15,10,0.010091598355441945,0.6345588566907985,0,0.9330105508655082,2825.18,9,0.02331042747436334,0,0.4551913649496831
S4,RawMaterial,54.42,28,6,0.09717167390660514,0.32795493047959023,0,1.019467255997733,4633.83,4,0.06900781186931675,0,0.2687816033168785
S3,Office,26.06,13,14,0.014710001050329713,0.2750492885923935,1,0.95250991971449,1352.42,5,0.05116807701101213,1,0.269442573470535
S2,Electronics,56.18,14,12,0.0766345725285428,0.5920593293564674,1,0.9150561727359479,1062.71,0,0.11172563908055924,1,0.463940255086729
S2,RawMaterial,83.26,2,10,0.003485136163958647,0.025669754465501904,1,1.1668701044989476,1585.76,8,0.03552997557457666,1,0.08787596495706018
S2,RawMaterial,79.92,34,2,0.06245417973398115,0.2462256519846745,0,0.8517096851874684,768.32,0,0.11044983585300736,0,0.18075735939671334
S1,Office,80.97,35,8,0.054670387210289585,0.34054728531708756,1,0.9617159133619898,1940.36,3,0.04322198789729616,0,0.2778723444961965
S2,RawMaterial,73.72,37,14,0.020800381042530115,0.7083735906071981,1,0.8011868234841965,1773.54,2,0.08890931769713388,1,0.5312642686770779
S1,RawMaterial,32.88,25,13,0.06431461427204163,0.5450012471637505,1,1.122981463986284,2372.97,3,0.09576451445920967,1,0.4391522754370057
S1,RawMaterial,87.59,48,11,0.06170529931773886,0.8559886171264495,0,0.8673675384383797,2583.4,0,0.10076721382504993,0,0.61067618864262
S4,Electronics,90.41,15,12,0.07983517154639769,0.3345063629985069,1,1.1091959987263538,1151.24,9,0.02630084790558926,1,0.31036865497730914
S2,Electronics,27.47,12,2,0.08758740586004454,0.29644099227541565,0,0.8594412457912577,3287.18,3,0.042406705458254146,0,0.21842653140897703
S2,Office,21.74,9,4,0.051010494065356606,0.03319740856501052,1,0.9666955390070413,1506.05,3,0.03691735281078498,1,0.06379302193004187
S3,Electronics,97.8,31,14,0.04902951934841613,0.9517173006383531,0,1.0912739754011662,1048.68,2,0.08642406165232204,0,0.6857392361875367
S4,Office,88.15,14,3,0.06215957709446978,0.5014921463950683,1,0.9083235212699263,3689.65,7,0.01136196034070503,0,0.34097173239395334
S3,Electronics,90.39,29,9,0.07292075892298132,0.502523914693815,1,0.9255668502437568,602.31,6,0.07773846749412751,1,0.38767629077889765
S4,Office,89.77,48,2,0.03561711724418746,0.9234361453455983,0,1.0669289979106773,2157.65,8,0.01312005834645627,0,0.5790325366663294
S2,Electronics,58.75,43,3,0.05046418833662284,0.2899182359285798,1,0.8750803934529053,1149.81,1,0.05055839848996707,1,0.21051876948670617
S1,Electronics,68.18,38,7,0.05851041858231734,0.33210613004574585,1,1.1807137530540603,4472.57,9,0.10300591394266731,1,0.2668168036021427
S1,Office,59.08,42,4,0.09883780838359112,0.6563476943951431,1,0.8755150736762931,4210.06,2,0.06188460825176531,1,0.45203138772359175
S1,RawMaterial,14.61,8,6,0.05877121964559167,0.7851759548993943,1,1.0999981841563549,772.37,5,0.042051275907334165,0,0.5315940816904569
S1,RawMaterial,77.1,48,3,0.02241865507422567,0.6993107254324912,0,1.1210395477094646,2977.03,1,0.09237857638485517,0,0.44774060321033377
S1,Electronics,55.48,3,1,0.058798985824026075,0.7887182825222782,0,0.9497481758429749,1829.1,1,0.11104036687231673,0,0.4980135224034318
S3,Office,68.29,2,11,0.08194995829490181,0.5751080392905972,0,0.8624956562684196,1366.45,9,0.038187740215889436,0,0.4482212396342574
S4,RawMaterial,55.24,16,6,0.08574036800111909,0.8628234827116036,0,0.8663614063520992,1901.92,1,0.044909985164381584,0,0.5862733428844407
S2,Office,54.26,19,4,0.08002504545930117,0.5501067300691639,0,1.1941801456036094,4171.49,1,0.0960440875426629,0,0.38264298025071725
S3,RawMaterial,25.46,30,2,0.0888209415288842,0.22934062725120907,0,1.0901639746169793,760.35,4,0.1447834890270878,1,0.178536373095105
S4,Office,35.08,41,7,0.033476634187912746,0.5417011064986182,0,0.9800189746765849,3417.05,0,0.032080730500466344,0,0.3850636541555448
S1,Electronics,24.3,16,10,0.0507570620952662,0.7129446851569546,0,0.9029399156660868,4610.17,6,0.09813714535668143,0,0.514422501151324
S4,Office,27.61,31,13,0.0779591096007544,0.6535753394149114,1,0.8075640490978794,2516.25,0,0.13598847616025822,1,0.5083900793863161
S4,RawMaterial,97.57,28,12,0.02644499507590984,0.24301676297073582,1,1.0681855427174405,4556.81,0,0.06929501475665419,1,0.23945784201950016
S1,Electronics,23.78,4,13,0.03715814378517011,0.04107822800411853,0,1.1827665386722805,4580.6,4,0.04752663397429869,1,0.128651522795165
S1,Office,34.23,10,5,0.08311556545560121,0.25248076039059963,0,0.842737283093429,3243.18,6,0.1000306597809812,1,0.21213741158532587
S1,RawMaterial,63.15,45,6,0.07700856496204833,0.9840420712537196,0,1.101796498873401,2551.28,2,0.0047147709721179374,0,0.6563849550979891
S2,Electronics,64.92,18,6,0.0971199567916089,0.18446624039044923,1,0.86129475490397,3819.49,6,0.05402408258000611,1,0.18267287412889505
S1,Office,23.86,47,14,0.09959740585146502,0.4643717584908935,0,1.1168420730638442,4623.0,8,0.038696104022567034,0,0.40850227684997564
S2,RawMaterial,81.43,32,9,0.024074454697137905,0.63834579935756,0,0.9482291380395376,3560.16,3,0.03369325541676419,0,0.4545155303093916
S1,Office,80.67,30,12,0.09004499861736734,0.8794731850495422,0,1.0848246310631513,1443.23,4,0.026963889529044487,0,0.6404116963292212
S2,Office,31.36,36,2,0.009451550135006915,0.7602586375302076,0,1.1705129617359402,4190.25,7,0.11055949523789309,0,0.4732763618443409
S4,Electronics,35.98,9,12,0.07098002089640555,0.908953105560603,1,1.048055677968851,4781.9,8,0.14326496929889465,0,0.6523801553195692
S3,Electronics,94.42,36,6,0.022009938767555096,0.6043836935784851,0,1.1682796097142962,2346.24,4,0.05771559679829142,0,0.41209034063450045
S4,RawMaterial,84.31,29,9,0.030031115692256274,0.8653188081278098,1,0.8940097503803511,3639.15,4,0.007365496036206148,1,0.592486333870077
S4,Electronics,72.8,16,12,0.0946321177664542,0.26384299713920945,1,1.1912535237728754,2831.75,1,0.10783677205088667,1,0.2724097193277476
S1,RawMaterial,17.4,28,4,0.026315123673421193,0.4305648421698647,1,1.1491392287895832,1004.04,8,0.08073065016953843,1,0.2948048709753737
S2,Office,47.64,21,13,0.06731778691606304,0.8437724743492744,0,0.8430293336563814,2074.29,5,0.1085466920768712,0,0.6193159635415264
S3,Office,60.34,47,12,0.017812850786325617,0.3255636677778545,1,0.9654158977602064,1237.23,4,0.09718562462983596,1,0.2863963416168961
S1,RawMaterial,26.87,2,13,0.009338997757048762,0.871222144238395,0,1.1708118096186446,3531.08,4,0.13581539714452148,0,0.6183921287272944
S1,Office,50.34,46,13,0.033931702534386446,0.36311506788833814,0,0.8312461459299892,3119.43,3,0.021066028909037613,1,0.3209056943504617
S1,Electronics,64.09,35,11,0.06241961007894813,0.36339470372334237,0,0.9815051049855649,650.9,0,0.02537427678896123,0,0.31533413382911846
S4,Office,39.46,28,6,0.024794514375408118,0.3090329147911445,0,1.089437504792456,777.23,5,0.051235383603470554,0,0.235715246044452
S2,Electronics,80.29,36,7,0.030016879867167404,0.5469430836375686,0,0.8133789239729565,1673.57,0,0.07370832239961791,0,0.38717091414269134
S2,RawMaterial,85.64,31,1,0.07087298186064551,0.12906873889871995,0,1.101132361589455,3851.87,9,0.13885706715115811,0,0.10584599504028278
S3,RawMaterial,39.12,33,5,0.010279602298136903,0.03660265184801925,0,0.9444810311129984,1070.76,1,0.1360446344024941,1,0.06075975751253834
S2,Office,85.48,23,4,0.04469050918035075,0.8974129799709907,0,0.8997487266261891,1421.48,6,0.13078081789040658,0,0.5804263693081282
S2,Office,19.32,41,13,0.09417345298822243,0.9289382545737919,1,1.0303889003880655,4584.32,0,0.03337904009153878,1,0.6784721314978847
S1,Electronics,85.4,17,13,0.0396971662414225,0.0761706618919249,0,1.0177324866556217,2957.62,7,0.10945145658205284,1,0.15046868986472456
S1,Electronics,23.75,46,13,0.043420102797743935,0.5496975549614926,1,1.1495757144799654,3293.82,7,0.057523761613568904,1,0.4357017066733616
S4,Office,17.46,49,10,0.0738204303607289,0.5396821597551812,0,1.0704011742958137,2550.95,6,0.13967743913116204,1,0.4173839963898988
S1,Office,67.76,1,2,0.0779011522032847,0.3724306804176174,1,0.9687457367678113,1848.97,6,0.032180375456783566,1,0.26111446819727013
S1,RawMaterial,52.47,42,2,0.07696063897805246,0.5689048205046101,1,1.0600553647888362,1621.09,0,0.02118869298059391,1,0.3787167982818961
S1,RawMaterial,91.71,23,2,0.09978670249135722,0.4581193457280649,0,1.1000592140680658,3151.49,2,0.12635777619502692,0,0.31909333246996036
S1,RawMaterial,42.69,48,7,0.007145108748705731,0.4896350142045546,1,1.1749314320460413,2619.39,8,0.10753613926785123,1,0.34592454114734444
S4,Office,35.84,27,11,0.09822532846329994,0.7553368230872337,0,1.0817046361176867,2313.65,4,0.12321325173357449,0,0.5612411209627588
S1,Office,55.07,25,13,0.09501896169973989,0.5259602673341172,1,1.0175489422239739,3624.73,4,0.023691508151719148,0,0.4369389917675351
S3,Office,51.04,32,11,0.08521389002595581,0.32365809280532576,0,0.949192033175841,2318.69,6,0.13271890316241944,0,0.29833045126241076
S3,RawMaterial,41.0,19,4,0.045412557585204176,0.5814561120889558,1,1.1565934529130573,665.29,9,0.10164305349707047,1,0.39106886310036326
S3,Office,72.44,24,6,0.08709023716339244,0.6407539970761256,1,1.117007853857165,4278.51,7,0.09773412043478649,0,0.45343661225183596
S3,Electronics,78.36,3,7,0.02208324123060952,0.6623113439993649,0,0.830872506888295,1932.82,5,0.08738757946470822,0,0.4540117787688018
S1,Office,86.77,12,9,0.07916558353878303,0.6183066509769725,1,1.0798164819608367,4758.81,4,0.11473147283867645,0,0.45901937993353265
S3,Office,97.56,35,11,0.018523830312105416,0.6646027647427999,0,1.015499831744759,4458.01,0,0.062341247082093536,0,0.48289023651074015
S1,Office,34.0,15,2,0.08153620034711798,0.31009278366725834,0,0.8414575706625036,1552.62,9,0.019923186889975086,0,0.22480224459020468
S4,Office,74.45,17,10,0.06145291332640569,0.4461339130792973,1,1.0259843536211921,4844.62,9,0.08088972997412948,1,0.3575447932740715
S3,Office,45.48,32,12,0.009803127951352554,0.6687061692543477,1,0.877002373258535,4341.02,9,0.11221529366603433,1,0.48987892565230007
S2,Electronics,70.94,7,13,0.08953195553572253,0.7543685416046456,1,1.0832579538290292,4932.57,8,0.02304711793314902,1,0.572337854480647
S3,Electronics,52.84,19,9,0.05779571954552444,0.43414612865822866,0,0.9113845224871567,3550.77,5,0.03360310014168031,1,0.3421121073443088
S3,Office,99.44,7,11,0.06562482781371147,0.36533284351694506,0,0.8601375734666509,4688.27,2,0.1044818433099268,1,0.31745858302570906
S1,RawMaterial,75.6,5,5,0.028351003565161004,0.7158826551728584,0,0.832789167581328,3605.42,9,0.04044764011459232,0,0.473749179887549
S3,Office,95.72,40,13,0.08716355039228066,0.22217317983533968,0,0.9963197851015074,4347.92,6,0.025491129087990144,0,0.25231011587603086
S2,Office,85.15,21,6,0.05452007351535635,0.00949219553599856,1,0.8798539096376066,3246.93,3,0.13340881159579476,1,0.0649084822333489
S1,Office,91.26,48,6,0.04211202842915035,0.4711660024504428,0,1.1420511346750404,4681.28,2,0.02413430340812334,0,0.3381903528561537
S1,RawMaterial,83.3,48,11,0.05342817452283175,0.17337315482634086,0,0.8012004419733196,2831.39,6,0.05162228685710139,0,0.19862377382408258
S4,RawMaterial,51.32,47,3,0.07033130814677767,0.3782827590363421,1,1.1374555158417055,3814.56,5,0.06426454385978166,1,0.26949761929440996
S4,RawMaterial,32.66,7,11,0.069504787569927,0.2912341502633161,1,1.008436962335603,4626.32,3,0.07142099783855946,1,0.27416335500039635
S3,Electronics,43.33,37,11,0.03575771009578127,0.7772618885141224,1,1.1688582177432083,2400.76,9,0.05419648887307292,1,0.5556558747086363
S4,RawMaterial,11.82,23,10,0.038525828010626054,0.3314084993998303,0,0.8818445029200473,618.81,7,0.1368807749098696,0,0.28183141947165746
S4,Electronics,57.16,11,7,0.056223819283842714,0.6406757913893228,1,0.8409095195056867,1008.71,1,0.0987937831764382,1,0.4512726206187465
S4,Electronics,55.46,10,13,0.0924407120716988,0.6739125965993212,1,1.0499832836910983,4873.6,5,0.053924197383405384,1,0.5249369144382452
S1,RawMaterial,57.27,21,7,0.07454302669659756,0.45645428555235534,0,1.082690967896245,4429.41,2,0.05365795793064299,0,0.34623547934039245
S1,RawMaterial,97.66,41,8,0.03904149853655567,0.08107793552891163,0,0.9490340238414723,2675.38,7,0.07544287487771213,0,0.1175020680211708
S1,RawMaterial,92.03,33,5,0.03370326265517611,0.7003650860754058,0,0.805472069437548,4824.05,7,0.005049480625444996,0,0.466044316156082
S4,Electronics,24.55,20,2,0.052363667413731455,0.07516791467536765,0,0.9627849833625186,1335.22,0,0.13899642582494393,1,0.0750955633150543
S1,Office,43.2,33,13,0.08699913689145948,0.09921295970070199,1,0.8935147697245969,999.35,1,0.033496406657106334,1,0.17848465974500188
S4,RawMaterial,48.16,40,3,0.0008679241595875187,0.19599736877488882,0,0.9389878565514329,3206.48,3,0.10463888485333299,1,0.13928736994138097
S1,RawMaterial,42.45,35,9,0.0710486068289564,0.2803757977881579,1,1.0027017834387102,2219.54,0,0.1166584120508595,1,0.253825775007296
S1,RawMaterial,81.86,34,6,0.029451225543776695,0.8464517003210484,1,1.0809367317170544,2028.96,2,0.1241074522780964,0,0.5595635307129049
S2,Electronics,57.16,36,8,0.02083974802161699,0.6749217771044972,0,1.185290114531351,3803.68,3,0.02484634648012644,0,0.46834784781204053
S3,Electronics,61.49,27,8,0.0012137996816758867,0.3872127884167602,0,0.8575999377552255,1175.06,9,0.0805039604633608,0,0.28983467009741604
S4,Office,86.77,19,14,0.0896590620625477,0.9786274511607533,0,1.0719597706098596,4003.02,2,0.012551154320980517,0,0.7140741893152163
S2,RawMaterial,82.53,43,5,0.09122484700064407,0.24360254228314582,0,0.8932845807254318,2117.52,4,0.1207188517970333,0,0.20924326518436645
S1,Electronics,21.9,5,1,0.0061417441643820125,0.6098143873842544,1,0.8882818815025295,4940.32,9,0.07296773009375856,0,0.37487401282272437
S4,Office,74.25,29,6,0.05218153230513606,0.8472141089530826,0,1.0534216318986283,4139.36,6,0.023773358838521663,0,0.5668400679205331
S1,RawMaterial,49.19,10,7,0.015257445867360987,0.802022577956785,0,1.1103998085454685,3408.01,7,0.10780184184120954,0,0.5357907805342793
S3,Electronics,36.52,40,9,0.07586875546482741,0.09030774856562673,1,1.1911148169637316,1532.51,7,0.04967547731279668,1,0.14123099006453854
S2,RawMaterial,14.5,13,2,0.06653914717661469,0.697274223674543,1,1.1075323240990809,4803.92,1,0.017175990564016134,1,0.45261199264342444
S3,RawMaterial,53.85,29,12,0.029713081295514435,0.2578637555526919,1,0.8629259872919901,648.1,0,0.06916107374904713,1,0.2493464634345552
S2,Electronics,41.99,5,13,0.011696028104036539,0.35573347806546673,0,0.8901610625307836,1505.07,5,0.03528698980645721,0,0.30980603812763385
S1,Electronics,32.64,12,2,0.08312206628073887,0.4889919823111655,1,1.1045558779685645,665.49,0,0.14253327536061636,1,0.33261752355663526
S3,Electronics,72.52,13,10,0.0674252479284851,0.7907501660653935,1,1.0107951615209376,4849.32,5,0.05420424867101659,0,0.566106245446353
S3,RawMaterial,79.25,22,1,0.0006819945002552786,0.16620144266904724,1,0.9181632053595754,4421.52,6,0.085867935771975,1,0.10706832109436207
S1,RawMaterial,32.03,40,5,0.06278717809361054,0.10855523503961673,0,0.9887132985305647,4784.48,8,0.14225414976855927,1,0.11968358016613892
S3,Office,14.45,15,2,0.0810296027696346,0.15344124504364465,1,1.1659552086324898,3717.66,9,0.05905817798519409,1,0.13065934214279146
S4,RawMaterial,86.39,13,3,0.05907680595764828,0.21822353559198315,0,1.10223974706906,623.41,9,0.053719031066393315,0,0.1700857345710558
S2,Electronics,10.9,1,2,0.04247136766767197,0.059501853811029126,1,0.9802790972502112,4691.76,0,0.024360846058991397,1,0.06272823687263335
S2,RawMaterial,94.34,38,11,0.0583918378542315,0.9263564695700774,1,1.1922215698582828,2394.29,6,0.14074553468486478,0,0.6519028616697444
S2,Office,66.49,43,4,0.061971205674734735,0.3190834070887484,1,1.117949850607154,2156.9,3,0.12011171675193578,1,0.23861283452709803
S4,Office,38.97,45,11,0.06400346239421309,0.17697562986642057,1,0.802348364420753,1778.6,8,0.03315164835328381,1,0.20395784520954485
S2,Electronics,32.18,1,3,0.09670450539043636,0.6378342036820702,1,0.8449469013414447,1790.59,3,0.04990116416224978,1,0.43314044525494444
S1,Electronics,10.81,11,9,0.017864778755835833,0.786996118766629,1,1.0215875155228247,4102.83,1,0.1372367667122927,1,0.5418428191724424
S3,Office,31.19,43,10,0.06230931273139058,0.7532341656014168,0,0.9399816694862296,1653.71,0,0.08059193937117375,0,0.5420618646088387
S4,Office,22.4,40,12,0.018799331962968447,0.7187071927870923,0,1.1250235055344655,1499.73,6,0.08345014299088198,0,0.5225784009754316
S2,Office,65.09,22,2,0.020995672024901182,0.05052997543796711,0,1.1582748030622447,3641.09,6,0.09722167229270691,0,0.0509024011559649
S1,Electronics,24.99,35,7,0.06692578837073669,0.7821595192204462,1,0.8962603306700988,1793.58,2,0.1143245726861697,1,0.5393734480434887
S3,Office,57.58,44,11,0.09159540849719829,0.5018786412518581,0,1.105314327537895,559.09,4,0.14089283184964949,0,0.4071772358717029
S3,Office,63.11,6,14,0.015904424709924158,0.6490860200315168,1,1.0141589421746113,4692.95,9,0.12033376102050375,0,0.49422293943188733
S4,Electronics,36.82,28,3,0.09624655337564261,0.9564246245392265,0,0.9567868162062402,1911.04,6,0.1401823797696032,0,0.6241573121648001
S4,RawMaterial,13.16,31,10,0.0319372326016229,0.810672538474056,1,1.114712020755105,3939.7,7,0.12309146372283539,0,0.5674132642934918
S4,RawMaterial,13.35,8,8,0.039131404345680014,0.8253720092260048,0,1.0259695140151908,2610.44,8,0.006965109092199956,0,0.5641054839821641
S1,Office,12.37,5,4,0.015368082393883754,0.18146721887817163,1,1.0541136199916814,1103.36,9,0.017630193080541295,1,0.14206218461649667
S1,RawMaterial,76.52,42,14,0.06158361058516504,0.47641712632306454,1,0.8249016224263253,3478.68,9,0.1327339388469501,1,0.40432535896938826
S4,RawMaterial,38.62,48,4,0.059642049462396735,0.9493254850103559,0,1.0343518714904378,1542.02,0,0.004154467356788555,0,0.6160593344163612
S2,RawMaterial,81.67,44,9,0.04422697431026493,0.5826852520707054,1,0.9202845086598375,1795.63,8,0.11912619732298958,1,0.427164957821217
S3,RawMaterial,48.86,17,11,0.04760913898843359,0.1025863697642383,0,0.9973176901579521,645.83,5,0.12747655978552683,1,0.15440599212650163
S3,Office,50.77,38,3,0.06229758757868908,0.7318198248852413,0,0.8888044202835352,573.82,5,0.06231968431236786,0,0.47920974263332294
S1,RawMaterial,56.16,9,7,0.05834965349643584,0.0429268471050499,0,1.0457902615111103,2811.29,6,0.05322821292348296,1,0.09326100431196069
S3,RawMaterial,74.17,10,1,0.03742633816484116,0.7422972670037387,0,0.8589875350176862,760.08,8,0.02916063286770744,0,0.46374911879455266
S2,Electronics,34.62,20,7,0.08841143852998667,0.8797726271226475,1,0.8491615667666044,1442.38,6,0.007337830749354446,1,0.6043870078325846
S3,Office,20.94,14,10,0.06676605231273561,0.4252501406133349,0,0.8753645586804499,4657.13,6,0.11180744344664904,0,0.34660847149039303
S1,Electronics,60.05,14,11,0.020540633059980874,0.41361286298508726,1,1.1269858168352633,872.85,2,0.011059062667107994,1,0.3329013362804752
S1,Electronics,39.43,26,2,0.03199029935057274,0.3042113772547266,1,0.8134135755959034,1808.55,9,0.14170044420133812,1,0.20640963044372204
S2,Office,49.82,29,12,0.07878781017032536,0.8769382851037327,1,1.0918308926274656,3769.38,8,0.04451151941625928,0,0.635513599827623
S2,RawMaterial,68.23,49,14,0.010452538102009946,0.5477846040483869,0,0.8226030347433962,4479.46,3,0.11913664763913476,0,0.43180652385963514
S3,Electronics,54.47,27,14,0.0750231998724297,0.5792599406346188,1,1.036742895461227,707.95,5,0.008952397655521605,1,0.4700629243425002
S3,Office,65.83,25,6,0.035884244114579536,0.6617073908499546,1,1.1094233888113008,1334.48,6,0.0804418026977808,1,0.45064685060148946
S1,RawMaterial,58.98,16,13,0.05516910461084356,0.30023094756287705,0,0.8924291717181342,2245.48,8,0.052364930563582344,0,0.28954644277812214
S2,Office,76.58,36,9,0.028055811717283965,0.4327863113504118,1,0.8783787790288782,2124.47,9,0.004500165776720522,1,0.3323742446111465
S2,Electronics,73.53,34,6,0.09864565718204278,0.7416057622062988,1,0.9156712508209331,1798.37,2,0.09836990316137574,0,0.517414297335535
S2,RawMaterial,58.08,16,3,0.09058402921423042,0.9854869685389853,1,1.0798453100104324,1590.38,1,0.1414744081362742,0,0.6398959613162318
S3,RawMaterial,71.1,33,1,0.09284498369442518,0.03430554006453024,1,0.9019306346422307,1708.96,1,0.001612915080459859,1,0.05557967628990284
S2,Office,88.62,3,12,0.01847755179775167,0.04264849794656744,1,1.000707998071182,1100.42,1,0.04056553892703606,1,0.11684665002155167
S1,RawMaterial,48.9,23,12,0.08416900959617651,0.4280824819829282,0,0.8537864400766055,1234.97,8,0.10554086140463474,0,0.36781447778289555
S1,Electronics,47.15,11,4,0.05353971010240902,0.6596218348096133,0,0.9844782415809066,3230.45,7,0.13068805860624447,0,0.44040644248791927
S3,Electronics,78.78,48,4,0.07078592002736388,0.38636462483531686,0,1.0498913897256519,1814.86,8,0.028616876025011714,0,0.28162597948082785
S4,Electronics,62.43,18,13,0.021750406674044643,0.9996386539651794,0,0.8287275706608095,2298.58,8,0.010607517680815326,0,0.6991654572384639
S3,Office,16.39,47,8,0.0711984645979216,0.19535925808613586,0,1.1261693172191003,2353.85,0,0.0012962100505606255,1,0.19571795137391512
S4,RawMaterial,90.29,41,10,0.09142672445722962,0.0079254580074275,1,1.1749743675187254,993.82,9,0.03228096324842763,1,0.10361186357019683
S2,RawMaterial,12.77,44,10,0.02674813858487999,0.1901293623127691,0,0.8774191036299884,4187.72,9,0.010697593808137128,1,0.19353063039169688
S3,RawMaterial,77.36,29,14,0.023335985154950657,0.886842375101301,1,1.1037730982703375,4803.62,8,0.05390731336538969,0,0.6391062206072659
S1,Electronics,78.29,5,13,0.010441454847347776,0.1451489928684646,1,0.9253866649514378,1685.94,0,0.06601886624307703,1,0.18307897503242596
S2,RawMaterial,95.78,24,7,0.026680667531166102,0.47897478030664076,0,1.0706898482919636,1824.85,4,0.07198857088233092,0,0.3453890684433343
S1,Electronics,14.87,29,10,0.053579226181561246,0.4192761807214481,0,0.9226709621050938,3619.19,3,0.02134939653669114,1,0.33906804771590865
S2,RawMaterial,63.72,29,7,0.08327162914375605,0.6657253212911289,1,1.1449372531598885,862.65,7,0.06959820732398843,0,0.4744166815178042
S3,Electronics,48.51,26,7,0.027880026265763948,0.054595586419452946,1,0.9388432341449517,4582.95,4,0.0013577462633794556,1,0.09112135973140095
S4,RawMaterial,39.76,40,12,0.06211443890693135,0.658750171066226,0,1.13953227923363,1042.65,8,0.03591316321830685,0,0.49959872002610073
S2,Office,18.13,3,2,0.04795906991730399,0.3547516439823354,0,1.1064570287743687,3794.28,0,0.05536290739639798,1,0.24152442165030671
S4,Office,60.64,2,9,0.028857904061777163,0.9260395590824988,1,0.8785295650015754,1811.82,7,0.01775273639153499,0,0.6285668209537467
S2,Electronics,53.11,25,6,0.05103590811946473,0.8488873295859058,1,0.8627812323831374,1954.69,5,0.12210068959759761,1,0.5675003130445258
S1,Electronics,19.41,19,2,0.016796239639587717,0.3995062484775861,0,1.111862353894439,1133.8,0,0.030181858846223118,1,0.25902833526414226
S1,RawMaterial,65.12,40,1,0.06395775598485182,0.9928918435178526,0,0.9561213016407313,3408.52,1,0.11323345674694017,0,0.6220652900490242
S2,RawMaterial,76.42,2,11,0.011566272118385068,0.05194375265624718,0,1.179757267704613,4077.47,3,0.07108395591837412,1,0.1132075618006924
S4,Office,79.06,19,1,0.07309805251432282,0.7886322200641908,1,1.1771793058780844,4776.09,4,0.07196146397177465,0,0.5022516049356684
S3,RawMaterial,91.48,1,1,0.01777126783855072,0.4338365240273626,1,1.0773922522444086,1991.97,0,0.096779150415844,1,0.27277615191083987
S3,Electronics,46.85,27,4,0.09981591533168718,0.4333051445875854,1,1.000232135868981,3295.31,9,0.006641656744949814,1,0.318499289923486
S1,Electronics,95.78,45,4,0.0823672594760412,0.17013379814534269,1,0.8779869231356479,2367.47,6,0.011813901000021425,1,0.15536188530144657
S3,Electronics,87.89,49,14,0.03438403038597223,0.5148799199722609,0,1.1529570945507484,3010.3,3,0.04902652346587711,0,0.41924316109914816
S1,Electronics,36.69,35,12,0.04262047722893123,0.08471849688008526,0,0.8327991817360497,1233.19,0,0.06252337507525833,0,0.14933152701101624
S3,Electronics,24.34,41,9,0.025919102110768845,0.6165771790003773,1,0.9481405107173178,3117.89,5,0.06449111957922295,0,0.44200775231917133
S2,Office,49.19,5,13,0.07671145611799993,0.24159044085388726,1,0.927687804182277,4320.87,8,0.10153306962382021,1,0.2608248442048752
S1,Office,46.17,38,12,0.0380726969957774,0.7248580457693701,0,1.1833715316953237,4386.44,8,0.00010575177542283542,0,0.5320509222746409
S1,Electronics,61.81,4,12,0.07551855098195358,0.6073615182565727,1,0.8472463705969066,2675.25,3,0.1438657638119533,1,0.47278676196281544
S2,RawMaterial,62.5,17,1,0.0018401554680180566,0.7464050087514459,0,1.1560599986504556,1560.86,6,0.02617311164654173,0,0.45553790903413005
S1,Electronics,77.5,21,3,0.013562095950459575,0.7497420702342112,0,0.982573852826766,4265.06,9,0.037294751445785514,0,0.475342442354236
S3,Office,55.89,48,3,0.03649743347025686,0.1967090452204412,1,0.8189995634471606,4997.43,0,0.13584407767877452,1,0.1504032286019132
S3,Electronics,19.43,31,8,0.010890853339459272,0.0006747294865960818,1,1.0915465409911649,2197.22,9,0.0008237101304328365,1,0.06081495083665257
S1,Office,87.25,48,2,0.060112799229624085,0.3657612593927376,0,0.8403517049115619,4659.66,8,0.1486959122338431,0,0.25177630969024406
S3,Office,37.88,22,6,0.0050832098534123295,0.919069215796509,0,0.8948016313159723,4925.57,0,0.005393600344065502,0,0.5958236352910719
S4,Electronics,97.42,11,11,0.08597629945893431,0.5778993846358342,1,1.1198915339834454,2280.26,8,0.018081827924033945,1,0.4511039491906094
S1,Electronics,20.61,34,4,0.07613079987559825,0.7275020056250169,1,0.861892803590121,3723.28,5,0.036016006882333224,1,0.48791187190911817
S2,RawMaterial,96.24,49,13,0.021625647922795244,0.879570337523553,1,0.9301880172959368,3114.92,9,0.0658082460169361,0,0.6270870397481132
S4,Office,18.19,15,10,0.04837919061297178,0.9060582477246971,0,0.9443993159352628,3749.87,6,0.07776773005733884,0,0.6295772772472812
S1,RawMaterial,30.79,10,6,0.04518130784109206,0.5290251573094272,1,1.0355210275261697,1193.69,3,0.015707770675299708,1,0.37382662959512686
S2,Electronics,14.19,38,13,0.07248646153403777,0.5409420849120551,0,1.1159733187116305,2150.24,8,0.011051084793154337,0,0.43916833226458724
S3,Office,73.46,32,5,0.0401508900474509,0.8509388412331164,0,0.8923245043909435,782.59,5,0.004778855460865206,0,0.5583228574683907
S2,RawMaterial,86.53,48,12,0.0032935297829845725,0.8074854352900137,1,0.8823131677530819,3259.47,5,0.03851260510113047,1,0.5711936058231893
S4,RawMaterial,49.07,31,9,0.027373585884983866,0.6988585999054454,0,0.888761037449614,4670.13,9,0.13822994603928637,0,0.49181294999447667
S3,RawMaterial,93.57,37,9,0.04661958052370421,0.6044642941163065,1,0.9526447496872541,3021.27,5,0.05847637783318546,1,0.44095016491260947
S1,Electronics,63.13,44,1,0.0974492216160639,0.6172151025785602,1,1.0140412650307553,816.49,3,0.11460110881418238,0,0.40670668517481234
S3,Electronics,66.7,28,3,0.08811586669543453,0.36291134462338515,1,0.80537798178462,4686.7,6,0.02852822918084261,1,0.26561013821123286
S1,Electronics,86.09,31,1,0.018140614400219048,0.8409177474016911,1,1.1121190341530012,1098.34,1,0.009701883858990634,0,0.5171356899039374
S1,Office,36.71,6,6,0.07232759404907711,0.6177797050872609,1,1.1706864738527079,4473.24,1,0.08314196827254941,1,0.43522324412422253
S2,Electronics,41.88,14,12,0.09368254730147876,0.223528062241531,0,1.1374078230832874,3714.02,5,0.12331386005557528,1,0.24793588724964793
S2,Office,91.54,23,3,0.0008792613035258579,0.23984327850953835,1,0.8148738046933042,3363.65,8,0.13476898749953173,1,0.1655983169253522
S2,RawMaterial,91.09,16,14,0.0720945673670826,0.8616030137732296,0,1.0098018758882317,3140.81,2,0.08193069053026514,0,0.6385901784740624
S4,RawMaterial,97.88,25,1,0.045933349561115736,0.6257075456365888,1,1.1256108445210287,1090.17,6,0.044104842604654644,0,0.39634738939314507
S4,Electronics,91.17,39,6,0.06802361962831112,0.3987041284279318,1,0.9376457874314386,2753.8,8,0.016426761785589123,1,0.3024867058023953
S2,RawMaterial,21.46,2,5,0.06055892735717903,0.18710075923528757,1,1.1588149511666201,1385.12,8,0.10017342813579445,1,0.166142419462612
S4,Electronics,84.14,38,12,0.09846654944557015,0.6102159732452017,1,1.1547518713884521,3073.03,2,0.04206552256771278,1,0.4813838344950778
S3,Office,46.89,41,12,0.028881540629786786,0.18431038001950506,0,0.8566818083135016,2513.05,0,0.12659436366722962,1,0.2049649759149248
S3,RawMaterial,99.17,39,8,0.07861429818692649,0.47016703121830106,1,0.9974523080518816,3558.54,1,0.0907681677679932,0,0.3628273653299157
S4,Electronics,52.51,34,14,0.023463988831306116,0.6775105342412363,1,0.8102669930965197,4921.24,7,0.12883178450320887,1,0.5135455171941337
S4,RawMaterial,59.85,40,2,0.04356079775501729,0.5654154343211207,1,0.9127438431114108,2124.57,6,0.0849979515007727,1,0.3666032142048919
S3,RawMaterial,57.68,43,8,0.09753808739674119,0.9220999001262683,0,1.1247491352078967,3275.21,0,0.11576135440566648,0,0.6396642234376405
S1,Electronics,38.96,25,12,0.07661362960141527,0.03972120185176897,1,1.1900562422719272,4389.83,2,0.0441457726366648,1,0.13253109570577168
S3,RawMaterial,16.75,36,5,0.031582125628355905,0.27979487585140284,0,1.1653293025630798,918.17,7,0.07545881855738722,0,0.21306584891363417
S3,RawMaterial,90.61,16,8,0.061936928309195,0.05708610123798108,1,0.8170321479204796,4101.11,6,0.0029109559354364876,1,0.10997559637840429
S4,RawMaterial,82.24,18,12,0.004969208350277499,0.1946042300214995,1,1.17069221004736,1577.41,4,0.09117476149853333,1,0.20396758623226868
S3,RawMaterial,22.56,13,10,0.026639491662096972,0.12398333584553067,1,1.1290592707378162,2931.24,2,0.08006090213406797,1,0.15381042043451892
S4,Office,79.91,37,4,0.07183904896036146,0.7326616270202314,1,1.147081006700294,4961.76,6,0.11329234836453048,0,0.4897201194716759
S4,RawMaterial,66.33,27,4,0.0570093569588325,0.369375941294398,1,1.1659307101142748,4928.23,4,0.10934339482290985,1,0.2672998004357171
S2,RawMaterial,46.82,34,10,0.046967285297677235,0.9250442712030206,1,0.9952719670189137,1921.09,0,0.09414255027523617,0,0.6405453197396869
S3,Electronics,32.86,11,4,0.06908760600159632,0.02337772169207053,1,0.8844873175041742,1092.93,4,0.008502812043130097,1,0.06332434338714978
S1,Office,87.38,1,14,0.039845889081982604,0.652924184944178,0,0.8084096347491668,4721.83,2,0.13545145608916156,0,0.5037082776911016
S2,Electronics,73.02,13,11,0.002615614453241311,0.9705448002654883,1,0.80941930828546,4520.88,1,0.00270287863609453,1,0.6616829930666939
S4,Electronics,59.3,30,6,0.044102662351556736,0.17583871981001864,1,1.0570045691296293,3272.14,2,0.12049014906338416,1,0.16159117344862106
S4,Electronics,64.86,5,4,0.09021291922932617,0.4424322302855819,0,0.9349120357215518,645.85,9,0.07190195269012047,0,0.32109464251157555
S1,Office,18.2,18,9,0.08566151283141213,0.7018898911702741,1,0.9983586609318743,3880.76,3,0.12269903443344446,1,0.5111181028373024
S4,Electronics,52.65,14,9,0.04089971854095129,0.6331379993231678,1,0.8525340708304272,1223.85,0,0.06976048105690379,0,0.4564384294419004
S3,Electronics,27.43,13,3,0.0022221440760382682,0.5660271305656708,0,1.1902053464739057,4743.6,3,0.0970406707607721,0,0.3617114929907853
S2,Electronics,28.75,32,7,0.06363072726203158,0.32675612705440515,1,0.8519771998358924,2458.07,8,0.05448982586729943,1,0.26514289441125255
S4,RawMaterial,69.52,7,12,0.07411944277828646,0.7281999535329012,1,0.9779225374446034,3268.02,0,0.11155181042044933,1,0.5448700906675124
S4,Electronics,92.01,8,5,0.029424357608427487,0.6532552770683363,0,0.9773414132422106,1764.86,6,0.03812642626717466,0,0.4364947592378157
S1,Office,46.34,7,12,0.04766639996195743,0.16280028544375147,0,0.8034554225250423,2637.84,7,0.10790338678127286,1,0.19769437696912381
S3,Office,28.7,49,9,0.09918567952477085,0.9640907313056962,1,1.06711918957078,3895.86,8,0.029007397661582245,1,0.6724958569265632
S4,RawMaterial,68.39,16,2,0.057634301298159864,0.5556729089401194,0,1.0152842290696784,2714.07,6,0.10832515255090881,0,0.3649797500392339
S1,Office,88.41,43,3,0.03510749056615666,0.5254616010359016,0,0.9989984754922048,4312.39,8,0.04405069578632512,0,0.34723777921995935
S4,Office,77.35,31,10,0.0627488876640133,0.8482366775874696,0,1.1272339353438563,3708.62,9,0.04179476580731042,0,0.5991952442802571
S1,RawMaterial,88.19,27,5,0.01800223068640845,0.6404135106289767,1,0.8964548746993363,848.12,2,0.12172409062179099,0,0.4253630612975942
S1,Electronics,58.29,33,12,0.019925237327458004,0.07447928660637526,1,1.1444387239139007,3230.76,0,0.12205389550350995,1,0.13637942887634827
S3,RawMaterial,77.67,29,5,0.0924924714714017,0.5065893737902599,0,1.1459114652066198,3256.7,1,0.10371035542880347,0,0.36741565142986216
S4,Electronics,22.61,8,10,0.02392000411693307,0.7805964928940133,0,1.1307449263666405,2214.04,9,0.1385862946136155,0,0.5469624684000594
S3,Electronics,41.34,33,12,0.031078937921574415,0.6999801201768913,0,0.9365591100157301,1952.26,0,0.02342905400176009,0,0.5150260391968928
S1,Office,45.06,41,14,0.05437772419697539,0.9707687241427468,0,0.8650229759382609,782.99,1,0.04039819803196561,0,0.6987745517447407
S2,RawMaterial,56.02,19,14,0.08996926202776064,0.02491627968593102,1,0.9900708437519539,2507.7,8,0.04410211299301526,1,0.1419405464198868
S4,Office,93.62,21,7,0.07814488897190144,0.26121895664040184,1,0.903936423330547,2014.68,4,0.04579295061015181,1,0.23017484067581157
S2,Office,88.69,41,13,0.004378392066987491,0.5491564562824255,1,0.8208726181038953,4779.78,3,0.049204797582645544,1,0.42366453424669437
S4,Electronics,22.11,21,14,0.06930296688983693,0.6194897990207492,1,0.9117880048157722,3533.78,1,0.10455137656790049,1,0.49248476947940056
S3,Office,25.55,25,8,0.05040614826839929,0.2743559859077441,0,0.987651324670915,2570.28,2,0.040613721498800846,1,0.2368782931680234
S3,RawMaterial,42.19,42,8,0.04755528420023806,0.8268016663758642,1,0.8450942173895862,3895.75,8,0.04288832322757222,1,0.567490442228447
S3,Office,36.17,23,14,0.06915583668255432,0.16434779291601287,0,1.177733493550869,4004.46,2,0.08556218752739271,0,0.21935542675437403
S3,Office,65.33,11,1,0.01962320462190441,0.000849109621718136,0,1.0624404724764773,2662.05,7,0.029003828259642327,1,0.013539284302459348
S3,Electronics,91.25,33,14,0.09814886636617198,0.9523913983761296,0,0.8545362924733534,840.91,0,0.05473312598206838,0,0.7008794989355293
S2,RawMaterial,96.61,20,1,0.06453065302724491,0.3915567944300997,0,1.12482568031586,4012.48,4,0.008691058292415876,0,0.2614361297090904
S3,Office,68.82,25,3,0.03656561746118562,0.9574898009560936,1,1.17123531832565,906.28,1,0.14288206620945104,0,0.6068921372405833
S1,Electronics,85.43,26,1,0.06002022080701613,0.277931600345224,0,0.9051136284654233,4313.78,3,0.047596151564735435,0,0.1919078835920964
S1,Office,57.27,40,1,0.02164708632896203,0.0634486351312259,0,0.8573011029776112,2003.71,1,0.1275063200371629,0,0.051706164120281284
S2,RawMaterial,28.75,12,10,0.06338418648549562,0.7725196045530232,0,0.9289902012170247,3372.08,2,0.07949183911049974,0,0.553955590106034
S4,Office,57.22,32,8,0.0028217140737797353,0.8358195318256982,0,1.1328995198514105,3831.82,4,0.034231823593155325,0,0.55948109046041
S1,Office,59.96,33,1,0.03411819114083662,0.4920868988476359,1,0.8700375571398391,658.37,1,0.029014136100434816,1,0.31263045379368964
S4,Electronics,76.82,10,9,0.07475168967475064,0.07385034017786463,0,1.1117386347248137,2230.76,8,0.10424411173245213,1,0.13102142529485827
S2,Office,29.79,4,2,0.080797784911414,0.6541340749733378,1,1.0865053047172846,3218.64,7,0.14473032114504628,1,0.43100549474314115
S4,Electronics,43.15,15,9,0.025291941331396808,0.1821439744751573,0,1.060546683022405,4316.65,4,0.027460458079375905,0,0.1811596813702277
S4,RawMaterial,42.76,6,14,0.05394094612799865,0.8493815481562842,1,0.9733269997394496,3729.96,0,0.017313182504511797,0,0.6258112127321701
S4,Office,96.35,27,7,0.052849288968911806,0.27402311954219116,0,0.94670811316038,4532.64,4,0.05806490181148956,0,0.2302686584159882
S4,RawMaterial,49.96,5,9,0.04214560463767805,0.8477063903139277,0,0.8341031901687956,872.25,3,0.05907158204179137,0,0.5855532298653743
S2,RawMaterial,77.96,5,3,0.022843298275297852,0.42692454189351936,1,0.9429423141046288,823.2,8,0.12093794605379288,1,0.28443628604727234
S1,Office,77.57,18,1,0.07032282332287729,0.5964878392481506,1,1.0407367224756665,3710.86,1,0.07033339417244333,1,0.3861324076886107
S3,Electronics,33.9,28,1,0.025236168174551966,0.7895625168209663,1,1.1592836864584684,2293.38,6,0.009369178252846293,1,0.48845121768780253
S4,RawMaterial,61.47,35,11,0.09110257371566158,0.040439242982931334,0,1.133249815263933,2667.34,1,0.13810015375615495,1,0.13016574647588586
S1,RawMaterial,90.49,22,10,0.05285012911185027,0.8211660061897849,1,0.8128862920960203,3219.42,2,0.055978184032586815,0,0.5799832138759974
S1,Office,52.77,34,6,0.08704783373106219,0.1386480417654976,1,0.8555451580637989,4936.74,2,0.10027975957413043,1,0.15216031803576008
S2,Office,95.06,4,7,0.029074272080416397,0.3584183552029865,0,1.1393951912419173,802.25,9,0.10012324073327476,0,0.27377329474591683
S1,Office,29.3,18,9,0.0807079156258732,0.4727810301110631,1,1.175727346019689,990.03,7,0.008451311785893261,1,0.37216670704011406
S2,Office,16.67,41,6,0.011366358489999251,0.8954265836686286,0,0.8223235378292963,4231.91,1,0.000540698873593537,0,0.5835230006053197
S4,Office,90.23,26,5,0.07668303420073935,0.022440627895591092,0,1.0805008256401227,592.36,0,0.013205554251626556,0,0.07218357271186218
S4,Office,86.29,42,14,0.03869458499253023,0.5592026082967854,1,0.9462932457856907,2527.05,5,0.14347966994476907,1,0.4471299404758303
S3,Electronics,99.33,22,2,0.046999008881858685,0.6425225000623945,0,0.9457160989900671,3983.53,5,0.11909894235654186,0,0.41389891698770864
S3,RawMaterial,71.15,47,2,0.016680732025957278,0.3165823090990735,0,1.0570676770102887,1378.71,0,0.019801841508811507,1,0.20923931935294557
S3,Electronics,94.3,33,8,0.0018627688524392339,0.29048677130945977,0,1.124086435166684,1341.55,4,0.09223047973482293,0,0.23199375058426475
S1,Electronics,84.43,43,1,0.06661974931282816,0.4904691585104676,0,0.9099350203521455,1896.14,8,0.09179606257639379,0,0.3214102770429861
S4,Office,86.0,14,8,0.058771828340041826,0.18710041786467257,1,1.0821417376268845,1175.05,9,8.386408543869516e-05,1,0.18703465636367322
S2,RawMaterial,61.22,31,11,0.06224281520696574,0.46811892960495916,1,1.0543505235097408,3553.49,9,0.0643596402736796,1,0.3781156308964938
S3,Electronics,44.41,10,10,0.025500175802691982,0.7650253234901474,0,1.0069282646416953,1400.62,4,0.10676632059026671,0,0.5380938182634675
S2,Office,94.11,24,11,0.023927746288310604,0.8453955041605148,1,1.040970299526168,1520.86,6,0.028018927067605764,0,0.5929870549542307
S2,Office,48.89,21,7,0.08302963112692477,0.3851613848989007,0,0.8072213531632102,3087.21,5,0.12763557479920545,0,0.30600572027741785
S3,RawMaterial,58.49,48,7,0.07612527525932332,0.6173017131436855,1,0.8016263719790657,4853.03,9,0.0990457341148997,1,0.4432186104640083
S4,Electronics,50.15,8,5,0.03367901158413607,2.0517960894972376e-05,1,1.0201754266769407,4612.47,3,0.0010386445596828663,1,0.045830299966063526
S3,Electronics,60.83,32,3,0.06378057159756804,0.5503524836714523,0,1.0096433859066978,4390.24,1,0.12823712701670378,0,0.3707742331107132
S2,Electronics,52.35,31,7,0.08281500041688139,0.9752363053924898,0,0.8285340821309422,2889.16,9,0.00291000442824037,0,0.6599862833605584
S3,Office,14.32,34,7,0.08888294422179488,0.3122650271612114,0,0.9968105306492259,1839.88,4,0.13318932062397834,0,0.2640238995632653
S2,RawMaterial,89.38,23,7,0.0005806260909242633,0.5947761242092461,0,1.103011510010841,3675.95,9,0.05005782863548008,0,0.4070398623528249
S2,RawMaterial,50.0,25,12,0.08134623931347243,0.762283657645613,1,1.0164809776060424,2253.1,8,0.10479753828329676,1,0.5674883520956953
S3,Electronics,63.0,7,11,0.03503923342469258,0.6089330209896426,0,1.0070457163031765,4000.59,2,0.11811464530676102,0,0.4544430111926219
S1,Office,22.53,19,2,0.07183782847761766,0.4184999704668394,1,1.0871633815703083,572.86,2,0.04219032299359107,1,0.2869370451091032
S3,Electronics,10.3,7,3,0.037140136459999966,0.15257557330953142,1,0.8687376827812445,2882.93,6,0.05346552501104644,1,0.12411595635229028
S1,RawMaterial,32.08,47,3,0.06062490867940149,0.4637013974582308,0,0.9829922128595066,2018.08,9,0.07643126149834989,0,0.3178368825073303
S2,Office,73.41,8,4,0.06467824400060186,0.2947842091785916,1,0.8592191507613826,1620.72,1,0.08740372976968626,1,0.2248454272787641
S2,Electronics,18.93,14,12,0.04049927709162261,0.6959202887612975,0,1.009536118767096,3478.27,7,0.04380628591157584,0,0.515416242098551
S1,Electronics,91.8,1,9,0.051278533113774484,0.44191276771447663,0,1.0367765729874592,3462.68,6,0.14885930532678987,0,0.34481693484853254
S2,Office,29.35,13,10,0.07263133719191683,0.8498797646073215,1,0.8486693206471024,666.8,7,0.11055070098334079,1,0.6031458313505393
S1,RawMaterial,28.41,3,1,0.04763052686948621,0.1933224368931764,0,0.8302060792246233,4764.64,9,0.041122801473004324,1,0.13742547733960883
S1,Office,26.34,28,12,0.0013980485085166583,0.41772012205357356,0,0.8666934444463452,2128.34,5,0.09606482869015208,0,0.33676577349898484
S2,Electronics,11.26,38,7,0.0012904196997515771,0.5575049763948082,0,1.0345350493258485,4628.34,4,0.06530568017139222,0,0.38489011174681037
S4,Electronics,79.46,15,7,0.06613108500493936,0.1260146760282952,1,0.8758476644791666,3126.74,3,0.1290493337317597,1,0.14544813111845892
S1,Electronics,88.75,36,11,0.08472375374555981,0.5879100778344889,1,0.9100973239870784,3436.66,7,0.049342510616523005,1,0.4567346013957898
S3,Electronics,65.27,3,4,0.07852735375139965,0.29092140532757604,0,1.0810183784744498,4822.32,1,0.02817809822298656,1,0.2266824778933941
S3,RawMaterial,26.94,4,13,0.03104003019331635,0.22953718014865954,0,0.8993379308120543,4199.89,5,0.006920438817755536,0,0.23989146000433348
S2,RawMaterial,35.68,5,11,0.04711278849969545,0.14191073972934476,1,0.9590107957822276,1130.16,9,0.14764638478016712,1,0.17785170895894403
S4,Electronics,52.83,26,1,0.0234160740101667,0.34988192563351117,1,1.1715381438800947,523.49,5,0.05388325104206996,1,0.22409683472601385
S2,RawMaterial,95.89,25,3,0.09891499106666726,0.9289824151942067,0,1.129998644544445,1888.64,4,0.03307777026033796,0,0.6084925178650956
S4,RawMaterial,32.26,10,5,0.026050644926023193,0.031005859331058483,1,0.9021889000632647,2698.42,1,0.07376527101412403,1,0.062132994790727765
S1,RawMaterial,75.85,8,12,0.04162615928493666,0.8521562083079391,0,1.0390303205607259,3794.67,4,0.043745898306732325,0,0.6094958584845301
S1,Electronics,49.55,12,2,0.06811289513243032,0.39736089778514083,0,1.066321769079067,3474.72,2,0.03493500514851506,0,0.2731361214965279
S1,Office,36.81,3,7,0.0876017669650776,0.5616016387263846,0,1.1600966038924512,1907.85,6,0.09245767502988397,0,0.413241513325354
S1,Office,51.03,27,14,0.005147568406713654,0.5128122969253716,1,1.0189869267090144,2938.98,6,0.011227261112042813,1,0.40923164867723705
S3,Office,16.41,23,10,0.030101967602712144,0.9257402616072337,1,1.0245147510331098,3429.2,7,0.0763489424449715,0,0.6359033186737252
S3,Electronics,81.88,40,10,0.05689858479644604,0.7701292692057136,1,1.1553788853909799,2811.88,9,0.05811469520170299,1,0.5505757083909334
S2,RawMaterial,31.9,33,7,0.06183130813761835,0.9848235353279492,0,0.8217527020725555,3600.38,8,0.07987939481214731,0,0.6594435136380551
S4,RawMaterial,75.29,14,12,0.007002743849986082,0.7944299516216974,1,1.051256529004001,2683.48,0,0.04806609347083431,1,0.5644730798423
S1,Electronics,16.15,23,10,0.06640787378420733,0.2958884942066873,1,0.9666596825911169,2883.58,3,0.08554813813872167,1,0.268884030087846
S1,Electronics,95.96,31,5,0.05280643656085743,0.9628836793593141,0,1.1639053539984345,4733.49,5,0.012272781656187653,0,0.6292864242981314
S4,Office,27.37,13,12,0.08276273793621447,0.9835657908079234,1,1.184216108632712,2251.21,6,0.05642384341640427,0,0.7006825815799042
S4,Office,89.45,12,10,0.022218917620830073,0.12309370361669947,0,0.8680989056904067,3900.68,4,0.03562479123692033,0,0.15195046888484015
S2,Electronics,82.85,35,6,0.01950269850218761,0.9010441837829771,0,0.9125873882472161,2006.04,5,0.06571345698827206,0,0.5893344626775854
S4,Office,97.11,18,1,0.07933372219279558,0.6642021828931621,1,0.9093831611050899,1993.35,0,0.059750416040968736,1,0.42946428353659305
S1,RawMaterial,53.01,21,4,0.07038691289396164,0.9219937700331138,1,0.8402510509046884,4670.02,4,0.0946775492575037,0,0.6028837644594853
S1,Electronics,75.47,45,4,0.07916733605776748,0.9157390202189868,0,0.9931775621885195,3644.02,1,0.09431365922393102,0,0.6017650415201509
S1,Electronics,43.36,47,11,0.07819341410280795,0.8913730311872168,1,1.0052325642918103,4680.31,1,0.0620047121143001,0,0.6368532715146011
S1,RawMaterial,26.59,42,8,0.010400067583046069,0.8852755936823788,1,1.0291913038638216,4975.62,0,0.027243473549481843,1,0.5914282336271983
S1,RawMaterial,49.88,1,2,0.027858304729915087,0.11764623899321858,1,1.065183346578502,500.91,9,0.08728704729105366,1,0.09323094910061996
S2,RawMaterial,24.92,38,1,0.026008513613644636,0.143515708278262,0,0.825166980985897,4924.18,8,0.1449773054983208,0,0.10105483619390772
S1,Office,98.38,41,7,0.09345872814168397,0.11777941937696668,0,1.0489934183169576,953.92,3,0.027816408658235425,1,0.14870527006868522
S2,Electronics,18.66,42,6,0.04874665740503456,0.09102908880028526,1,1.1655237152696212,816.85,3,0.010358876844692283,1,0.11209859335882438
S1,Office,63.03,47,5,0.01110571327000174,0.3532852850739884,0,0.9819963915930938,3955.14,8,0.039684177823803984,1,0.2510171707396793
S3,RawMaterial,66.38,9,12,0.028957790593001877,0.6839584143246422,1,0.8426849773271217,2075.83,4,0.06193805021013902,0,0.5047766714869716
S3,Office,58.43,23,13,0.08719016485164716,0.35469261307258493,1,0.8343776106913718,4630.15,3,0.04592826327301764,1,0.331829760156188
S3,RawMaterial,69.6,14,13,0.08470663781653133,0.7203003332750948,1,0.9127009051643618,2950.28,6,0.12520645642240114,1,0.5504493341671591
S3,Office,20.46,11,13,0.09003394834405375,0.8202831250202027,1,1.1010098505189363,2237.5,4,0.07395415087306172,0,0.6120372023724806
S2,Office,59.95,7,8,0.038852877273702006,0.666214740146417,0,0.9043998621270363,830.47,7,0.03691918224889473,0,0.46852756441281795
S2,RawMaterial,35.85,31,11,0.06413409614899966,0.46510472628296873,1,1.1257323649204685,2590.86,2,0.14252985853439998,1,0.3768744931859097
S4,Office,94.62,24,13,0.027817391987532372,0.2955174395909569,0,1.1278636587863855,1750.54,7,0.018759422958187482,0,0.27851282420797674
S1,Electronics,78.59,26,2,0.018082533115237387,0.12440336245523087,0,0.9828447352126843,844.76,5,0.01843671628170654,1,0.09435249169342402
S3,Office,97.53,30,2,0.002190107592636792,0.49365182791138373,1,0.9203155371615898,3516.75,8,0.03679272888143613,1,0.31113384331033556
S2,Office,13.38,34,9,0.022344094968934948,0.7195989533698974,1,1.0390668610836142,4898.02,5,0.011515818247987563,1,0.5027483147983333
S1,Electronics,35.66,46,1,0.060437413689227296,0.5482432115040483,0,1.124212059582724,2205.12,3,0.11274790269447195,0,0.3542200081520543
S1,RawMaterial,27.59,38,6,0.09042103136067928,0.7214819192904628,1,0.8258283192003375,1837.69,1,0.04692162512649573,1,0.5028726038396243
S2,Electronics,11.0,5,13,0.013342055321544179,0.3352196723435007,1,1.1813694173306408,904.82,2,0.1094756987859506,1,0.2979915628597065
S3,Office,31.81,5,13,0.09180115609654421,0.06679606305534802,0,1.0583601099766422,1504.15,6,0.11441062015455712,1,0.16047512751931492
S4,RawMaterial,71.09,19,3,0.03453852348717214,0.7710979260325767,0,0.9592591025222577,1782.38,9,0.0356277826122943,0,0.494448884094269
S1,Office,30.8,38,13,0.04268284076143208,0.21972411182955598,0,1.0024076942146423,2048.79,4,0.07775454581062262,1,0.23749646218330606
S4,Office,55.81,28,5,0.03649785404687468,0.6162850602360239,1,0.9542369987107431,3352.85,6,0.07793882643317174,1,0.4164346780699624
S3,Electronics,89.9,26,8,0.04086081399197039,0.8042927445547332,1,0.965044411651776,1016.93,6,0.13070466185056026,0,0.5519767480732882
S3,Electronics,72.44,42,7,0.025919314918766524,0.1391100018446767,0,1.0382466443368483,762.91,5,0.0038446275004704045,0,0.141241795582436
S4,RawMaterial,45.52,23,13,0.06986046783114386,0.5984947100132758,0,0.8240961987428682,4687.62,1,0.04752005154732176,0,0.47291210921445154
S3,RawMaterial,43.52,46,12,0.0758183110270167,0.6893743618400938,1,0.870150849993985,4096.35,4,0.1323734070520532,1,0.522084396126447
S1,RawMaterial,51.02,49,4,0.08231128908522649,0.7465308668189244,0,0.8908158279214103,1752.0,9,0.03552048340749712,0,0.5011833353883511
S4,Office,25.93,30,8,0.03412895833599671,0.1476666111414876,0,0.9630057097113373,3374.56,5,0.020531998461968147,1,0.1559815113285487
S3,Electronics,67.06,3,11,0.07646268910277948,0.8251161619793714,1,0.9484230118309241,3166.22,7,0.08642086424258552,0,0.5965799324898853
S4,Electronics,42.77,28,11,0.06376753574768151,0.09414856615046996,0,1.0888818238673852,3843.55,0,0.0458815142896512,1,0.154190828986015
S1,Electronics,86.71,33,10,0.09579160868403928,0.5195834681568073,1,0.9036717474829292,4366.83,9,0.07009417399046974,1,0.41191613492786766
S3,RawMaterial,78.09,42,11,0.04247851666985476,0.44341269619787993,0,0.8228288534428214,2109.88,6,0.12300191484671048,0,0.3573626012911129
S1,Electronics,64.95,3,14,0.09923097278833547,0.22176607423555328,1,0.8221768984608925,3473.74,4,0.07810454626245941,1,0.2628289363778326
S3,Electronics,42.78,5,2,0.07403940300078714,0.3019307414472392,1,0.8045252343093252,4109.18,6,0.0773834673990558,1,0.21765598005429393
S2,Electronics,28.89,19,7,0.07762777549589975,0.16443578328890185,0,0.8152104026157351,3646.82,2,0.04172740135430867,1,0.17194980262211101
S3,RawMaterial,79.85,42,5,0.0025704860109661,0.4257261948212534,0,1.1434642698991018,4649.61,3,0.11892983467161695,0,0.29192114841032757
S4,Electronics,53.78,48,11,0.04973983513360965,0.03551092757056018,0,1.0788971671118985,2726.09,1,0.11097219360719016,0,0.11479993565384758
S3,RawMaterial,30.23,1,6,0.05283367123120252,0.8889152752961554,1,1.1983724663592168,4111.88,5,0.035118077198786964,1,0.5920564094041968
S1,Electronics,27.57,38,3,0.00406001019205996,0.1634873350365953,0,0.8081250912486827,4593.84,4,0.04800067795682074,1,0.12073897550814658
S1,Electronics,24.89,9,11,0.031213122349055503,0.8860177564559486,1,1.1396006204301277,3006.74,0,0.11829422894873115,0,0.6195460191497144
S3,Electronics,79.94,5,10,0.09556441806277963,0.8635774001340033,0,1.0784225317064973,577.82,0,0.05365767027376349,0,0.6182443369278073
S4,RawMaterial,30.61,46,7,0.042611143636013565,0.4516772071576868,1,1.0561369725905971,4181.04,7,0.060533942383964826,1,0.33378966738541616
S2,RawMaterial,57.4,42,7,0.018670198455830744,0.4977257122150923,0,0.9426128502476736,4307.15,7,0.05466184068834787,0,0.3542364868658046
S4,Electronics,50.64,34,2,0.05133387070264082,0.3019135405344814,1,0.9506909659159914,2299.33,5,0.02424487897767655,1,0.21083399981719536
S2,Office,62.16,37,1,0.003376557722046525,0.9968745999755302,1,1.1382244762041216,1530.85,8,0.051134480262436194,0,0.6062805844447892
S1,RawMaterial,88.94,33,10,0.05159886999708573,0.6707721905902234,1,1.085393551304516,4901.67,0,0.12044029546557122,0,0.4893715467818312
S4,RawMaterial,88.1,25,2,0.05942683060300879,0.9518082859355522,1,1.0681266321409244,2982.31,9,0.07366130315656338,0,0.6031987350279482
S2,Electronics,50.6,42,12,0.03576943625530062,0.4147968443881781,1,0.8122597313799109,2822.81,7,0.06873262249139543,1,0.3453232232237827
S3,Office,11.38,29,8,0.07625761980935597,0.8830165794327863,1,0.8737278542554843,4757.33,1,0.02345267644137446,1,0.6098300907453358
S1,Electronics,48.38,25,11,0.013571407700100535,0.448234633217067,0,1.185049784094804,2336.44,7,0.026635475779579264,0,0.3515836308116989
S3,RawMaterial,64.56,9,10,0.08781834098806968,0.8668288721013125,1,0.981748499916075,4316.61,2,0.006442524652517867,0,0.6178713969857798
S1,RawMaterial,60.2,3,3,0.09554449103904203,0.13092655949485965,0,1.1125572920896951,3652.93,5,0.002093329728483556,1,0.1286478544371998
S4,Electronics,68.62,15,11,0.00012345246028885314,0.6368544267685091,0,0.9557300904889694,4854.72,6,0.07320210571093232,0,0.4607211203706207
S4,Electronics,23.87,4,4,0.08427216600431593,0.6787035148391467,0,1.1057291508572689,2428.93,2,0.06138485328194474,0,0.4610751872762114
S1,Office,68.19,45,8,0.05061051489073335,0.6561706972864274,0,0.8476850272422045,4584.32,1,0.041306635771735926,0,0.4660284299819336
S1,Office,26.44,38,3,0.046140563383851675,0.44702761803934365,0,0.8168512078509191,3059.96,0,0.14850698105271226,0,0.3034873112673331
S1,RawMaterial,77.55,20,6,0.023867910687438113,0.6839161100307959,0,0.9864706286082474,2641.44,4,0.059699429348175855,0,0.4603671820818518
S4,Office,40.52,49,2,0.04473250411116367,0.23946310081659306,0,1.036658478689798,1875.49,0,0.11832703486974239,1,0.1713833260090192
S2,Office,73.89,23,3,0.09504271496301375,0.5958485944970862,1,0.9294807565225766,2987.14,0,0.03158183899973351,1,0.4074505426157272
S3,RawMaterial,14.31,37,1,0.021078763395438373,0.5542349244493292,0,1.0864018511919113,3076.48,4,0.03705618129131245,0,0.34600744083108614
S3,RawMaterial,46.71,47,9,0.017904123845076236,0.31833952213042693,0,0.9983278595549137,4542.76,2,0.08525870507771151,0,0.26066066471749333
S4,RawMaterial,73.45,8,4,0.024189630405944795,0.7788638089812294,1,1.171326739017377,3668.28,9,0.0006042404553290248,1,0.5031466030819497
S3,RawMaterial,30.42,37,6,0.05518341943372665,0.08087206545868098,1,0.8339962069920916,4219.13,2,0.0026138192863350064,1,0.10793540796246943
S1,Electronics,81.58,45,7,0.09302998154332999,0.17143966129207,0,0.8266273457604321,3961.09,6,0.021332808172429222,0,0.18077279123824103
S2,RawMaterial,66.77,33,2,0.05738815907652576,0.4711500396194378,1,1.1620487408987943,1744.91,2,0.03346815615464446,1,0.3141921857803347
S3,RawMaterial,62.88,33,8,0.024348247660582092,0.8917366979250957,0,1.0676428531229636,1426.09,1,0.07917742736996576,0,0.5994893501960892
S2,RawMaterial,41.82,7,12,0.04404523153212621,0.5751595545279473,1,1.0684473152526153,1663.17,2,0.10293441462241897,1,0.44402358789069196
S1,Office,53.42,22,9,0.03904001317857458,0.8420668509391931,0,0.8110220889123065,1159.61,3,0.046781799598203846,0,0.5812378288028025
S3,RawMaterial,63.76,5,14,0.004656946986243727,0.5175697191475933,1,1.1750700901954392,2236.83,8,0.03586064040056762,0,0.4119389155844291
S4,Electronics,52.52,46,10,0.05106418485290586,0.7854559686109459,0,1.1087300223721863,3442.55,1,0.12342167677399815,0,0.5580214080510107
S2,Electronics,72.85,15,11,0.012600638663367381,0.3257973947456252,1,1.1057259271225388,2916.4,5,0.02441654770210137,1,0.27783005701781394
S1,RawMaterial,49.03,21,2,0.0842244042083875,0.815142317187638,0,1.1647718565388174,3556.46,4,0.10174898325868201,0,0.5286384258608132
S2,Electronics,28.2,25,5,0.054896290929589676,0.40168607056576877,1,1.031261266436123,2102.44,5,0.13969957746238063,1,0.29319481533262387
S3,Office,29.25,17,2,0.08446064826173759,0.5588311614118561,1,0.9578665562255225,1423.75,4,0.03483163653641108,1,0.37492260561134916
S3,RawMaterial,10.52,7,11,0.09560446873780412,0.17588149153016097,1,0.9922716674342003,1412.41,5,0.013044804827422445,1,0.21278166411086638
S4,Electronics,37.09,19,5,0.09431882907502764,0.9204330241055566,1,1.1108962813268624,3203.88,3,0.14696383410240157,0,0.616269748900128
S1,Electronics,77.4,7,7,0.010042933430755374,0.701459119437275,1,1.1074919930055407,1239.33,7,0.040616069418187746,1,0.4738883516915916
S1,RawMaterial,81.47,40,6,0.0944817071550007,0.8588548191493789,0,1.043834648571094,2287.25,8,0.041349481359000725,0,0.5865145464932704
S4,Electronics,28.22,45,4,0.07957472077895102,0.20786290715543243,0,0.8872321439839005,1457.75,9,0.07256584370069956,0,0.17716158909837335
S4,RawMaterial,96.31,24,14,0.07776581052607912,0.06768435526923644,0,1.127553636538814,3482.42,6,0.03465864885692192,1,0.1639403563193656
S1,Electronics,55.22,11,2,0.00901285402681754,0.33720926331101475,1,1.0588966272840787,3269.39,0,0.14893085331503536,1,0.21931512848036838
S2,Office,92.53,41,7,0.01795147022835991,0.5166853909549318,1,0.8885048083579637,2215.06,4,0.0064448828804315956,1,0.36539667564146705
S2,Electronics,73.61,1,12,0.09751633799147685,0.8023698829590352,1,0.9922577799029348,1079.23,6,0.06772096183984623,0,0.5963911168871499
S4,Electronics,75.02,32,10,0.021337015715529442,0.39772641550608834,0,1.1988825322991432,1453.18,4,0.08225201025945003,0,0.3164655254468833
S2,RawMaterial,17.65,40,9,0.016905333016740066,0.2699583249010582,0,0.9313519356321587,2624.94,4,0.07004262869208734,1,0.2313323091313712
S1,Electronics,29.8,44,1,0.03623516187094679,0.37254511241538046,0,0.8466242459083404,4874.37,4,0.07807844592943051,1,0.24154047315336943
S3,RawMaterial,10.79,2,3,0.09133561975348903,0.7036074104611557,1,0.8086669668736672,1718.49,4,0.14813687163255965,1,0.47099370363131154
S3,Office,74.45,15,7,0.04761934635565556,0.336218096951017,1,0.8738529428641719,1360.36,4,0.13153523758051863,1,0.2660166620773069
S2,RawMaterial,41.0,21,14,0.09205837190890866,0.9791656263551416,1,0.8747865224254852,1493.08,0,0.04626655189441674,1,0.7151168873857575
S4,RawMaterial,80.8,24,9,0.03343387804152357,0.17497908872073964,0,1.1432273779465263,3686.63,5,0.08272155737861579,0,0.17930333093061512
S4,Electronics,40.5,17,13,0.022652864522699934,0.7530961246340027,1,0.8624618996790026,4616.08,5,4.665187932012538e-05,1,0.5515106769943544
S4,Office,83.74,47,5,0.049520300885103556,0.5891636123824232,1,1.1450603767513723,838.27,7,0.061435350206057796,0,0.4040685434092707
S4,RawMaterial,21.76,9,7,0.06154768902618886,0.23309560015654174,1,0.8346866033772559,3871.8,4,0.02458113342929526,1,0.2083216668017817
S4,Electronics,25.6,35,10,0.039149899861355614,0.7536136371406785,0,1.1626577199402535,2725.73,1,0.10670408861634896,0,0.5353417236713852
S2,Electronics,40.68,20,7,0.03460305095945317,0.4475402105578512,0,0.902541400768535,4213.36,6,0.03316343664504172,0,0.3289050416225467
S3,RawMaterial,46.76,19,4,0.021805928477324668,0.6823982755430202,0,1.0445992247960811,2396.77,0,0.11233434682674125,0,0.4445521724404381
S3,Electronics,41.38,18,5,0.027500676622177145,0.6622572451646421,1,0.8638908739115249,523.47,4,0.04697397509701093,1,0.4413188357997241
S2,RawMaterial,78.73,20,2,0.06731179631523009,0.11064343324806625,1,0.9560222526694426,3572.58,4,0.13887429319670638,1,0.10086531312912306
S4,RawMaterial,18.73,30,8,0.03698735386136779,0.8399830248617473,0,0.8343071218733799,4135.87,2,0.06681249025520193,0,0.5722288782183158
S2,RawMaterial,41.61,40,12,0.00797570417210285,0.681474906378319,1,1.031811281702737,4559.09,1,0.12592765795107735,1,0.496991940792908
S3,Office,85.35,1,1,0.013815538995253463,0.7805867126366647,1,0.9383509946112751,3060.73,3,0.09422490045585197,0,0.47963954642343193
S1,RawMaterial,16.01,24,2,0.037237918839111074,0.44776583496406874,1,1.140860033444864,1049.22,6,0.14660973223552054,1,0.2941165909158888
S2,Electronics,94.81,24,12,0.0924502429847862,0.19506172170279656,0,0.8727265913196911,2164.26,9,0.11140841260681268,0,0.2304863916313995
S4,Office,98.77,47,3,0.037903026164598036,0.3262135237473315,0,0.9119952257685248,4029.13,2,0.10915549834670785,0,0.22852759352634974
S3,Electronics,17.97,19,7,0.006064207745167527,0.9014692283942561,0,0.8709018709509174,2724.86,5,0.039729897367397786,0,0.5927007993601039
S3,Office,36.21,30,6,0.04179942578800159,0.9380186018514284,1,1.025529112094412,3646.6,6,0.07572896264588104,0,0.6182081317044004
S3,Office,43.52,26,14,0.06688175939601658,0.48186639852728774,0,0.844698873504995,521.1,1,0.04351705330284577,0,0.40918436693517757
S3,Office,79.88,42,7,0.0593596134948221,0.29879557514939414,0,0.875742802104342,828.51,2,0.0028940155527605537,0,0.24708522913808312
S4,Office,63.63,44,11,0.02788029623860301,0.7303111241084977,0,1.0713959773768047,3565.24,8,0.10658779989768502,0,0.5251221919081082
S1,Electronics,67.99,38,5,0.0688088923048694,0.765993010266275,0,0.8297658106143762,1805.91,0,0.0353754749556403,0,0.5159527595655116
S3,RawMaterial,78.18,29,14,0.06306243738653325,0.8154662974069145,0,1.0972654688377919,2246.84,7,0.059598604551418126,0,0.6081985096601086
S2,Electronics,20.62,13,4,0.01721729688289686,0.031083810722495997,1,0.8417333956337655,3389.6,0,0.04269581807607994,1,0.05238690406979522
S1,RawMaterial,84.99,4,7,0.016214500356824504,0.009733872396633148,1,1.0341955038335218,1004.07,2,0.029945378469547566,1,0.060704673545027246
S3,Electronics,73.51,45,3,0.054718308206794075,0.35715562828185254,1,1.1991237822331793,4247.19,5,0.010067898657563018,1,0.2521374408597212
S1,Office,61.96,17,13,0.06594385611161038,0.1524966177765098,1,0.8695571627156002,1149.95,7,0.05068348631569295,1,0.20413827035653187
S2,Office,90.08,33,10,0.09619105848602608,0.8049818585141144,1,0.9044345274665258,3799.77,6,0.012261738528180383,1,0.5832750040828478
S3,RawMaterial,73.03,5,7,0.042193063073177973,0.5328438535786423,1,1.159370661595621,1817.38,2,0.08104787106048343,1,0.38236423106913875
S2,RawMaterial,28.15,28,2,0.07649392396719135,0.8253481263617978,0,1.0505146138017087,1669.87,5,0.0029436155642206916,0,0.5324427672929503
S4,Electronics,48.68,24,12,0.011652074729137641,0.17691307674413514,1,0.9970125195217243,4195.69,0,0.14100298194642896,1,0.1953577541795081
